web_scraper_order,web_scraper_start_url,type_chaussure,prix,adresse,image_lien
"1771244232-1","https://sn.coinafrique.com/categorie/chaussures-enfants?8","Chaussures bébé et enfants","Prix sur demande","Dakar Plateau, Dakar, Sénégal","https://images.coinafrique.com/thumb_5758574_uploaded_image1_1770232202.jpg"
"1771244232-2","https://sn.coinafrique.com/categorie/chaussures-enfants?8","Chaussures bébé et enfants","Prix sur demande","Dakar Plateau, Dakar, Sénégal","https://images.coinafrique.com/thumb_5758573_uploaded_image1_1770232189.jpg"
"1771244232-3","https://sn.coinafrique.com/categorie/chaussures-enfants?8","Chaussures bébé et enfants","Prix sur demande","Dakar Plateau, Dakar, Sénégal","https://images.coinafrique.com/thumb_5758572_uploaded_image1_1770232144.jpg"
"1771244232-4","https://sn.coinafrique.com/categorie/chaussures-enfants?8","Chaussures bébés et enfants","Prix sur demande","Dakar, Sénégal","https://images.coinafrique.com/thumb_5758569_uploaded_image1_1770231833.jpg"
"1771244232-5","https://sn.coinafrique.com/categorie/chaussures-enfants?8","Chaussures enfants","500CFA","Mermoz-Sacré Coeur, Dakar, Sénégal","https://images.coinafrique.com/thumb_5726987_uploaded_image2_1768721889.jpeg"
"1771244232-6","https://sn.coinafrique.com/categorie/chaussures-enfants?8","Chaussures enfants","20 000CFA","Dakar, Sénégal","https://images.coinafrique.com/thumb_5698980_uploaded_image1_1767320096.jpg"
"1771244232-7","https://sn.coinafrique.com/categorie/chaussures-enfants?8","Chaussures enfants","20 000CFA","Dakar Plateau, Dakar, Sénégal","https://images.coinafrique.com/thumb_5698971_uploaded_image1_1767319248.jpg"
"1771244232-8","https://sn.coinafrique.com/categorie/chaussures-enfants?8","Chaussures enfants","15 000CFA","Dakar Plateau, Dakar, Sénégal","https://images.coinafrique.com/thumb_5662804_uploaded_image1_1765242328.jpg"
"1771244232-9","https://sn.coinafrique.com/categorie/chaussures-enfants?8","Chaussures enfants","15 000CFA","Dakar, Sénégal","https://images.coinafrique.com/thumb_5662795_uploaded_image1_1765241951.jpg"
"1771244232-10","https://sn.coinafrique.com/categorie/chaussures-enfants?8","Chaussures enfants","5 000CFA","Ouest Foire, Dakar, Sénégal","https://images.coinafrique.com/thumb_5606532_uploaded_image1_1762343319.jpg"
"1771244232-11","https://sn.coinafrique.com/categorie/chaussures-enfants?8","Chaussures enfants","5 000CFA","Grand Dakar, Dakar, Sénégal","https://images.coinafrique.com/thumb_5584411_uploaded_image1_1761044461.jpg"
"1771244232-12","https://sn.coinafrique.com/categorie/chaussures-enfants?8","Baskets Adidas enfants","15 000CFA","Dakar, Sénégal","https://images.coinafrique.com/thumb_5578754_uploaded_image1_1760708246.jpg"
"1771244232-13","https://sn.coinafrique.com/categorie/chaussures-enfants?8","Baskets Nike","14 000CFA","Colobane, Dakar, Sénégal","https://images.coinafrique.com/thumb_5568313_uploaded_image1_1760122555.jpg"
"1771244232-14","https://sn.coinafrique.com/categorie/chaussures-enfants?8","Chaussures enfants","18 000CFA","Dakar, Sénégal","https://images.coinafrique.com/thumb_5556000_uploaded_image1_1759458374.jpg"
"1771244232-15","https://sn.coinafrique.com/categorie/chaussures-enfants?8","Chaussures enfant","2 000CFA","Dakar Plateau, Dakar, Sénégal","https://images.coinafrique.com/thumb_5555999_uploaded_image1_1759458125.jpg"
"1771244232-16","https://sn.coinafrique.com/categorie/chaussures-enfants?8","Baskets Nike TN pour enfants","20 000CFA","Dakar, Sénégal","https://images.coinafrique.com/thumb_5553767_uploaded_image1_1759362000.jpg"
"1771244232-17","https://sn.coinafrique.com/categorie/chaussures-enfants?8","Chaussures Jordan enfants","20 000CFA","Dakar Plateau, Dakar, Sénégal","https://images.coinafrique.com/thumb_5551856_uploaded_image1_1759301538.jpg"
"1771244232-18","https://sn.coinafrique.com/categorie/chaussures-enfants?8","Chaussures Jordan enfants","20 000CFA","Dakar, Sénégal","https://images.coinafrique.com/thumb_5551836_uploaded_image1_1759300588.jpg"
"1771244232-19","https://sn.coinafrique.com/categorie/chaussures-enfants?8","Chaussures enfants","5 000CFA","Mbao, Dakar, Sénégal","https://images.coinafrique.com/thumb_5545268_uploaded_image1_1758910584.jpg"
"1771244232-20","https://sn.coinafrique.com/categorie/chaussures-enfants?8","Chaussures enfant","Prix sur demande","Yoff, Dakar, Sénégal","https://images.coinafrique.com/thumb_5542655_uploaded_image1_1758784796.jpg"
"1771244232-21","https://sn.coinafrique.com/categorie/chaussures-enfants?8","Chaussures enfants","Prix sur demande","Yoff, Dakar, Sénégal","https://images.coinafrique.com/thumb_5540293_uploaded_image1_1758655238.jpg"
"1771244232-22","https://sn.coinafrique.com/categorie/chaussures-enfants?8","Chaussures enfants","18 000CFA","Dakar, Sénégal","https://images.coinafrique.com/thumb_5515698_uploaded_image1_1757382428.jpg"
"1771244232-23","https://sn.coinafrique.com/categorie/chaussures-enfants?8","Chaussures enfants","15 000CFA","Dakar Plateau, Dakar, Sénégal","https://images.coinafrique.com/thumb_5515694_uploaded_image1_1757382135.jpg"
"1771244232-24","https://sn.coinafrique.com/categorie/chaussures-enfants?8","Chaussures pour enfants","15 000CFA","Dakar Plateau, Dakar, Sénégal","https://images.coinafrique.com/thumb_5512056_uploaded_image1_1757170918.jpg"
"1771244232-25","https://sn.coinafrique.com/categorie/chaussures-enfants?8","Chaussures enfants et bébés","20 000CFA","Dakar, Sénégal","https://images.coinafrique.com/thumb_5507047_uploaded_image1_1756915193.jpg"
"1771244232-26","https://sn.coinafrique.com/categorie/chaussures-enfants?8","Chaussures enfants","Prix sur demande","Dakar, Sénégal","https://images.coinafrique.com/thumb_5503839_uploaded_image1_1756775841.jpg"
"1771244232-27","https://sn.coinafrique.com/categorie/chaussures-enfants?8","Chaussures enfants","Prix sur demande","Dakar Plateau, Dakar, Sénégal","https://images.coinafrique.com/thumb_5503837_uploaded_image2_1756775448.jpeg"
"1771244232-28","https://sn.coinafrique.com/categorie/chaussures-enfants?8","Chaussures enfants","Prix sur demande","Dakar, Sénégal","https://images.coinafrique.com/thumb_5494505_uploaded_image1_1756248709.jpg"
"1771244232-29","https://sn.coinafrique.com/categorie/chaussures-enfants?8","Bottes de pluie pour fille de 3 ans","15 000CFA","Parcelle Assainies, Dakar, Sénégal","https://images.coinafrique.com/thumb_5491455_uploaded_image1_1756082236.jpg"
"1771244232-30","https://sn.coinafrique.com/categorie/chaussures-enfants?8","Chaussures enfants","7 000CFA","Dakar, Sénégal","https://images.coinafrique.com/thumb_5416770_uploaded_image1_1752155346.jpg"
"1771244232-31","https://sn.coinafrique.com/categorie/chaussures-enfants?8","Chaussures enfants","7 000CFA","Dakar, Sénégal","https://images.coinafrique.com/thumb_5416767_uploaded_image1_1752155258.jpg"
"1771244232-32","https://sn.coinafrique.com/categorie/chaussures-enfants?8","Chaussures enfants","8 000CFA","Dakar Plateau, Dakar, Sénégal","https://images.coinafrique.com/thumb_5388880_uploaded_image1_1750707623.jpg"
"1771244232-33","https://sn.coinafrique.com/categorie/chaussures-enfants?8","Chaussures enfants","Prix sur demande","Ouakam, Dakar, Sénégal","https://images.coinafrique.com/thumb_5327025_uploaded_image1_1747213897.jpg"
"1771244232-34","https://sn.coinafrique.com/categorie/chaussures-enfants?8","Chaussures enfants","15 000CFA","Dakar Plateau, Dakar, Sénégal","https://images.coinafrique.com/thumb_5323154_uploaded_image1_1747018204.jpg"
"1771244232-35","https://sn.coinafrique.com/categorie/chaussures-enfants?8","Chaussures enfants","3 500CFA","Mermoz-Sacré Coeur, Dakar, Sénégal","https://images.coinafrique.com/thumb_5294713_uploaded_image1_1745421584.jpg"
"1771244232-36","https://sn.coinafrique.com/categorie/chaussures-enfants?8","Chaussures enfants","3 500CFA","Mermoz-Sacré Coeur, Dakar, Sénégal","https://images.coinafrique.com/thumb_5294302_uploaded_image1_1745410325.jpg"
"1771244232-37","https://sn.coinafrique.com/categorie/chaussures-enfants?8","Chaussures enfant","18 000CFA","Fass, Dakar, Sénégal","https://images.coinafrique.com/thumb_5284799_uploaded_image1_1744814056.jpg"
"1771244232-38","https://sn.coinafrique.com/categorie/chaussures-enfants?8","Chaussures enfant","18 000CFA","Fass, Dakar, Sénégal","https://images.coinafrique.com/thumb_5284783_uploaded_image1_1744813725.jpg"
"1771244232-39","https://sn.coinafrique.com/categorie/chaussures-enfants?8","Chaussures pour enfants","15 000CFA","Dakar Plateau, Dakar, Sénégal","https://images.coinafrique.com/thumb_5269411_uploaded_image1_1744009165.jpg"
"1771244232-40","https://sn.coinafrique.com/categorie/chaussures-enfants?8","Chaussures enfants","2 000CFA","Dakar, Sénégal","https://images.coinafrique.com/thumb_5253810_uploaded_image1_1743097199.jpg"
"1771244232-41","https://sn.coinafrique.com/categorie/chaussures-enfants?8","Chaussures enfants","20 000CFA","Dakar, Sénégal","https://images.coinafrique.com/thumb_5231318_uploaded_image1_1741923251.jpg"
"1771244232-42","https://sn.coinafrique.com/categorie/chaussures-enfants?8","Chaussures enfants","15 000CFA","Dakar Plateau, Dakar, Sénégal","https://images.coinafrique.com/thumb_5231304_uploaded_image1_1741922219.jpg"
"1771244232-43","https://sn.coinafrique.com/categorie/chaussures-enfants?8","Chaussures enfant","8 500CFA","Fass, Dakar, Sénégal","https://images.coinafrique.com/thumb_5181134_uploaded_image1_1739295232.jpg"
"1771244232-44","https://sn.coinafrique.com/categorie/chaussures-enfants?8","Chaussures enfant","7 000CFA","Fass, Dakar, Sénégal","https://images.coinafrique.com/thumb_5181139_uploaded_image1_1739295381.jpg"
"1771244232-45","https://sn.coinafrique.com/categorie/chaussures-enfants?8","Chaussures enfant","10 000CFA","Fass, Dakar, Sénégal","https://images.coinafrique.com/thumb_5181147_uploaded_image1_1739295472.jpg"
"1771244232-46","https://sn.coinafrique.com/categorie/chaussures-enfants?8","Baskets Nike Jordan","20 000CFA","Mbao, Dakar, Sénégal","https://images.coinafrique.com/thumb_5210436_uploaded_image1_1740934512.jpg"
"1771244232-47","https://sn.coinafrique.com/categorie/chaussures-enfants?8","Ballerines enfants","12 000CFA","Dakar, Sénégal","https://images.coinafrique.com/thumb_5141832_uploaded_image1_1737242187.jpg"
"1771244232-48","https://sn.coinafrique.com/categorie/chaussures-enfants?8","Chaussures enfants","2 000CFA","Dakar Plateau, Dakar, Sénégal","https://images.coinafrique.com/thumb_5125946_uploaded_image1_1736370156.jpg"
"1771244232-49","https://sn.coinafrique.com/categorie/chaussures-enfants?8","Baskets enfant","3 500CFA","Parcelle Assainies, Dakar, Sénégal","https://images.coinafrique.com/thumb_5080430_uploaded_image1_1733555952.jpg"
"1771244232-50","https://sn.coinafrique.com/categorie/chaussures-enfants?8","Basket","5 000CFA","Parcelle Assainies, Dakar, Sénégal","https://images.coinafrique.com/thumb_5080428_uploaded_image1_1733555768.jpg"
"1771244232-51","https://sn.coinafrique.com/categorie/chaussures-enfants?8","Claquettes","8 450CFA","Fass, Dakar, Sénégal","https://images.coinafrique.com/thumb_5047806_uploaded_image1_1731804849.jpg"
"1771244232-52","https://sn.coinafrique.com/categorie/chaussures-enfants?8","Ensemble chaussures et chaussettes pour bebe","1 800CFA","Dakar Plateau, Dakar, Sénégal","https://images.coinafrique.com/thumb_5037805_uploaded_image1_1731321094.jpg"
"1771244232-53","https://sn.coinafrique.com/categorie/chaussures-enfants?8","Ballerines enfants","Prix sur demande","Dakar, Sénégal","https://images.coinafrique.com/thumb_5002639_uploaded_image1_1729418695.jpg"
"1771244232-54","https://sn.coinafrique.com/categorie/chaussures-enfants?8","Baskets Nike Air Max","6 000CFA","Yoff, Dakar, Sénégal","https://images.coinafrique.com/thumb_4979173_uploaded_image1_1728164387.jpg"
"1771244232-55","https://sn.coinafrique.com/categorie/chaussures-enfants?8","Jordan enfants","20 000CFA","Dakar, Sénégal","https://images.coinafrique.com/thumb_4976138_uploaded_image1_1728002356.jpg"
"1771244232-56","https://sn.coinafrique.com/categorie/chaussures-enfants?8","jordans enfants","20 000CFA","Dakar Plateau, Dakar, Sénégal","https://images.coinafrique.com/thumb_4969624_uploaded_image1_1727758825.jpg"
"1771244232-57","https://sn.coinafrique.com/categorie/chaussures-enfants?8","Chaussures enfant","4 000CFA","Dakar, Sénégal","https://images.coinafrique.com/thumb_4950665_uploaded_image1_1726682392.jpg"
"1771244232-58","https://sn.coinafrique.com/categorie/chaussures-enfants?8","Chaussures enfants","13 000CFA","Dakar Plateau, Dakar, Sénégal","https://images.coinafrique.com/thumb_4934544_uploaded_image1_1725833379.jpg"
"1771244232-59","https://sn.coinafrique.com/categorie/chaussures-enfants?8","Baskets Nike enfants","15 000CFA","Dakar Plateau, Dakar, Sénégal","https://images.coinafrique.com/thumb_4930603_uploaded_image1_1725607998.jpg"
"1771244232-60","https://sn.coinafrique.com/categorie/chaussures-enfants?8","Baskets Jordan enfants","15 000CFA","Dakar Plateau, Dakar, Sénégal","https://images.coinafrique.com/thumb_4930596_uploaded_image1_1725607117.jpg"
"1771244232-61","https://sn.coinafrique.com/categorie/chaussures-enfants?8","Chaussures enfant","17 000CFA","Dakar, Sénégal","https://images.coinafrique.com/thumb_4928091_uploaded_image1_1725487369.jpg"
"1771244232-62","https://sn.coinafrique.com/categorie/chaussures-enfants?8","Baskets  Jordan enfants","16 000CFA","Dakar, Sénégal","https://images.coinafrique.com/thumb_4928088_uploaded_image1_1725487276.jpg"
"1771244232-63","https://sn.coinafrique.com/categorie/chaussures-enfants?8","Baskets Jordan 6","11 000CFA","Rufisque, Sénégal","https://images.coinafrique.com/thumb_4921251_uploaded_image1_1725193733.jpg"
"1771244232-64","https://sn.coinafrique.com/categorie/chaussures-enfants?8","Baskets Nike React","9 000CFA","Rufisque, Sénégal","https://images.coinafrique.com/thumb_4921241_uploaded_image1_1725193496.jpg"
"1771244232-65","https://sn.coinafrique.com/categorie/chaussures-enfants?8","Baskets enfant","8 000CFA","Rufisque, Sénégal","https://images.coinafrique.com/thumb_4921233_uploaded_image1_1725193317.jpg"
"1771244232-66","https://sn.coinafrique.com/categorie/chaussures-enfants?8","Chaussures enfant","20 000CFA","Dakar Plateau, Dakar, Sénégal","https://images.coinafrique.com/thumb_4870683_uploaded_image2_1722496365.jpeg"
"1771244232-67","https://sn.coinafrique.com/categorie/chaussures-enfants?8","Chaussures enfants","3 000CFA","Keur Massar, Sénégal","https://images.coinafrique.com/thumb_4797078_uploaded_image1_1718482814.jpg"
"1771244232-68","https://sn.coinafrique.com/categorie/chaussures-enfants?8","Chaussures bébé et enfant","Prix sur demande","Dakar, Sénégal","https://images.coinafrique.com/thumb_4783650_uploaded_image2_1717719898.jpeg"
"1771244232-69","https://sn.coinafrique.com/categorie/chaussures-enfants?8","Chaussures filles","25 000CFA","Dakar Plateau, Dakar, Sénégal","https://images.coinafrique.com/thumb_4781990_uploaded_image1_1717637500.jpg"
"1771244232-70","https://sn.coinafrique.com/categorie/chaussures-enfants?8","Chaussures enfants","15 000CFA","Dakar Plateau, Dakar, Sénégal","https://images.coinafrique.com/thumb_4781989_uploaded_image1_1717637364.jpg"
"1771244232-71","https://sn.coinafrique.com/categorie/chaussures-enfants?8","Chaussures enfants","8 000CFA","Dakar, Sénégal","https://images.coinafrique.com/thumb_4779994_uploaded_image1_1717548193.jpg"
"1771244232-72","https://sn.coinafrique.com/categorie/chaussures-enfants?8","Chaussures enfants","8 000CFA","Dakar, Sénégal","https://images.coinafrique.com/thumb_4779993_uploaded_image1_1717548114.jpg"
"1771244232-73","https://sn.coinafrique.com/categorie/chaussures-enfants?8","Chaussures pour enfants","2 500CFA","Pikine, Sénégal","https://images.coinafrique.com/thumb_4775765_uploaded_image1_1717362018.jpg"
"1771244232-74","https://sn.coinafrique.com/categorie/chaussures-enfants?8","Timberland enfants","7 000CFA","Dakar, Sénégal","https://images.coinafrique.com/thumb_4763656_uploaded_image1_1716765652.jpg"
"1771244232-75","https://sn.coinafrique.com/categorie/chaussures-enfants?8","Chaussures bébés Air Force","10 000CFA","Dakar Plateau, Dakar, Sénégal","https://images.coinafrique.com/thumb_4735737_uploaded_image1_1715305215.jpg"
"1771244232-76","https://sn.coinafrique.com/categorie/chaussures-enfants?8","Chaussures enfants","2 500CFA","Mermoz-Sacré Coeur, Dakar, Sénégal","https://images.coinafrique.com/thumb_4680911_uploaded_image1_1712514020.jpg"
"1771244232-77","https://sn.coinafrique.com/categorie/chaussures-enfants?8","Chaussures enfants","15 000CFA","Colobane, Dakar, Sénégal","https://images.coinafrique.com/thumb_4676405_uploaded_image1_1712262646.jpg"
"1771244232-78","https://sn.coinafrique.com/categorie/chaussures-enfants?8","Chaussures pour enfant","Prix sur demande","Yoff, Dakar, Sénégal","https://images.coinafrique.com/thumb_4656153_uploaded_image1_1711205088.jpg"
"1771244232-79","https://sn.coinafrique.com/categorie/chaussures-enfants?8","Pantoufles  enfants","2 500CFA","Grand Yoff, Dakar, Sénégal","https://images.coinafrique.com/thumb_4632466_uploaded_image1_1709901740.jpg"
"1771244232-80","https://sn.coinafrique.com/categorie/chaussures-enfants?8","Pantoufle enfants","2 500CFA","Mbao, Dakar, Sénégal","https://images.coinafrique.com/thumb_4626680_uploaded_image1_1709644598.jpg"
"1771244232-81","https://sn.coinafrique.com/categorie/chaussures-enfants?8","Chaussures enfant Ogiy","17 000CFA","Grand Yoff, Dakar, Sénégal","https://images.coinafrique.com/thumb_4623157_uploaded_image1_1709480174.jpg"
"1771244232-82","https://sn.coinafrique.com/categorie/chaussures-enfants?8","Chaussures enfants","6 500CFA","Sipres, Dakar, Sénégal","https://images.coinafrique.com/thumb_4608262_uploaded_image1_1708692132.jpg"
"1771244232-83","https://sn.coinafrique.com/categorie/chaussures-enfants?8","Chaussures enfants","6 500CFA","Sipres, Dakar, Sénégal","https://images.coinafrique.com/thumb_4608259_uploaded_image1_1708692072.jpg"
"1771244232-84","https://sn.coinafrique.com/categorie/chaussures-enfants?8","Chaussures enfant","6 000CFA","Dieuppeul-Derklé, Dakar, Sénégal","https://images.coinafrique.com/thumb_4566463_uploaded_image1_1706455557.jpg"
"1771244240-85","https://sn.coinafrique.com/categorie/chaussures-enfants?7","Chaussures bébé et enfants","Prix sur demande","Dakar Plateau, Dakar, Sénégal","https://images.coinafrique.com/thumb_5758574_uploaded_image1_1770232202.jpg"
"1771244240-86","https://sn.coinafrique.com/categorie/chaussures-enfants?7","Chaussures bébé et enfants","Prix sur demande","Dakar Plateau, Dakar, Sénégal","https://images.coinafrique.com/thumb_5758573_uploaded_image1_1770232189.jpg"
"1771244240-87","https://sn.coinafrique.com/categorie/chaussures-enfants?7","Chaussures bébé et enfants","Prix sur demande","Dakar Plateau, Dakar, Sénégal","https://images.coinafrique.com/thumb_5758572_uploaded_image1_1770232144.jpg"
"1771244240-88","https://sn.coinafrique.com/categorie/chaussures-enfants?7","Chaussures bébés et enfants","Prix sur demande","Dakar, Sénégal","https://images.coinafrique.com/thumb_5758569_uploaded_image1_1770231833.jpg"
"1771244240-89","https://sn.coinafrique.com/categorie/chaussures-enfants?7","Chaussures enfants","500CFA","Mermoz-Sacré Coeur, Dakar, Sénégal","https://images.coinafrique.com/thumb_5726987_uploaded_image2_1768721889.jpeg"
"1771244240-90","https://sn.coinafrique.com/categorie/chaussures-enfants?7","Chaussures enfants","20 000CFA","Dakar, Sénégal","https://images.coinafrique.com/thumb_5698980_uploaded_image1_1767320096.jpg"
"1771244240-91","https://sn.coinafrique.com/categorie/chaussures-enfants?7","Chaussures enfants","20 000CFA","Dakar Plateau, Dakar, Sénégal","https://images.coinafrique.com/thumb_5698971_uploaded_image1_1767319248.jpg"
"1771244240-92","https://sn.coinafrique.com/categorie/chaussures-enfants?7","Chaussures enfants","15 000CFA","Dakar Plateau, Dakar, Sénégal","https://images.coinafrique.com/thumb_5662804_uploaded_image1_1765242328.jpg"
"1771244240-93","https://sn.coinafrique.com/categorie/chaussures-enfants?7","Chaussures enfants","15 000CFA","Dakar, Sénégal","https://images.coinafrique.com/thumb_5662795_uploaded_image1_1765241951.jpg"
"1771244240-94","https://sn.coinafrique.com/categorie/chaussures-enfants?7","Chaussures enfants","5 000CFA","Ouest Foire, Dakar, Sénégal","https://images.coinafrique.com/thumb_5606532_uploaded_image1_1762343319.jpg"
"1771244240-95","https://sn.coinafrique.com/categorie/chaussures-enfants?7","Chaussures enfants","5 000CFA","Grand Dakar, Dakar, Sénégal","https://images.coinafrique.com/thumb_5584411_uploaded_image1_1761044461.jpg"
"1771244240-96","https://sn.coinafrique.com/categorie/chaussures-enfants?7","Baskets Adidas enfants","15 000CFA","Dakar, Sénégal","https://images.coinafrique.com/thumb_5578754_uploaded_image1_1760708246.jpg"
"1771244240-97","https://sn.coinafrique.com/categorie/chaussures-enfants?7","Baskets Nike","14 000CFA","Colobane, Dakar, Sénégal","https://images.coinafrique.com/thumb_5568313_uploaded_image1_1760122555.jpg"
"1771244240-98","https://sn.coinafrique.com/categorie/chaussures-enfants?7","Chaussures enfants","18 000CFA","Dakar, Sénégal","https://images.coinafrique.com/thumb_5556000_uploaded_image1_1759458374.jpg"
"1771244240-99","https://sn.coinafrique.com/categorie/chaussures-enfants?7","Chaussures enfant","2 000CFA","Dakar Plateau, Dakar, Sénégal","https://images.coinafrique.com/thumb_5555999_uploaded_image1_1759458125.jpg"
"1771244240-100","https://sn.coinafrique.com/categorie/chaussures-enfants?7","Baskets Nike TN pour enfants","20 000CFA","Dakar, Sénégal","https://images.coinafrique.com/thumb_5553767_uploaded_image1_1759362000.jpg"
"1771244240-101","https://sn.coinafrique.com/categorie/chaussures-enfants?7","Chaussures Jordan enfants","20 000CFA","Dakar Plateau, Dakar, Sénégal","https://images.coinafrique.com/thumb_5551856_uploaded_image1_1759301538.jpg"
"1771244240-102","https://sn.coinafrique.com/categorie/chaussures-enfants?7","Chaussures Jordan enfants","20 000CFA","Dakar, Sénégal","https://images.coinafrique.com/thumb_5551836_uploaded_image1_1759300588.jpg"
"1771244240-103","https://sn.coinafrique.com/categorie/chaussures-enfants?7","Chaussures enfants","5 000CFA","Mbao, Dakar, Sénégal","https://images.coinafrique.com/thumb_5545268_uploaded_image1_1758910584.jpg"
"1771244240-104","https://sn.coinafrique.com/categorie/chaussures-enfants?7","Chaussures enfant","Prix sur demande","Yoff, Dakar, Sénégal","https://images.coinafrique.com/thumb_5542655_uploaded_image1_1758784796.jpg"
"1771244240-105","https://sn.coinafrique.com/categorie/chaussures-enfants?7","Chaussures enfants","Prix sur demande","Yoff, Dakar, Sénégal","https://images.coinafrique.com/thumb_5540293_uploaded_image1_1758655238.jpg"
"1771244240-106","https://sn.coinafrique.com/categorie/chaussures-enfants?7","Chaussures enfants","18 000CFA","Dakar, Sénégal","https://images.coinafrique.com/thumb_5515698_uploaded_image1_1757382428.jpg"
"1771244240-107","https://sn.coinafrique.com/categorie/chaussures-enfants?7","Chaussures enfants","15 000CFA","Dakar Plateau, Dakar, Sénégal","https://images.coinafrique.com/thumb_5515694_uploaded_image1_1757382135.jpg"
"1771244240-108","https://sn.coinafrique.com/categorie/chaussures-enfants?7","Chaussures pour enfants","15 000CFA","Dakar Plateau, Dakar, Sénégal","https://images.coinafrique.com/thumb_5512056_uploaded_image1_1757170918.jpg"
"1771244240-109","https://sn.coinafrique.com/categorie/chaussures-enfants?7","Chaussures enfants et bébés","20 000CFA","Dakar, Sénégal","https://images.coinafrique.com/thumb_5507047_uploaded_image1_1756915193.jpg"
"1771244240-110","https://sn.coinafrique.com/categorie/chaussures-enfants?7","Chaussures enfants","Prix sur demande","Dakar, Sénégal","https://images.coinafrique.com/thumb_5503839_uploaded_image1_1756775841.jpg"
"1771244240-111","https://sn.coinafrique.com/categorie/chaussures-enfants?7","Chaussures enfants","Prix sur demande","Dakar Plateau, Dakar, Sénégal","https://images.coinafrique.com/thumb_5503837_uploaded_image2_1756775448.jpeg"
"1771244240-112","https://sn.coinafrique.com/categorie/chaussures-enfants?7","Chaussures enfants","Prix sur demande","Dakar, Sénégal","https://images.coinafrique.com/thumb_5494505_uploaded_image1_1756248709.jpg"
"1771244240-113","https://sn.coinafrique.com/categorie/chaussures-enfants?7","Bottes de pluie pour fille de 3 ans","15 000CFA","Parcelle Assainies, Dakar, Sénégal","https://images.coinafrique.com/thumb_5491455_uploaded_image1_1756082236.jpg"
"1771244240-114","https://sn.coinafrique.com/categorie/chaussures-enfants?7","Chaussures enfants","7 000CFA","Dakar, Sénégal","https://images.coinafrique.com/thumb_5416770_uploaded_image1_1752155346.jpg"
"1771244240-115","https://sn.coinafrique.com/categorie/chaussures-enfants?7","Chaussures enfants","7 000CFA","Dakar, Sénégal","https://images.coinafrique.com/thumb_5416767_uploaded_image1_1752155258.jpg"
"1771244240-116","https://sn.coinafrique.com/categorie/chaussures-enfants?7","Chaussures enfants","8 000CFA","Dakar Plateau, Dakar, Sénégal","https://images.coinafrique.com/thumb_5388880_uploaded_image1_1750707623.jpg"
"1771244240-117","https://sn.coinafrique.com/categorie/chaussures-enfants?7","Chaussures enfants","Prix sur demande","Ouakam, Dakar, Sénégal","https://images.coinafrique.com/thumb_5327025_uploaded_image1_1747213897.jpg"
"1771244240-118","https://sn.coinafrique.com/categorie/chaussures-enfants?7","Chaussures enfants","15 000CFA","Dakar Plateau, Dakar, Sénégal","https://images.coinafrique.com/thumb_5323154_uploaded_image1_1747018204.jpg"
"1771244240-119","https://sn.coinafrique.com/categorie/chaussures-enfants?7","Chaussures enfants","3 500CFA","Mermoz-Sacré Coeur, Dakar, Sénégal","https://images.coinafrique.com/thumb_5294713_uploaded_image1_1745421584.jpg"
"1771244240-120","https://sn.coinafrique.com/categorie/chaussures-enfants?7","Chaussures enfants","3 500CFA","Mermoz-Sacré Coeur, Dakar, Sénégal","https://images.coinafrique.com/thumb_5294302_uploaded_image1_1745410325.jpg"
"1771244240-121","https://sn.coinafrique.com/categorie/chaussures-enfants?7","Chaussures enfant","18 000CFA","Fass, Dakar, Sénégal","https://images.coinafrique.com/thumb_5284799_uploaded_image1_1744814056.jpg"
"1771244240-122","https://sn.coinafrique.com/categorie/chaussures-enfants?7","Chaussures enfant","18 000CFA","Fass, Dakar, Sénégal","https://images.coinafrique.com/thumb_5284783_uploaded_image1_1744813725.jpg"
"1771244240-123","https://sn.coinafrique.com/categorie/chaussures-enfants?7","Chaussures pour enfants","15 000CFA","Dakar Plateau, Dakar, Sénégal","https://images.coinafrique.com/thumb_5269411_uploaded_image1_1744009165.jpg"
"1771244240-124","https://sn.coinafrique.com/categorie/chaussures-enfants?7","Chaussures enfants","2 000CFA","Dakar, Sénégal","https://images.coinafrique.com/thumb_5253810_uploaded_image1_1743097199.jpg"
"1771244240-125","https://sn.coinafrique.com/categorie/chaussures-enfants?7","Chaussures enfants","20 000CFA","Dakar, Sénégal","https://images.coinafrique.com/thumb_5231318_uploaded_image1_1741923251.jpg"
"1771244240-126","https://sn.coinafrique.com/categorie/chaussures-enfants?7","Chaussures enfants","15 000CFA","Dakar Plateau, Dakar, Sénégal","https://images.coinafrique.com/thumb_5231304_uploaded_image1_1741922219.jpg"
"1771244240-127","https://sn.coinafrique.com/categorie/chaussures-enfants?7","Chaussures enfant","8 500CFA","Fass, Dakar, Sénégal","https://images.coinafrique.com/thumb_5181134_uploaded_image1_1739295232.jpg"
"1771244240-128","https://sn.coinafrique.com/categorie/chaussures-enfants?7","Chaussures enfant","7 000CFA","Fass, Dakar, Sénégal","https://images.coinafrique.com/thumb_5181139_uploaded_image1_1739295381.jpg"
"1771244240-129","https://sn.coinafrique.com/categorie/chaussures-enfants?7","Chaussures enfant","10 000CFA","Fass, Dakar, Sénégal","https://images.coinafrique.com/thumb_5181147_uploaded_image1_1739295472.jpg"
"1771244240-130","https://sn.coinafrique.com/categorie/chaussures-enfants?7","Baskets Nike Jordan","20 000CFA","Mbao, Dakar, Sénégal","https://images.coinafrique.com/thumb_5210436_uploaded_image1_1740934512.jpg"
"1771244240-131","https://sn.coinafrique.com/categorie/chaussures-enfants?7","Ballerines enfants","12 000CFA","Dakar, Sénégal","https://images.coinafrique.com/thumb_5141832_uploaded_image1_1737242187.jpg"
"1771244240-132","https://sn.coinafrique.com/categorie/chaussures-enfants?7","Chaussures enfants","2 000CFA","Dakar Plateau, Dakar, Sénégal","https://images.coinafrique.com/thumb_5125946_uploaded_image1_1736370156.jpg"
"1771244240-133","https://sn.coinafrique.com/categorie/chaussures-enfants?7","Baskets enfant","3 500CFA","Parcelle Assainies, Dakar, Sénégal","https://images.coinafrique.com/thumb_5080430_uploaded_image1_1733555952.jpg"
"1771244240-134","https://sn.coinafrique.com/categorie/chaussures-enfants?7","Basket","5 000CFA","Parcelle Assainies, Dakar, Sénégal","https://images.coinafrique.com/thumb_5080428_uploaded_image1_1733555768.jpg"
"1771244240-135","https://sn.coinafrique.com/categorie/chaussures-enfants?7","Claquettes","8 450CFA","Fass, Dakar, Sénégal","https://images.coinafrique.com/thumb_5047806_uploaded_image1_1731804849.jpg"
"1771244240-136","https://sn.coinafrique.com/categorie/chaussures-enfants?7","Ensemble chaussures et chaussettes pour bebe","1 800CFA","Dakar Plateau, Dakar, Sénégal","https://images.coinafrique.com/thumb_5037805_uploaded_image1_1731321094.jpg"
"1771244240-137","https://sn.coinafrique.com/categorie/chaussures-enfants?7","Ballerines enfants","Prix sur demande","Dakar, Sénégal","https://images.coinafrique.com/thumb_5002639_uploaded_image1_1729418695.jpg"
"1771244240-138","https://sn.coinafrique.com/categorie/chaussures-enfants?7","Baskets Nike Air Max","6 000CFA","Yoff, Dakar, Sénégal","https://images.coinafrique.com/thumb_4979173_uploaded_image1_1728164387.jpg"
"1771244240-139","https://sn.coinafrique.com/categorie/chaussures-enfants?7","Jordan enfants","20 000CFA","Dakar, Sénégal","https://images.coinafrique.com/thumb_4976138_uploaded_image1_1728002356.jpg"
"1771244240-140","https://sn.coinafrique.com/categorie/chaussures-enfants?7","jordans enfants","20 000CFA","Dakar Plateau, Dakar, Sénégal","https://images.coinafrique.com/thumb_4969624_uploaded_image1_1727758825.jpg"
"1771244240-141","https://sn.coinafrique.com/categorie/chaussures-enfants?7","Chaussures enfant","4 000CFA","Dakar, Sénégal","https://images.coinafrique.com/thumb_4950665_uploaded_image1_1726682392.jpg"
"1771244240-142","https://sn.coinafrique.com/categorie/chaussures-enfants?7","Chaussures enfants","13 000CFA","Dakar Plateau, Dakar, Sénégal","https://images.coinafrique.com/thumb_4934544_uploaded_image1_1725833379.jpg"
"1771244240-143","https://sn.coinafrique.com/categorie/chaussures-enfants?7","Baskets Nike enfants","15 000CFA","Dakar Plateau, Dakar, Sénégal","https://images.coinafrique.com/thumb_4930603_uploaded_image1_1725607998.jpg"
"1771244240-144","https://sn.coinafrique.com/categorie/chaussures-enfants?7","Baskets Jordan enfants","15 000CFA","Dakar Plateau, Dakar, Sénégal","https://images.coinafrique.com/thumb_4930596_uploaded_image1_1725607117.jpg"
"1771244240-145","https://sn.coinafrique.com/categorie/chaussures-enfants?7","Chaussures enfant","17 000CFA","Dakar, Sénégal","https://images.coinafrique.com/thumb_4928091_uploaded_image1_1725487369.jpg"
"1771244240-146","https://sn.coinafrique.com/categorie/chaussures-enfants?7","Baskets  Jordan enfants","16 000CFA","Dakar, Sénégal","https://images.coinafrique.com/thumb_4928088_uploaded_image1_1725487276.jpg"
"1771244240-147","https://sn.coinafrique.com/categorie/chaussures-enfants?7","Baskets Jordan 6","11 000CFA","Rufisque, Sénégal","https://images.coinafrique.com/thumb_4921251_uploaded_image1_1725193733.jpg"
"1771244240-148","https://sn.coinafrique.com/categorie/chaussures-enfants?7","Baskets Nike React","9 000CFA","Rufisque, Sénégal","https://images.coinafrique.com/thumb_4921241_uploaded_image1_1725193496.jpg"
"1771244240-149","https://sn.coinafrique.com/categorie/chaussures-enfants?7","Baskets enfant","8 000CFA","Rufisque, Sénégal","https://images.coinafrique.com/thumb_4921233_uploaded_image1_1725193317.jpg"
"1771244240-150","https://sn.coinafrique.com/categorie/chaussures-enfants?7","Chaussures enfant","20 000CFA","Dakar Plateau, Dakar, Sénégal","https://images.coinafrique.com/thumb_4870683_uploaded_image2_1722496365.jpeg"
"1771244240-151","https://sn.coinafrique.com/categorie/chaussures-enfants?7","Chaussures enfants","3 000CFA","Keur Massar, Sénégal","https://images.coinafrique.com/thumb_4797078_uploaded_image1_1718482814.jpg"
"1771244240-152","https://sn.coinafrique.com/categorie/chaussures-enfants?7","Chaussures bébé et enfant","Prix sur demande","Dakar, Sénégal","https://images.coinafrique.com/thumb_4783650_uploaded_image2_1717719898.jpeg"
"1771244240-153","https://sn.coinafrique.com/categorie/chaussures-enfants?7","Chaussures filles","25 000CFA","Dakar Plateau, Dakar, Sénégal","https://images.coinafrique.com/thumb_4781990_uploaded_image1_1717637500.jpg"
"1771244240-154","https://sn.coinafrique.com/categorie/chaussures-enfants?7","Chaussures enfants","15 000CFA","Dakar Plateau, Dakar, Sénégal","https://images.coinafrique.com/thumb_4781989_uploaded_image1_1717637364.jpg"
"1771244240-155","https://sn.coinafrique.com/categorie/chaussures-enfants?7","Chaussures enfants","8 000CFA","Dakar, Sénégal","https://images.coinafrique.com/thumb_4779994_uploaded_image1_1717548193.jpg"
"1771244240-156","https://sn.coinafrique.com/categorie/chaussures-enfants?7","Chaussures enfants","8 000CFA","Dakar, Sénégal","https://images.coinafrique.com/thumb_4779993_uploaded_image1_1717548114.jpg"
"1771244240-157","https://sn.coinafrique.com/categorie/chaussures-enfants?7","Chaussures pour enfants","2 500CFA","Pikine, Sénégal","https://images.coinafrique.com/thumb_4775765_uploaded_image1_1717362018.jpg"
"1771244240-158","https://sn.coinafrique.com/categorie/chaussures-enfants?7","Timberland enfants","7 000CFA","Dakar, Sénégal","https://images.coinafrique.com/thumb_4763656_uploaded_image1_1716765652.jpg"
"1771244240-159","https://sn.coinafrique.com/categorie/chaussures-enfants?7","Chaussures bébés Air Force","10 000CFA","Dakar Plateau, Dakar, Sénégal","https://images.coinafrique.com/thumb_4735737_uploaded_image1_1715305215.jpg"
"1771244240-160","https://sn.coinafrique.com/categorie/chaussures-enfants?7","Chaussures enfants","2 500CFA","Mermoz-Sacré Coeur, Dakar, Sénégal","https://images.coinafrique.com/thumb_4680911_uploaded_image1_1712514020.jpg"
"1771244240-161","https://sn.coinafrique.com/categorie/chaussures-enfants?7","Chaussures enfants","15 000CFA","Colobane, Dakar, Sénégal","https://images.coinafrique.com/thumb_4676405_uploaded_image1_1712262646.jpg"
"1771244240-162","https://sn.coinafrique.com/categorie/chaussures-enfants?7","Chaussures pour enfant","Prix sur demande","Yoff, Dakar, Sénégal","https://images.coinafrique.com/thumb_4656153_uploaded_image1_1711205088.jpg"
"1771244240-163","https://sn.coinafrique.com/categorie/chaussures-enfants?7","Pantoufles  enfants","2 500CFA","Grand Yoff, Dakar, Sénégal","https://images.coinafrique.com/thumb_4632466_uploaded_image1_1709901740.jpg"
"1771244240-164","https://sn.coinafrique.com/categorie/chaussures-enfants?7","Pantoufle enfants","2 500CFA","Mbao, Dakar, Sénégal","https://images.coinafrique.com/thumb_4626680_uploaded_image1_1709644598.jpg"
"1771244240-165","https://sn.coinafrique.com/categorie/chaussures-enfants?7","Chaussures enfant Ogiy","17 000CFA","Grand Yoff, Dakar, Sénégal","https://images.coinafrique.com/thumb_4623157_uploaded_image1_1709480174.jpg"
"1771244240-166","https://sn.coinafrique.com/categorie/chaussures-enfants?7","Chaussures enfants","6 500CFA","Sipres, Dakar, Sénégal","https://images.coinafrique.com/thumb_4608262_uploaded_image1_1708692132.jpg"
"1771244240-167","https://sn.coinafrique.com/categorie/chaussures-enfants?7","Chaussures enfants","6 500CFA","Sipres, Dakar, Sénégal","https://images.coinafrique.com/thumb_4608259_uploaded_image1_1708692072.jpg"
"1771244240-168","https://sn.coinafrique.com/categorie/chaussures-enfants?7","Chaussures enfant","6 000CFA","Dieuppeul-Derklé, Dakar, Sénégal","https://images.coinafrique.com/thumb_4566463_uploaded_image1_1706455557.jpg"
"1771244248-169","https://sn.coinafrique.com/categorie/chaussures-enfants?6","Chaussures bébé et enfants","Prix sur demande","Dakar Plateau, Dakar, Sénégal","https://images.coinafrique.com/thumb_5758574_uploaded_image1_1770232202.jpg"
"1771244248-170","https://sn.coinafrique.com/categorie/chaussures-enfants?6","Chaussures bébé et enfants","Prix sur demande","Dakar Plateau, Dakar, Sénégal","https://images.coinafrique.com/thumb_5758573_uploaded_image1_1770232189.jpg"
"1771244248-171","https://sn.coinafrique.com/categorie/chaussures-enfants?6","Chaussures bébé et enfants","Prix sur demande","Dakar Plateau, Dakar, Sénégal","https://images.coinafrique.com/thumb_5758572_uploaded_image1_1770232144.jpg"
"1771244248-172","https://sn.coinafrique.com/categorie/chaussures-enfants?6","Chaussures bébés et enfants","Prix sur demande","Dakar, Sénégal","https://images.coinafrique.com/thumb_5758569_uploaded_image1_1770231833.jpg"
"1771244248-173","https://sn.coinafrique.com/categorie/chaussures-enfants?6","Chaussures enfants","500CFA","Mermoz-Sacré Coeur, Dakar, Sénégal","https://images.coinafrique.com/thumb_5726987_uploaded_image2_1768721889.jpeg"
"1771244248-174","https://sn.coinafrique.com/categorie/chaussures-enfants?6","Chaussures enfants","20 000CFA","Dakar, Sénégal","https://images.coinafrique.com/thumb_5698980_uploaded_image1_1767320096.jpg"
"1771244248-175","https://sn.coinafrique.com/categorie/chaussures-enfants?6","Chaussures enfants","20 000CFA","Dakar Plateau, Dakar, Sénégal","https://images.coinafrique.com/thumb_5698971_uploaded_image1_1767319248.jpg"
"1771244248-176","https://sn.coinafrique.com/categorie/chaussures-enfants?6","Chaussures enfants","15 000CFA","Dakar Plateau, Dakar, Sénégal","https://images.coinafrique.com/thumb_5662804_uploaded_image1_1765242328.jpg"
"1771244248-177","https://sn.coinafrique.com/categorie/chaussures-enfants?6","Chaussures enfants","15 000CFA","Dakar, Sénégal","https://images.coinafrique.com/thumb_5662795_uploaded_image1_1765241951.jpg"
"1771244248-178","https://sn.coinafrique.com/categorie/chaussures-enfants?6","Chaussures enfants","5 000CFA","Ouest Foire, Dakar, Sénégal","https://images.coinafrique.com/thumb_5606532_uploaded_image1_1762343319.jpg"
"1771244248-179","https://sn.coinafrique.com/categorie/chaussures-enfants?6","Chaussures enfants","5 000CFA","Grand Dakar, Dakar, Sénégal","https://images.coinafrique.com/thumb_5584411_uploaded_image1_1761044461.jpg"
"1771244248-180","https://sn.coinafrique.com/categorie/chaussures-enfants?6","Baskets Adidas enfants","15 000CFA","Dakar, Sénégal","https://images.coinafrique.com/thumb_5578754_uploaded_image1_1760708246.jpg"
"1771244248-181","https://sn.coinafrique.com/categorie/chaussures-enfants?6","Baskets Nike","14 000CFA","Colobane, Dakar, Sénégal","https://images.coinafrique.com/thumb_5568313_uploaded_image1_1760122555.jpg"
"1771244248-182","https://sn.coinafrique.com/categorie/chaussures-enfants?6","Chaussures enfants","18 000CFA","Dakar, Sénégal","https://images.coinafrique.com/thumb_5556000_uploaded_image1_1759458374.jpg"
"1771244248-183","https://sn.coinafrique.com/categorie/chaussures-enfants?6","Chaussures enfant","2 000CFA","Dakar Plateau, Dakar, Sénégal","https://images.coinafrique.com/thumb_5555999_uploaded_image1_1759458125.jpg"
"1771244248-184","https://sn.coinafrique.com/categorie/chaussures-enfants?6","Baskets Nike TN pour enfants","20 000CFA","Dakar, Sénégal","https://images.coinafrique.com/thumb_5553767_uploaded_image1_1759362000.jpg"
"1771244248-185","https://sn.coinafrique.com/categorie/chaussures-enfants?6","Chaussures Jordan enfants","20 000CFA","Dakar Plateau, Dakar, Sénégal","https://images.coinafrique.com/thumb_5551856_uploaded_image1_1759301538.jpg"
"1771244248-186","https://sn.coinafrique.com/categorie/chaussures-enfants?6","Chaussures Jordan enfants","20 000CFA","Dakar, Sénégal","https://images.coinafrique.com/thumb_5551836_uploaded_image1_1759300588.jpg"
"1771244248-187","https://sn.coinafrique.com/categorie/chaussures-enfants?6","Chaussures enfants","5 000CFA","Mbao, Dakar, Sénégal","https://images.coinafrique.com/thumb_5545268_uploaded_image1_1758910584.jpg"
"1771244248-188","https://sn.coinafrique.com/categorie/chaussures-enfants?6","Chaussures enfant","Prix sur demande","Yoff, Dakar, Sénégal","https://images.coinafrique.com/thumb_5542655_uploaded_image1_1758784796.jpg"
"1771244248-189","https://sn.coinafrique.com/categorie/chaussures-enfants?6","Chaussures enfants","Prix sur demande","Yoff, Dakar, Sénégal","https://images.coinafrique.com/thumb_5540293_uploaded_image1_1758655238.jpg"
"1771244248-190","https://sn.coinafrique.com/categorie/chaussures-enfants?6","Chaussures enfants","18 000CFA","Dakar, Sénégal","https://images.coinafrique.com/thumb_5515698_uploaded_image1_1757382428.jpg"
"1771244248-191","https://sn.coinafrique.com/categorie/chaussures-enfants?6","Chaussures enfants","15 000CFA","Dakar Plateau, Dakar, Sénégal","https://images.coinafrique.com/thumb_5515694_uploaded_image1_1757382135.jpg"
"1771244248-192","https://sn.coinafrique.com/categorie/chaussures-enfants?6","Chaussures pour enfants","15 000CFA","Dakar Plateau, Dakar, Sénégal","https://images.coinafrique.com/thumb_5512056_uploaded_image1_1757170918.jpg"
"1771244248-193","https://sn.coinafrique.com/categorie/chaussures-enfants?6","Chaussures enfants et bébés","20 000CFA","Dakar, Sénégal","https://images.coinafrique.com/thumb_5507047_uploaded_image1_1756915193.jpg"
"1771244248-194","https://sn.coinafrique.com/categorie/chaussures-enfants?6","Chaussures enfants","Prix sur demande","Dakar, Sénégal","https://images.coinafrique.com/thumb_5503839_uploaded_image1_1756775841.jpg"
"1771244248-195","https://sn.coinafrique.com/categorie/chaussures-enfants?6","Chaussures enfants","Prix sur demande","Dakar Plateau, Dakar, Sénégal","https://images.coinafrique.com/thumb_5503837_uploaded_image2_1756775448.jpeg"
"1771244248-196","https://sn.coinafrique.com/categorie/chaussures-enfants?6","Chaussures enfants","Prix sur demande","Dakar, Sénégal","https://images.coinafrique.com/thumb_5494505_uploaded_image1_1756248709.jpg"
"1771244248-197","https://sn.coinafrique.com/categorie/chaussures-enfants?6","Bottes de pluie pour fille de 3 ans","15 000CFA","Parcelle Assainies, Dakar, Sénégal","https://images.coinafrique.com/thumb_5491455_uploaded_image1_1756082236.jpg"
"1771244248-198","https://sn.coinafrique.com/categorie/chaussures-enfants?6","Chaussures enfants","7 000CFA","Dakar, Sénégal","https://images.coinafrique.com/thumb_5416770_uploaded_image1_1752155346.jpg"
"1771244248-199","https://sn.coinafrique.com/categorie/chaussures-enfants?6","Chaussures enfants","7 000CFA","Dakar, Sénégal","https://images.coinafrique.com/thumb_5416767_uploaded_image1_1752155258.jpg"
"1771244248-200","https://sn.coinafrique.com/categorie/chaussures-enfants?6","Chaussures enfants","8 000CFA","Dakar Plateau, Dakar, Sénégal","https://images.coinafrique.com/thumb_5388880_uploaded_image1_1750707623.jpg"
"1771244248-201","https://sn.coinafrique.com/categorie/chaussures-enfants?6","Chaussures enfants","Prix sur demande","Ouakam, Dakar, Sénégal","https://images.coinafrique.com/thumb_5327025_uploaded_image1_1747213897.jpg"
"1771244248-202","https://sn.coinafrique.com/categorie/chaussures-enfants?6","Chaussures enfants","15 000CFA","Dakar Plateau, Dakar, Sénégal","https://images.coinafrique.com/thumb_5323154_uploaded_image1_1747018204.jpg"
"1771244248-203","https://sn.coinafrique.com/categorie/chaussures-enfants?6","Chaussures enfants","3 500CFA","Mermoz-Sacré Coeur, Dakar, Sénégal","https://images.coinafrique.com/thumb_5294713_uploaded_image1_1745421584.jpg"
"1771244248-204","https://sn.coinafrique.com/categorie/chaussures-enfants?6","Chaussures enfants","3 500CFA","Mermoz-Sacré Coeur, Dakar, Sénégal","https://images.coinafrique.com/thumb_5294302_uploaded_image1_1745410325.jpg"
"1771244248-205","https://sn.coinafrique.com/categorie/chaussures-enfants?6","Chaussures enfant","18 000CFA","Fass, Dakar, Sénégal","https://images.coinafrique.com/thumb_5284799_uploaded_image1_1744814056.jpg"
"1771244248-206","https://sn.coinafrique.com/categorie/chaussures-enfants?6","Chaussures enfant","18 000CFA","Fass, Dakar, Sénégal","https://images.coinafrique.com/thumb_5284783_uploaded_image1_1744813725.jpg"
"1771244248-207","https://sn.coinafrique.com/categorie/chaussures-enfants?6","Chaussures pour enfants","15 000CFA","Dakar Plateau, Dakar, Sénégal","https://images.coinafrique.com/thumb_5269411_uploaded_image1_1744009165.jpg"
"1771244248-208","https://sn.coinafrique.com/categorie/chaussures-enfants?6","Chaussures enfants","2 000CFA","Dakar, Sénégal","https://images.coinafrique.com/thumb_5253810_uploaded_image1_1743097199.jpg"
"1771244248-209","https://sn.coinafrique.com/categorie/chaussures-enfants?6","Chaussures enfants","20 000CFA","Dakar, Sénégal","https://images.coinafrique.com/thumb_5231318_uploaded_image1_1741923251.jpg"
"1771244248-210","https://sn.coinafrique.com/categorie/chaussures-enfants?6","Chaussures enfants","15 000CFA","Dakar Plateau, Dakar, Sénégal","https://images.coinafrique.com/thumb_5231304_uploaded_image1_1741922219.jpg"
"1771244248-211","https://sn.coinafrique.com/categorie/chaussures-enfants?6","Chaussures enfant","8 500CFA","Fass, Dakar, Sénégal","https://images.coinafrique.com/thumb_5181134_uploaded_image1_1739295232.jpg"
"1771244248-212","https://sn.coinafrique.com/categorie/chaussures-enfants?6","Chaussures enfant","7 000CFA","Fass, Dakar, Sénégal","https://images.coinafrique.com/thumb_5181139_uploaded_image1_1739295381.jpg"
"1771244248-213","https://sn.coinafrique.com/categorie/chaussures-enfants?6","Chaussures enfant","10 000CFA","Fass, Dakar, Sénégal","https://images.coinafrique.com/thumb_5181147_uploaded_image1_1739295472.jpg"
"1771244248-214","https://sn.coinafrique.com/categorie/chaussures-enfants?6","Baskets Nike Jordan","20 000CFA","Mbao, Dakar, Sénégal","https://images.coinafrique.com/thumb_5210436_uploaded_image1_1740934512.jpg"
"1771244248-215","https://sn.coinafrique.com/categorie/chaussures-enfants?6","Ballerines enfants","12 000CFA","Dakar, Sénégal","https://images.coinafrique.com/thumb_5141832_uploaded_image1_1737242187.jpg"
"1771244248-216","https://sn.coinafrique.com/categorie/chaussures-enfants?6","Chaussures enfants","2 000CFA","Dakar Plateau, Dakar, Sénégal","https://images.coinafrique.com/thumb_5125946_uploaded_image1_1736370156.jpg"
"1771244248-217","https://sn.coinafrique.com/categorie/chaussures-enfants?6","Baskets enfant","3 500CFA","Parcelle Assainies, Dakar, Sénégal","https://images.coinafrique.com/thumb_5080430_uploaded_image1_1733555952.jpg"
"1771244248-218","https://sn.coinafrique.com/categorie/chaussures-enfants?6","Basket","5 000CFA","Parcelle Assainies, Dakar, Sénégal","https://images.coinafrique.com/thumb_5080428_uploaded_image1_1733555768.jpg"
"1771244248-219","https://sn.coinafrique.com/categorie/chaussures-enfants?6","Claquettes","8 450CFA","Fass, Dakar, Sénégal","https://images.coinafrique.com/thumb_5047806_uploaded_image1_1731804849.jpg"
"1771244248-220","https://sn.coinafrique.com/categorie/chaussures-enfants?6","Ensemble chaussures et chaussettes pour bebe","1 800CFA","Dakar Plateau, Dakar, Sénégal","https://images.coinafrique.com/thumb_5037805_uploaded_image1_1731321094.jpg"
"1771244248-221","https://sn.coinafrique.com/categorie/chaussures-enfants?6","Ballerines enfants","Prix sur demande","Dakar, Sénégal","https://images.coinafrique.com/thumb_5002639_uploaded_image1_1729418695.jpg"
"1771244248-222","https://sn.coinafrique.com/categorie/chaussures-enfants?6","Baskets Nike Air Max","6 000CFA","Yoff, Dakar, Sénégal","https://images.coinafrique.com/thumb_4979173_uploaded_image1_1728164387.jpg"
"1771244248-223","https://sn.coinafrique.com/categorie/chaussures-enfants?6","Jordan enfants","20 000CFA","Dakar, Sénégal","https://images.coinafrique.com/thumb_4976138_uploaded_image1_1728002356.jpg"
"1771244248-224","https://sn.coinafrique.com/categorie/chaussures-enfants?6","jordans enfants","20 000CFA","Dakar Plateau, Dakar, Sénégal","https://images.coinafrique.com/thumb_4969624_uploaded_image1_1727758825.jpg"
"1771244248-225","https://sn.coinafrique.com/categorie/chaussures-enfants?6","Chaussures enfant","4 000CFA","Dakar, Sénégal","https://images.coinafrique.com/thumb_4950665_uploaded_image1_1726682392.jpg"
"1771244248-226","https://sn.coinafrique.com/categorie/chaussures-enfants?6","Chaussures enfants","13 000CFA","Dakar Plateau, Dakar, Sénégal","https://images.coinafrique.com/thumb_4934544_uploaded_image1_1725833379.jpg"
"1771244248-227","https://sn.coinafrique.com/categorie/chaussures-enfants?6","Baskets Nike enfants","15 000CFA","Dakar Plateau, Dakar, Sénégal","https://images.coinafrique.com/thumb_4930603_uploaded_image1_1725607998.jpg"
"1771244248-228","https://sn.coinafrique.com/categorie/chaussures-enfants?6","Baskets Jordan enfants","15 000CFA","Dakar Plateau, Dakar, Sénégal","https://images.coinafrique.com/thumb_4930596_uploaded_image1_1725607117.jpg"
"1771244248-229","https://sn.coinafrique.com/categorie/chaussures-enfants?6","Chaussures enfant","17 000CFA","Dakar, Sénégal","https://images.coinafrique.com/thumb_4928091_uploaded_image1_1725487369.jpg"
"1771244248-230","https://sn.coinafrique.com/categorie/chaussures-enfants?6","Baskets  Jordan enfants","16 000CFA","Dakar, Sénégal","https://images.coinafrique.com/thumb_4928088_uploaded_image1_1725487276.jpg"
"1771244248-231","https://sn.coinafrique.com/categorie/chaussures-enfants?6","Baskets Jordan 6","11 000CFA","Rufisque, Sénégal","https://images.coinafrique.com/thumb_4921251_uploaded_image1_1725193733.jpg"
"1771244248-232","https://sn.coinafrique.com/categorie/chaussures-enfants?6","Baskets Nike React","9 000CFA","Rufisque, Sénégal","https://images.coinafrique.com/thumb_4921241_uploaded_image1_1725193496.jpg"
"1771244248-233","https://sn.coinafrique.com/categorie/chaussures-enfants?6","Baskets enfant","8 000CFA","Rufisque, Sénégal","https://images.coinafrique.com/thumb_4921233_uploaded_image1_1725193317.jpg"
"1771244248-234","https://sn.coinafrique.com/categorie/chaussures-enfants?6","Chaussures enfant","20 000CFA","Dakar Plateau, Dakar, Sénégal","https://images.coinafrique.com/thumb_4870683_uploaded_image2_1722496365.jpeg"
"1771244248-235","https://sn.coinafrique.com/categorie/chaussures-enfants?6","Chaussures enfants","3 000CFA","Keur Massar, Sénégal","https://images.coinafrique.com/thumb_4797078_uploaded_image1_1718482814.jpg"
"1771244248-236","https://sn.coinafrique.com/categorie/chaussures-enfants?6","Chaussures bébé et enfant","Prix sur demande","Dakar, Sénégal","https://images.coinafrique.com/thumb_4783650_uploaded_image2_1717719898.jpeg"
"1771244248-237","https://sn.coinafrique.com/categorie/chaussures-enfants?6","Chaussures filles","25 000CFA","Dakar Plateau, Dakar, Sénégal","https://images.coinafrique.com/thumb_4781990_uploaded_image1_1717637500.jpg"
"1771244248-238","https://sn.coinafrique.com/categorie/chaussures-enfants?6","Chaussures enfants","15 000CFA","Dakar Plateau, Dakar, Sénégal","https://images.coinafrique.com/thumb_4781989_uploaded_image1_1717637364.jpg"
"1771244248-239","https://sn.coinafrique.com/categorie/chaussures-enfants?6","Chaussures enfants","8 000CFA","Dakar, Sénégal","https://images.coinafrique.com/thumb_4779994_uploaded_image1_1717548193.jpg"
"1771244248-240","https://sn.coinafrique.com/categorie/chaussures-enfants?6","Chaussures enfants","8 000CFA","Dakar, Sénégal","https://images.coinafrique.com/thumb_4779993_uploaded_image1_1717548114.jpg"
"1771244248-241","https://sn.coinafrique.com/categorie/chaussures-enfants?6","Chaussures pour enfants","2 500CFA","Pikine, Sénégal","https://images.coinafrique.com/thumb_4775765_uploaded_image1_1717362018.jpg"
"1771244248-242","https://sn.coinafrique.com/categorie/chaussures-enfants?6","Timberland enfants","7 000CFA","Dakar, Sénégal","https://images.coinafrique.com/thumb_4763656_uploaded_image1_1716765652.jpg"
"1771244248-243","https://sn.coinafrique.com/categorie/chaussures-enfants?6","Chaussures bébés Air Force","10 000CFA","Dakar Plateau, Dakar, Sénégal","https://images.coinafrique.com/thumb_4735737_uploaded_image1_1715305215.jpg"
"1771244248-244","https://sn.coinafrique.com/categorie/chaussures-enfants?6","Chaussures enfants","2 500CFA","Mermoz-Sacré Coeur, Dakar, Sénégal","https://images.coinafrique.com/thumb_4680911_uploaded_image1_1712514020.jpg"
"1771244248-245","https://sn.coinafrique.com/categorie/chaussures-enfants?6","Chaussures enfants","15 000CFA","Colobane, Dakar, Sénégal","https://images.coinafrique.com/thumb_4676405_uploaded_image1_1712262646.jpg"
"1771244248-246","https://sn.coinafrique.com/categorie/chaussures-enfants?6","Chaussures pour enfant","Prix sur demande","Yoff, Dakar, Sénégal","https://images.coinafrique.com/thumb_4656153_uploaded_image1_1711205088.jpg"
"1771244248-247","https://sn.coinafrique.com/categorie/chaussures-enfants?6","Pantoufles  enfants","2 500CFA","Grand Yoff, Dakar, Sénégal","https://images.coinafrique.com/thumb_4632466_uploaded_image1_1709901740.jpg"
"1771244248-248","https://sn.coinafrique.com/categorie/chaussures-enfants?6","Pantoufle enfants","2 500CFA","Mbao, Dakar, Sénégal","https://images.coinafrique.com/thumb_4626680_uploaded_image1_1709644598.jpg"
"1771244248-249","https://sn.coinafrique.com/categorie/chaussures-enfants?6","Chaussures enfant Ogiy","17 000CFA","Grand Yoff, Dakar, Sénégal","https://images.coinafrique.com/thumb_4623157_uploaded_image1_1709480174.jpg"
"1771244248-250","https://sn.coinafrique.com/categorie/chaussures-enfants?6","Chaussures enfants","6 500CFA","Sipres, Dakar, Sénégal","https://images.coinafrique.com/thumb_4608262_uploaded_image1_1708692132.jpg"
"1771244248-251","https://sn.coinafrique.com/categorie/chaussures-enfants?6","Chaussures enfants","6 500CFA","Sipres, Dakar, Sénégal","https://images.coinafrique.com/thumb_4608259_uploaded_image1_1708692072.jpg"
"1771244248-252","https://sn.coinafrique.com/categorie/chaussures-enfants?6","Chaussures enfant","6 000CFA","Dieuppeul-Derklé, Dakar, Sénégal","https://images.coinafrique.com/thumb_4566463_uploaded_image1_1706455557.jpg"
"1771244256-253","https://sn.coinafrique.com/categorie/chaussures-enfants?5","Chaussures bébé et enfants","Prix sur demande","Dakar Plateau, Dakar, Sénégal","https://images.coinafrique.com/thumb_5758574_uploaded_image1_1770232202.jpg"
"1771244256-254","https://sn.coinafrique.com/categorie/chaussures-enfants?5","Chaussures bébé et enfants","Prix sur demande","Dakar Plateau, Dakar, Sénégal","https://images.coinafrique.com/thumb_5758573_uploaded_image1_1770232189.jpg"
"1771244256-255","https://sn.coinafrique.com/categorie/chaussures-enfants?5","Chaussures bébé et enfants","Prix sur demande","Dakar Plateau, Dakar, Sénégal","https://images.coinafrique.com/thumb_5758572_uploaded_image1_1770232144.jpg"
"1771244256-256","https://sn.coinafrique.com/categorie/chaussures-enfants?5","Chaussures bébés et enfants","Prix sur demande","Dakar, Sénégal","https://images.coinafrique.com/thumb_5758569_uploaded_image1_1770231833.jpg"
"1771244256-257","https://sn.coinafrique.com/categorie/chaussures-enfants?5","Chaussures enfants","500CFA","Mermoz-Sacré Coeur, Dakar, Sénégal","https://images.coinafrique.com/thumb_5726987_uploaded_image2_1768721889.jpeg"
"1771244256-258","https://sn.coinafrique.com/categorie/chaussures-enfants?5","Chaussures enfants","20 000CFA","Dakar, Sénégal","https://images.coinafrique.com/thumb_5698980_uploaded_image1_1767320096.jpg"
"1771244256-259","https://sn.coinafrique.com/categorie/chaussures-enfants?5","Chaussures enfants","20 000CFA","Dakar Plateau, Dakar, Sénégal","https://images.coinafrique.com/thumb_5698971_uploaded_image1_1767319248.jpg"
"1771244256-260","https://sn.coinafrique.com/categorie/chaussures-enfants?5","Chaussures enfants","15 000CFA","Dakar Plateau, Dakar, Sénégal","https://images.coinafrique.com/thumb_5662804_uploaded_image1_1765242328.jpg"
"1771244256-261","https://sn.coinafrique.com/categorie/chaussures-enfants?5","Chaussures enfants","15 000CFA","Dakar, Sénégal","https://images.coinafrique.com/thumb_5662795_uploaded_image1_1765241951.jpg"
"1771244256-262","https://sn.coinafrique.com/categorie/chaussures-enfants?5","Chaussures enfants","5 000CFA","Ouest Foire, Dakar, Sénégal","https://images.coinafrique.com/thumb_5606532_uploaded_image1_1762343319.jpg"
"1771244256-263","https://sn.coinafrique.com/categorie/chaussures-enfants?5","Chaussures enfants","5 000CFA","Grand Dakar, Dakar, Sénégal","https://images.coinafrique.com/thumb_5584411_uploaded_image1_1761044461.jpg"
"1771244256-264","https://sn.coinafrique.com/categorie/chaussures-enfants?5","Baskets Adidas enfants","15 000CFA","Dakar, Sénégal","https://images.coinafrique.com/thumb_5578754_uploaded_image1_1760708246.jpg"
"1771244256-265","https://sn.coinafrique.com/categorie/chaussures-enfants?5","Baskets Nike","14 000CFA","Colobane, Dakar, Sénégal","https://images.coinafrique.com/thumb_5568313_uploaded_image1_1760122555.jpg"
"1771244256-266","https://sn.coinafrique.com/categorie/chaussures-enfants?5","Chaussures enfants","18 000CFA","Dakar, Sénégal","https://images.coinafrique.com/thumb_5556000_uploaded_image1_1759458374.jpg"
"1771244256-267","https://sn.coinafrique.com/categorie/chaussures-enfants?5","Chaussures enfant","2 000CFA","Dakar Plateau, Dakar, Sénégal","https://images.coinafrique.com/thumb_5555999_uploaded_image1_1759458125.jpg"
"1771244256-268","https://sn.coinafrique.com/categorie/chaussures-enfants?5","Baskets Nike TN pour enfants","20 000CFA","Dakar, Sénégal","https://images.coinafrique.com/thumb_5553767_uploaded_image1_1759362000.jpg"
"1771244256-269","https://sn.coinafrique.com/categorie/chaussures-enfants?5","Chaussures Jordan enfants","20 000CFA","Dakar Plateau, Dakar, Sénégal","https://images.coinafrique.com/thumb_5551856_uploaded_image1_1759301538.jpg"
"1771244256-270","https://sn.coinafrique.com/categorie/chaussures-enfants?5","Chaussures Jordan enfants","20 000CFA","Dakar, Sénégal","https://images.coinafrique.com/thumb_5551836_uploaded_image1_1759300588.jpg"
"1771244256-271","https://sn.coinafrique.com/categorie/chaussures-enfants?5","Chaussures enfants","5 000CFA","Mbao, Dakar, Sénégal","https://images.coinafrique.com/thumb_5545268_uploaded_image1_1758910584.jpg"
"1771244256-272","https://sn.coinafrique.com/categorie/chaussures-enfants?5","Chaussures enfant","Prix sur demande","Yoff, Dakar, Sénégal","https://images.coinafrique.com/thumb_5542655_uploaded_image1_1758784796.jpg"
"1771244256-273","https://sn.coinafrique.com/categorie/chaussures-enfants?5","Chaussures enfants","Prix sur demande","Yoff, Dakar, Sénégal","https://images.coinafrique.com/thumb_5540293_uploaded_image1_1758655238.jpg"
"1771244256-274","https://sn.coinafrique.com/categorie/chaussures-enfants?5","Chaussures enfants","18 000CFA","Dakar, Sénégal","https://images.coinafrique.com/thumb_5515698_uploaded_image1_1757382428.jpg"
"1771244256-275","https://sn.coinafrique.com/categorie/chaussures-enfants?5","Chaussures enfants","15 000CFA","Dakar Plateau, Dakar, Sénégal","https://images.coinafrique.com/thumb_5515694_uploaded_image1_1757382135.jpg"
"1771244256-276","https://sn.coinafrique.com/categorie/chaussures-enfants?5","Chaussures pour enfants","15 000CFA","Dakar Plateau, Dakar, Sénégal","https://images.coinafrique.com/thumb_5512056_uploaded_image1_1757170918.jpg"
"1771244256-277","https://sn.coinafrique.com/categorie/chaussures-enfants?5","Chaussures enfants et bébés","20 000CFA","Dakar, Sénégal","https://images.coinafrique.com/thumb_5507047_uploaded_image1_1756915193.jpg"
"1771244256-278","https://sn.coinafrique.com/categorie/chaussures-enfants?5","Chaussures enfants","Prix sur demande","Dakar, Sénégal","https://images.coinafrique.com/thumb_5503839_uploaded_image1_1756775841.jpg"
"1771244256-279","https://sn.coinafrique.com/categorie/chaussures-enfants?5","Chaussures enfants","Prix sur demande","Dakar Plateau, Dakar, Sénégal","https://images.coinafrique.com/thumb_5503837_uploaded_image2_1756775448.jpeg"
"1771244256-280","https://sn.coinafrique.com/categorie/chaussures-enfants?5","Chaussures enfants","Prix sur demande","Dakar, Sénégal","https://images.coinafrique.com/thumb_5494505_uploaded_image1_1756248709.jpg"
"1771244256-281","https://sn.coinafrique.com/categorie/chaussures-enfants?5","Bottes de pluie pour fille de 3 ans","15 000CFA","Parcelle Assainies, Dakar, Sénégal","https://images.coinafrique.com/thumb_5491455_uploaded_image1_1756082236.jpg"
"1771244256-282","https://sn.coinafrique.com/categorie/chaussures-enfants?5","Chaussures enfants","7 000CFA","Dakar, Sénégal","https://images.coinafrique.com/thumb_5416770_uploaded_image1_1752155346.jpg"
"1771244256-283","https://sn.coinafrique.com/categorie/chaussures-enfants?5","Chaussures enfants","7 000CFA","Dakar, Sénégal","https://images.coinafrique.com/thumb_5416767_uploaded_image1_1752155258.jpg"
"1771244256-284","https://sn.coinafrique.com/categorie/chaussures-enfants?5","Chaussures enfants","8 000CFA","Dakar Plateau, Dakar, Sénégal","https://images.coinafrique.com/thumb_5388880_uploaded_image1_1750707623.jpg"
"1771244256-285","https://sn.coinafrique.com/categorie/chaussures-enfants?5","Chaussures enfants","Prix sur demande","Ouakam, Dakar, Sénégal","https://images.coinafrique.com/thumb_5327025_uploaded_image1_1747213897.jpg"
"1771244256-286","https://sn.coinafrique.com/categorie/chaussures-enfants?5","Chaussures enfants","15 000CFA","Dakar Plateau, Dakar, Sénégal","https://images.coinafrique.com/thumb_5323154_uploaded_image1_1747018204.jpg"
"1771244256-287","https://sn.coinafrique.com/categorie/chaussures-enfants?5","Chaussures enfants","3 500CFA","Mermoz-Sacré Coeur, Dakar, Sénégal","https://images.coinafrique.com/thumb_5294713_uploaded_image1_1745421584.jpg"
"1771244256-288","https://sn.coinafrique.com/categorie/chaussures-enfants?5","Chaussures enfants","3 500CFA","Mermoz-Sacré Coeur, Dakar, Sénégal","https://images.coinafrique.com/thumb_5294302_uploaded_image1_1745410325.jpg"
"1771244256-289","https://sn.coinafrique.com/categorie/chaussures-enfants?5","Chaussures enfant","18 000CFA","Fass, Dakar, Sénégal","https://images.coinafrique.com/thumb_5284799_uploaded_image1_1744814056.jpg"
"1771244256-290","https://sn.coinafrique.com/categorie/chaussures-enfants?5","Chaussures enfant","18 000CFA","Fass, Dakar, Sénégal","https://images.coinafrique.com/thumb_5284783_uploaded_image1_1744813725.jpg"
"1771244256-291","https://sn.coinafrique.com/categorie/chaussures-enfants?5","Chaussures pour enfants","15 000CFA","Dakar Plateau, Dakar, Sénégal","https://images.coinafrique.com/thumb_5269411_uploaded_image1_1744009165.jpg"
"1771244256-292","https://sn.coinafrique.com/categorie/chaussures-enfants?5","Chaussures enfants","2 000CFA","Dakar, Sénégal","https://images.coinafrique.com/thumb_5253810_uploaded_image1_1743097199.jpg"
"1771244256-293","https://sn.coinafrique.com/categorie/chaussures-enfants?5","Chaussures enfants","20 000CFA","Dakar, Sénégal","https://images.coinafrique.com/thumb_5231318_uploaded_image1_1741923251.jpg"
"1771244256-294","https://sn.coinafrique.com/categorie/chaussures-enfants?5","Chaussures enfants","15 000CFA","Dakar Plateau, Dakar, Sénégal","https://images.coinafrique.com/thumb_5231304_uploaded_image1_1741922219.jpg"
"1771244256-295","https://sn.coinafrique.com/categorie/chaussures-enfants?5","Chaussures enfant","8 500CFA","Fass, Dakar, Sénégal","https://images.coinafrique.com/thumb_5181134_uploaded_image1_1739295232.jpg"
"1771244256-296","https://sn.coinafrique.com/categorie/chaussures-enfants?5","Chaussures enfant","7 000CFA","Fass, Dakar, Sénégal","https://images.coinafrique.com/thumb_5181139_uploaded_image1_1739295381.jpg"
"1771244256-297","https://sn.coinafrique.com/categorie/chaussures-enfants?5","Chaussures enfant","10 000CFA","Fass, Dakar, Sénégal","https://images.coinafrique.com/thumb_5181147_uploaded_image1_1739295472.jpg"
"1771244256-298","https://sn.coinafrique.com/categorie/chaussures-enfants?5","Baskets Nike Jordan","20 000CFA","Mbao, Dakar, Sénégal","https://images.coinafrique.com/thumb_5210436_uploaded_image1_1740934512.jpg"
"1771244256-299","https://sn.coinafrique.com/categorie/chaussures-enfants?5","Ballerines enfants","12 000CFA","Dakar, Sénégal","https://images.coinafrique.com/thumb_5141832_uploaded_image1_1737242187.jpg"
"1771244256-300","https://sn.coinafrique.com/categorie/chaussures-enfants?5","Chaussures enfants","2 000CFA","Dakar Plateau, Dakar, Sénégal","https://images.coinafrique.com/thumb_5125946_uploaded_image1_1736370156.jpg"
"1771244256-301","https://sn.coinafrique.com/categorie/chaussures-enfants?5","Baskets enfant","3 500CFA","Parcelle Assainies, Dakar, Sénégal","https://images.coinafrique.com/thumb_5080430_uploaded_image1_1733555952.jpg"
"1771244256-302","https://sn.coinafrique.com/categorie/chaussures-enfants?5","Basket","5 000CFA","Parcelle Assainies, Dakar, Sénégal","https://images.coinafrique.com/thumb_5080428_uploaded_image1_1733555768.jpg"
"1771244256-303","https://sn.coinafrique.com/categorie/chaussures-enfants?5","Claquettes","8 450CFA","Fass, Dakar, Sénégal","https://images.coinafrique.com/thumb_5047806_uploaded_image1_1731804849.jpg"
"1771244256-304","https://sn.coinafrique.com/categorie/chaussures-enfants?5","Ensemble chaussures et chaussettes pour bebe","1 800CFA","Dakar Plateau, Dakar, Sénégal","https://images.coinafrique.com/thumb_5037805_uploaded_image1_1731321094.jpg"
"1771244256-305","https://sn.coinafrique.com/categorie/chaussures-enfants?5","Ballerines enfants","Prix sur demande","Dakar, Sénégal","https://images.coinafrique.com/thumb_5002639_uploaded_image1_1729418695.jpg"
"1771244256-306","https://sn.coinafrique.com/categorie/chaussures-enfants?5","Baskets Nike Air Max","6 000CFA","Yoff, Dakar, Sénégal","https://images.coinafrique.com/thumb_4979173_uploaded_image1_1728164387.jpg"
"1771244256-307","https://sn.coinafrique.com/categorie/chaussures-enfants?5","Jordan enfants","20 000CFA","Dakar, Sénégal","https://images.coinafrique.com/thumb_4976138_uploaded_image1_1728002356.jpg"
"1771244256-308","https://sn.coinafrique.com/categorie/chaussures-enfants?5","jordans enfants","20 000CFA","Dakar Plateau, Dakar, Sénégal","https://images.coinafrique.com/thumb_4969624_uploaded_image1_1727758825.jpg"
"1771244256-309","https://sn.coinafrique.com/categorie/chaussures-enfants?5","Chaussures enfant","4 000CFA","Dakar, Sénégal","https://images.coinafrique.com/thumb_4950665_uploaded_image1_1726682392.jpg"
"1771244256-310","https://sn.coinafrique.com/categorie/chaussures-enfants?5","Chaussures enfants","13 000CFA","Dakar Plateau, Dakar, Sénégal","https://images.coinafrique.com/thumb_4934544_uploaded_image1_1725833379.jpg"
"1771244256-311","https://sn.coinafrique.com/categorie/chaussures-enfants?5","Baskets Nike enfants","15 000CFA","Dakar Plateau, Dakar, Sénégal","https://images.coinafrique.com/thumb_4930603_uploaded_image1_1725607998.jpg"
"1771244256-312","https://sn.coinafrique.com/categorie/chaussures-enfants?5","Baskets Jordan enfants","15 000CFA","Dakar Plateau, Dakar, Sénégal","https://images.coinafrique.com/thumb_4930596_uploaded_image1_1725607117.jpg"
"1771244256-313","https://sn.coinafrique.com/categorie/chaussures-enfants?5","Chaussures enfant","17 000CFA","Dakar, Sénégal","https://images.coinafrique.com/thumb_4928091_uploaded_image1_1725487369.jpg"
"1771244256-314","https://sn.coinafrique.com/categorie/chaussures-enfants?5","Baskets  Jordan enfants","16 000CFA","Dakar, Sénégal","https://images.coinafrique.com/thumb_4928088_uploaded_image1_1725487276.jpg"
"1771244256-315","https://sn.coinafrique.com/categorie/chaussures-enfants?5","Baskets Jordan 6","11 000CFA","Rufisque, Sénégal","https://images.coinafrique.com/thumb_4921251_uploaded_image1_1725193733.jpg"
"1771244256-316","https://sn.coinafrique.com/categorie/chaussures-enfants?5","Baskets Nike React","9 000CFA","Rufisque, Sénégal","https://images.coinafrique.com/thumb_4921241_uploaded_image1_1725193496.jpg"
"1771244256-317","https://sn.coinafrique.com/categorie/chaussures-enfants?5","Baskets enfant","8 000CFA","Rufisque, Sénégal","https://images.coinafrique.com/thumb_4921233_uploaded_image1_1725193317.jpg"
"1771244256-318","https://sn.coinafrique.com/categorie/chaussures-enfants?5","Chaussures enfant","20 000CFA","Dakar Plateau, Dakar, Sénégal","https://images.coinafrique.com/thumb_4870683_uploaded_image2_1722496365.jpeg"
"1771244256-319","https://sn.coinafrique.com/categorie/chaussures-enfants?5","Chaussures enfants","3 000CFA","Keur Massar, Sénégal","https://images.coinafrique.com/thumb_4797078_uploaded_image1_1718482814.jpg"
"1771244256-320","https://sn.coinafrique.com/categorie/chaussures-enfants?5","Chaussures bébé et enfant","Prix sur demande","Dakar, Sénégal","https://images.coinafrique.com/thumb_4783650_uploaded_image2_1717719898.jpeg"
"1771244256-321","https://sn.coinafrique.com/categorie/chaussures-enfants?5","Chaussures filles","25 000CFA","Dakar Plateau, Dakar, Sénégal","https://images.coinafrique.com/thumb_4781990_uploaded_image1_1717637500.jpg"
"1771244256-322","https://sn.coinafrique.com/categorie/chaussures-enfants?5","Chaussures enfants","15 000CFA","Dakar Plateau, Dakar, Sénégal","https://images.coinafrique.com/thumb_4781989_uploaded_image1_1717637364.jpg"
"1771244256-323","https://sn.coinafrique.com/categorie/chaussures-enfants?5","Chaussures enfants","8 000CFA","Dakar, Sénégal","https://images.coinafrique.com/thumb_4779994_uploaded_image1_1717548193.jpg"
"1771244256-324","https://sn.coinafrique.com/categorie/chaussures-enfants?5","Chaussures enfants","8 000CFA","Dakar, Sénégal","https://images.coinafrique.com/thumb_4779993_uploaded_image1_1717548114.jpg"
"1771244256-325","https://sn.coinafrique.com/categorie/chaussures-enfants?5","Chaussures pour enfants","2 500CFA","Pikine, Sénégal","https://images.coinafrique.com/thumb_4775765_uploaded_image1_1717362018.jpg"
"1771244256-326","https://sn.coinafrique.com/categorie/chaussures-enfants?5","Timberland enfants","7 000CFA","Dakar, Sénégal","https://images.coinafrique.com/thumb_4763656_uploaded_image1_1716765652.jpg"
"1771244256-327","https://sn.coinafrique.com/categorie/chaussures-enfants?5","Chaussures bébés Air Force","10 000CFA","Dakar Plateau, Dakar, Sénégal","https://images.coinafrique.com/thumb_4735737_uploaded_image1_1715305215.jpg"
"1771244256-328","https://sn.coinafrique.com/categorie/chaussures-enfants?5","Chaussures enfants","2 500CFA","Mermoz-Sacré Coeur, Dakar, Sénégal","https://images.coinafrique.com/thumb_4680911_uploaded_image1_1712514020.jpg"
"1771244256-329","https://sn.coinafrique.com/categorie/chaussures-enfants?5","Chaussures enfants","15 000CFA","Colobane, Dakar, Sénégal","https://images.coinafrique.com/thumb_4676405_uploaded_image1_1712262646.jpg"
"1771244256-330","https://sn.coinafrique.com/categorie/chaussures-enfants?5","Chaussures pour enfant","Prix sur demande","Yoff, Dakar, Sénégal","https://images.coinafrique.com/thumb_4656153_uploaded_image1_1711205088.jpg"
"1771244256-331","https://sn.coinafrique.com/categorie/chaussures-enfants?5","Pantoufles  enfants","2 500CFA","Grand Yoff, Dakar, Sénégal","https://images.coinafrique.com/thumb_4632466_uploaded_image1_1709901740.jpg"
"1771244256-332","https://sn.coinafrique.com/categorie/chaussures-enfants?5","Pantoufle enfants","2 500CFA","Mbao, Dakar, Sénégal","https://images.coinafrique.com/thumb_4626680_uploaded_image1_1709644598.jpg"
"1771244256-333","https://sn.coinafrique.com/categorie/chaussures-enfants?5","Chaussures enfant Ogiy","17 000CFA","Grand Yoff, Dakar, Sénégal","https://images.coinafrique.com/thumb_4623157_uploaded_image1_1709480174.jpg"
"1771244256-334","https://sn.coinafrique.com/categorie/chaussures-enfants?5","Chaussures enfants","6 500CFA","Sipres, Dakar, Sénégal","https://images.coinafrique.com/thumb_4608262_uploaded_image1_1708692132.jpg"
"1771244256-335","https://sn.coinafrique.com/categorie/chaussures-enfants?5","Chaussures enfants","6 500CFA","Sipres, Dakar, Sénégal","https://images.coinafrique.com/thumb_4608259_uploaded_image1_1708692072.jpg"
"1771244256-336","https://sn.coinafrique.com/categorie/chaussures-enfants?5","Chaussures enfant","6 000CFA","Dieuppeul-Derklé, Dakar, Sénégal","https://images.coinafrique.com/thumb_4566463_uploaded_image1_1706455557.jpg"
"1771244265-337","https://sn.coinafrique.com/categorie/chaussures-enfants?4","Chaussures bébé et enfants","Prix sur demande","Dakar Plateau, Dakar, Sénégal","https://images.coinafrique.com/thumb_5758574_uploaded_image1_1770232202.jpg"
"1771244265-338","https://sn.coinafrique.com/categorie/chaussures-enfants?4","Chaussures bébé et enfants","Prix sur demande","Dakar Plateau, Dakar, Sénégal","https://images.coinafrique.com/thumb_5758573_uploaded_image1_1770232189.jpg"
"1771244265-339","https://sn.coinafrique.com/categorie/chaussures-enfants?4","Chaussures bébé et enfants","Prix sur demande","Dakar Plateau, Dakar, Sénégal","https://images.coinafrique.com/thumb_5758572_uploaded_image1_1770232144.jpg"
"1771244265-340","https://sn.coinafrique.com/categorie/chaussures-enfants?4","Chaussures bébés et enfants","Prix sur demande","Dakar, Sénégal","https://images.coinafrique.com/thumb_5758569_uploaded_image1_1770231833.jpg"
"1771244265-341","https://sn.coinafrique.com/categorie/chaussures-enfants?4","Chaussures enfants","500CFA","Mermoz-Sacré Coeur, Dakar, Sénégal","https://images.coinafrique.com/thumb_5726987_uploaded_image2_1768721889.jpeg"
"1771244265-342","https://sn.coinafrique.com/categorie/chaussures-enfants?4","Chaussures enfants","20 000CFA","Dakar, Sénégal","https://images.coinafrique.com/thumb_5698980_uploaded_image1_1767320096.jpg"
"1771244265-343","https://sn.coinafrique.com/categorie/chaussures-enfants?4","Chaussures enfants","20 000CFA","Dakar Plateau, Dakar, Sénégal","https://images.coinafrique.com/thumb_5698971_uploaded_image1_1767319248.jpg"
"1771244265-344","https://sn.coinafrique.com/categorie/chaussures-enfants?4","Chaussures enfants","15 000CFA","Dakar Plateau, Dakar, Sénégal","https://images.coinafrique.com/thumb_5662804_uploaded_image1_1765242328.jpg"
"1771244265-345","https://sn.coinafrique.com/categorie/chaussures-enfants?4","Chaussures enfants","15 000CFA","Dakar, Sénégal","https://images.coinafrique.com/thumb_5662795_uploaded_image1_1765241951.jpg"
"1771244265-346","https://sn.coinafrique.com/categorie/chaussures-enfants?4","Chaussures enfants","5 000CFA","Ouest Foire, Dakar, Sénégal","https://images.coinafrique.com/thumb_5606532_uploaded_image1_1762343319.jpg"
"1771244265-347","https://sn.coinafrique.com/categorie/chaussures-enfants?4","Chaussures enfants","5 000CFA","Grand Dakar, Dakar, Sénégal","https://images.coinafrique.com/thumb_5584411_uploaded_image1_1761044461.jpg"
"1771244265-348","https://sn.coinafrique.com/categorie/chaussures-enfants?4","Baskets Adidas enfants","15 000CFA","Dakar, Sénégal","https://images.coinafrique.com/thumb_5578754_uploaded_image1_1760708246.jpg"
"1771244265-349","https://sn.coinafrique.com/categorie/chaussures-enfants?4","Baskets Nike","14 000CFA","Colobane, Dakar, Sénégal","https://images.coinafrique.com/thumb_5568313_uploaded_image1_1760122555.jpg"
"1771244265-350","https://sn.coinafrique.com/categorie/chaussures-enfants?4","Chaussures enfants","18 000CFA","Dakar, Sénégal","https://images.coinafrique.com/thumb_5556000_uploaded_image1_1759458374.jpg"
"1771244265-351","https://sn.coinafrique.com/categorie/chaussures-enfants?4","Chaussures enfant","2 000CFA","Dakar Plateau, Dakar, Sénégal","https://images.coinafrique.com/thumb_5555999_uploaded_image1_1759458125.jpg"
"1771244265-352","https://sn.coinafrique.com/categorie/chaussures-enfants?4","Baskets Nike TN pour enfants","20 000CFA","Dakar, Sénégal","https://images.coinafrique.com/thumb_5553767_uploaded_image1_1759362000.jpg"
"1771244265-353","https://sn.coinafrique.com/categorie/chaussures-enfants?4","Chaussures Jordan enfants","20 000CFA","Dakar Plateau, Dakar, Sénégal","https://images.coinafrique.com/thumb_5551856_uploaded_image1_1759301538.jpg"
"1771244265-354","https://sn.coinafrique.com/categorie/chaussures-enfants?4","Chaussures Jordan enfants","20 000CFA","Dakar, Sénégal","https://images.coinafrique.com/thumb_5551836_uploaded_image1_1759300588.jpg"
"1771244265-355","https://sn.coinafrique.com/categorie/chaussures-enfants?4","Chaussures enfants","5 000CFA","Mbao, Dakar, Sénégal","https://images.coinafrique.com/thumb_5545268_uploaded_image1_1758910584.jpg"
"1771244265-356","https://sn.coinafrique.com/categorie/chaussures-enfants?4","Chaussures enfant","Prix sur demande","Yoff, Dakar, Sénégal","https://images.coinafrique.com/thumb_5542655_uploaded_image1_1758784796.jpg"
"1771244265-357","https://sn.coinafrique.com/categorie/chaussures-enfants?4","Chaussures enfants","Prix sur demande","Yoff, Dakar, Sénégal","https://images.coinafrique.com/thumb_5540293_uploaded_image1_1758655238.jpg"
"1771244265-358","https://sn.coinafrique.com/categorie/chaussures-enfants?4","Chaussures enfants","18 000CFA","Dakar, Sénégal","https://images.coinafrique.com/thumb_5515698_uploaded_image1_1757382428.jpg"
"1771244265-359","https://sn.coinafrique.com/categorie/chaussures-enfants?4","Chaussures enfants","15 000CFA","Dakar Plateau, Dakar, Sénégal","https://images.coinafrique.com/thumb_5515694_uploaded_image1_1757382135.jpg"
"1771244265-360","https://sn.coinafrique.com/categorie/chaussures-enfants?4","Chaussures pour enfants","15 000CFA","Dakar Plateau, Dakar, Sénégal","https://images.coinafrique.com/thumb_5512056_uploaded_image1_1757170918.jpg"
"1771244265-361","https://sn.coinafrique.com/categorie/chaussures-enfants?4","Chaussures enfants et bébés","20 000CFA","Dakar, Sénégal","https://images.coinafrique.com/thumb_5507047_uploaded_image1_1756915193.jpg"
"1771244265-362","https://sn.coinafrique.com/categorie/chaussures-enfants?4","Chaussures enfants","Prix sur demande","Dakar, Sénégal","https://images.coinafrique.com/thumb_5503839_uploaded_image1_1756775841.jpg"
"1771244265-363","https://sn.coinafrique.com/categorie/chaussures-enfants?4","Chaussures enfants","Prix sur demande","Dakar Plateau, Dakar, Sénégal","https://images.coinafrique.com/thumb_5503837_uploaded_image2_1756775448.jpeg"
"1771244265-364","https://sn.coinafrique.com/categorie/chaussures-enfants?4","Chaussures enfants","Prix sur demande","Dakar, Sénégal","https://images.coinafrique.com/thumb_5494505_uploaded_image1_1756248709.jpg"
"1771244265-365","https://sn.coinafrique.com/categorie/chaussures-enfants?4","Bottes de pluie pour fille de 3 ans","15 000CFA","Parcelle Assainies, Dakar, Sénégal","https://images.coinafrique.com/thumb_5491455_uploaded_image1_1756082236.jpg"
"1771244265-366","https://sn.coinafrique.com/categorie/chaussures-enfants?4","Chaussures enfants","7 000CFA","Dakar, Sénégal","https://images.coinafrique.com/thumb_5416770_uploaded_image1_1752155346.jpg"
"1771244265-367","https://sn.coinafrique.com/categorie/chaussures-enfants?4","Chaussures enfants","7 000CFA","Dakar, Sénégal","https://images.coinafrique.com/thumb_5416767_uploaded_image1_1752155258.jpg"
"1771244265-368","https://sn.coinafrique.com/categorie/chaussures-enfants?4","Chaussures enfants","8 000CFA","Dakar Plateau, Dakar, Sénégal","https://images.coinafrique.com/thumb_5388880_uploaded_image1_1750707623.jpg"
"1771244265-369","https://sn.coinafrique.com/categorie/chaussures-enfants?4","Chaussures enfants","Prix sur demande","Ouakam, Dakar, Sénégal","https://images.coinafrique.com/thumb_5327025_uploaded_image1_1747213897.jpg"
"1771244265-370","https://sn.coinafrique.com/categorie/chaussures-enfants?4","Chaussures enfants","15 000CFA","Dakar Plateau, Dakar, Sénégal","https://images.coinafrique.com/thumb_5323154_uploaded_image1_1747018204.jpg"
"1771244265-371","https://sn.coinafrique.com/categorie/chaussures-enfants?4","Chaussures enfants","3 500CFA","Mermoz-Sacré Coeur, Dakar, Sénégal","https://images.coinafrique.com/thumb_5294713_uploaded_image1_1745421584.jpg"
"1771244265-372","https://sn.coinafrique.com/categorie/chaussures-enfants?4","Chaussures enfants","3 500CFA","Mermoz-Sacré Coeur, Dakar, Sénégal","https://images.coinafrique.com/thumb_5294302_uploaded_image1_1745410325.jpg"
"1771244265-373","https://sn.coinafrique.com/categorie/chaussures-enfants?4","Chaussures enfant","18 000CFA","Fass, Dakar, Sénégal","https://images.coinafrique.com/thumb_5284799_uploaded_image1_1744814056.jpg"
"1771244265-374","https://sn.coinafrique.com/categorie/chaussures-enfants?4","Chaussures enfant","18 000CFA","Fass, Dakar, Sénégal","https://images.coinafrique.com/thumb_5284783_uploaded_image1_1744813725.jpg"
"1771244265-375","https://sn.coinafrique.com/categorie/chaussures-enfants?4","Chaussures pour enfants","15 000CFA","Dakar Plateau, Dakar, Sénégal","https://images.coinafrique.com/thumb_5269411_uploaded_image1_1744009165.jpg"
"1771244265-376","https://sn.coinafrique.com/categorie/chaussures-enfants?4","Chaussures enfants","2 000CFA","Dakar, Sénégal","https://images.coinafrique.com/thumb_5253810_uploaded_image1_1743097199.jpg"
"1771244265-377","https://sn.coinafrique.com/categorie/chaussures-enfants?4","Chaussures enfants","20 000CFA","Dakar, Sénégal","https://images.coinafrique.com/thumb_5231318_uploaded_image1_1741923251.jpg"
"1771244265-378","https://sn.coinafrique.com/categorie/chaussures-enfants?4","Chaussures enfants","15 000CFA","Dakar Plateau, Dakar, Sénégal","https://images.coinafrique.com/thumb_5231304_uploaded_image1_1741922219.jpg"
"1771244265-379","https://sn.coinafrique.com/categorie/chaussures-enfants?4","Chaussures enfant","8 500CFA","Fass, Dakar, Sénégal","https://images.coinafrique.com/thumb_5181134_uploaded_image1_1739295232.jpg"
"1771244265-380","https://sn.coinafrique.com/categorie/chaussures-enfants?4","Chaussures enfant","7 000CFA","Fass, Dakar, Sénégal","https://images.coinafrique.com/thumb_5181139_uploaded_image1_1739295381.jpg"
"1771244265-381","https://sn.coinafrique.com/categorie/chaussures-enfants?4","Chaussures enfant","10 000CFA","Fass, Dakar, Sénégal","https://images.coinafrique.com/thumb_5181147_uploaded_image1_1739295472.jpg"
"1771244265-382","https://sn.coinafrique.com/categorie/chaussures-enfants?4","Baskets Nike Jordan","20 000CFA","Mbao, Dakar, Sénégal","https://images.coinafrique.com/thumb_5210436_uploaded_image1_1740934512.jpg"
"1771244265-383","https://sn.coinafrique.com/categorie/chaussures-enfants?4","Ballerines enfants","12 000CFA","Dakar, Sénégal","https://images.coinafrique.com/thumb_5141832_uploaded_image1_1737242187.jpg"
"1771244265-384","https://sn.coinafrique.com/categorie/chaussures-enfants?4","Chaussures enfants","2 000CFA","Dakar Plateau, Dakar, Sénégal","https://images.coinafrique.com/thumb_5125946_uploaded_image1_1736370156.jpg"
"1771244265-385","https://sn.coinafrique.com/categorie/chaussures-enfants?4","Baskets enfant","3 500CFA","Parcelle Assainies, Dakar, Sénégal","https://images.coinafrique.com/thumb_5080430_uploaded_image1_1733555952.jpg"
"1771244265-386","https://sn.coinafrique.com/categorie/chaussures-enfants?4","Basket","5 000CFA","Parcelle Assainies, Dakar, Sénégal","https://images.coinafrique.com/thumb_5080428_uploaded_image1_1733555768.jpg"
"1771244265-387","https://sn.coinafrique.com/categorie/chaussures-enfants?4","Claquettes","8 450CFA","Fass, Dakar, Sénégal","https://images.coinafrique.com/thumb_5047806_uploaded_image1_1731804849.jpg"
"1771244265-388","https://sn.coinafrique.com/categorie/chaussures-enfants?4","Ensemble chaussures et chaussettes pour bebe","1 800CFA","Dakar Plateau, Dakar, Sénégal","https://images.coinafrique.com/thumb_5037805_uploaded_image1_1731321094.jpg"
"1771244265-389","https://sn.coinafrique.com/categorie/chaussures-enfants?4","Ballerines enfants","Prix sur demande","Dakar, Sénégal","https://images.coinafrique.com/thumb_5002639_uploaded_image1_1729418695.jpg"
"1771244265-390","https://sn.coinafrique.com/categorie/chaussures-enfants?4","Baskets Nike Air Max","6 000CFA","Yoff, Dakar, Sénégal","https://images.coinafrique.com/thumb_4979173_uploaded_image1_1728164387.jpg"
"1771244265-391","https://sn.coinafrique.com/categorie/chaussures-enfants?4","Jordan enfants","20 000CFA","Dakar, Sénégal","https://images.coinafrique.com/thumb_4976138_uploaded_image1_1728002356.jpg"
"1771244265-392","https://sn.coinafrique.com/categorie/chaussures-enfants?4","jordans enfants","20 000CFA","Dakar Plateau, Dakar, Sénégal","https://images.coinafrique.com/thumb_4969624_uploaded_image1_1727758825.jpg"
"1771244265-393","https://sn.coinafrique.com/categorie/chaussures-enfants?4","Chaussures enfant","4 000CFA","Dakar, Sénégal","https://images.coinafrique.com/thumb_4950665_uploaded_image1_1726682392.jpg"
"1771244265-394","https://sn.coinafrique.com/categorie/chaussures-enfants?4","Chaussures enfants","13 000CFA","Dakar Plateau, Dakar, Sénégal","https://images.coinafrique.com/thumb_4934544_uploaded_image1_1725833379.jpg"
"1771244265-395","https://sn.coinafrique.com/categorie/chaussures-enfants?4","Baskets Nike enfants","15 000CFA","Dakar Plateau, Dakar, Sénégal","https://images.coinafrique.com/thumb_4930603_uploaded_image1_1725607998.jpg"
"1771244265-396","https://sn.coinafrique.com/categorie/chaussures-enfants?4","Baskets Jordan enfants","15 000CFA","Dakar Plateau, Dakar, Sénégal","https://images.coinafrique.com/thumb_4930596_uploaded_image1_1725607117.jpg"
"1771244265-397","https://sn.coinafrique.com/categorie/chaussures-enfants?4","Chaussures enfant","17 000CFA","Dakar, Sénégal","https://images.coinafrique.com/thumb_4928091_uploaded_image1_1725487369.jpg"
"1771244265-398","https://sn.coinafrique.com/categorie/chaussures-enfants?4","Baskets  Jordan enfants","16 000CFA","Dakar, Sénégal","https://images.coinafrique.com/thumb_4928088_uploaded_image1_1725487276.jpg"
"1771244265-399","https://sn.coinafrique.com/categorie/chaussures-enfants?4","Baskets Jordan 6","11 000CFA","Rufisque, Sénégal","https://images.coinafrique.com/thumb_4921251_uploaded_image1_1725193733.jpg"
"1771244265-400","https://sn.coinafrique.com/categorie/chaussures-enfants?4","Baskets Nike React","9 000CFA","Rufisque, Sénégal","https://images.coinafrique.com/thumb_4921241_uploaded_image1_1725193496.jpg"
"1771244265-401","https://sn.coinafrique.com/categorie/chaussures-enfants?4","Baskets enfant","8 000CFA","Rufisque, Sénégal","https://images.coinafrique.com/thumb_4921233_uploaded_image1_1725193317.jpg"
"1771244265-402","https://sn.coinafrique.com/categorie/chaussures-enfants?4","Chaussures enfant","20 000CFA","Dakar Plateau, Dakar, Sénégal","https://images.coinafrique.com/thumb_4870683_uploaded_image2_1722496365.jpeg"
"1771244265-403","https://sn.coinafrique.com/categorie/chaussures-enfants?4","Chaussures enfants","3 000CFA","Keur Massar, Sénégal","https://images.coinafrique.com/thumb_4797078_uploaded_image1_1718482814.jpg"
"1771244265-404","https://sn.coinafrique.com/categorie/chaussures-enfants?4","Chaussures bébé et enfant","Prix sur demande","Dakar, Sénégal","https://images.coinafrique.com/thumb_4783650_uploaded_image2_1717719898.jpeg"
"1771244265-405","https://sn.coinafrique.com/categorie/chaussures-enfants?4","Chaussures filles","25 000CFA","Dakar Plateau, Dakar, Sénégal","https://images.coinafrique.com/thumb_4781990_uploaded_image1_1717637500.jpg"
"1771244265-406","https://sn.coinafrique.com/categorie/chaussures-enfants?4","Chaussures enfants","15 000CFA","Dakar Plateau, Dakar, Sénégal","https://images.coinafrique.com/thumb_4781989_uploaded_image1_1717637364.jpg"
"1771244265-407","https://sn.coinafrique.com/categorie/chaussures-enfants?4","Chaussures enfants","8 000CFA","Dakar, Sénégal","https://images.coinafrique.com/thumb_4779994_uploaded_image1_1717548193.jpg"
"1771244265-408","https://sn.coinafrique.com/categorie/chaussures-enfants?4","Chaussures enfants","8 000CFA","Dakar, Sénégal","https://images.coinafrique.com/thumb_4779993_uploaded_image1_1717548114.jpg"
"1771244265-409","https://sn.coinafrique.com/categorie/chaussures-enfants?4","Chaussures pour enfants","2 500CFA","Pikine, Sénégal","https://images.coinafrique.com/thumb_4775765_uploaded_image1_1717362018.jpg"
"1771244265-410","https://sn.coinafrique.com/categorie/chaussures-enfants?4","Timberland enfants","7 000CFA","Dakar, Sénégal","https://images.coinafrique.com/thumb_4763656_uploaded_image1_1716765652.jpg"
"1771244265-411","https://sn.coinafrique.com/categorie/chaussures-enfants?4","Chaussures bébés Air Force","10 000CFA","Dakar Plateau, Dakar, Sénégal","https://images.coinafrique.com/thumb_4735737_uploaded_image1_1715305215.jpg"
"1771244265-412","https://sn.coinafrique.com/categorie/chaussures-enfants?4","Chaussures enfants","2 500CFA","Mermoz-Sacré Coeur, Dakar, Sénégal","https://images.coinafrique.com/thumb_4680911_uploaded_image1_1712514020.jpg"
"1771244265-413","https://sn.coinafrique.com/categorie/chaussures-enfants?4","Chaussures enfants","15 000CFA","Colobane, Dakar, Sénégal","https://images.coinafrique.com/thumb_4676405_uploaded_image1_1712262646.jpg"
"1771244265-414","https://sn.coinafrique.com/categorie/chaussures-enfants?4","Chaussures pour enfant","Prix sur demande","Yoff, Dakar, Sénégal","https://images.coinafrique.com/thumb_4656153_uploaded_image1_1711205088.jpg"
"1771244265-415","https://sn.coinafrique.com/categorie/chaussures-enfants?4","Pantoufles  enfants","2 500CFA","Grand Yoff, Dakar, Sénégal","https://images.coinafrique.com/thumb_4632466_uploaded_image1_1709901740.jpg"
"1771244265-416","https://sn.coinafrique.com/categorie/chaussures-enfants?4","Pantoufle enfants","2 500CFA","Mbao, Dakar, Sénégal","https://images.coinafrique.com/thumb_4626680_uploaded_image1_1709644598.jpg"
"1771244265-417","https://sn.coinafrique.com/categorie/chaussures-enfants?4","Chaussures enfant Ogiy","17 000CFA","Grand Yoff, Dakar, Sénégal","https://images.coinafrique.com/thumb_4623157_uploaded_image1_1709480174.jpg"
"1771244265-418","https://sn.coinafrique.com/categorie/chaussures-enfants?4","Chaussures enfants","6 500CFA","Sipres, Dakar, Sénégal","https://images.coinafrique.com/thumb_4608262_uploaded_image1_1708692132.jpg"
"1771244265-419","https://sn.coinafrique.com/categorie/chaussures-enfants?4","Chaussures enfants","6 500CFA","Sipres, Dakar, Sénégal","https://images.coinafrique.com/thumb_4608259_uploaded_image1_1708692072.jpg"
"1771244265-420","https://sn.coinafrique.com/categorie/chaussures-enfants?4","Chaussures enfant","6 000CFA","Dieuppeul-Derklé, Dakar, Sénégal","https://images.coinafrique.com/thumb_4566463_uploaded_image1_1706455557.jpg"
"1771244274-421","https://sn.coinafrique.com/categorie/chaussures-enfants?3","Chaussures bébé et enfants","Prix sur demande","Dakar Plateau, Dakar, Sénégal","https://images.coinafrique.com/thumb_5758574_uploaded_image1_1770232202.jpg"
"1771244274-422","https://sn.coinafrique.com/categorie/chaussures-enfants?3","Chaussures bébé et enfants","Prix sur demande","Dakar Plateau, Dakar, Sénégal","https://images.coinafrique.com/thumb_5758573_uploaded_image1_1770232189.jpg"
"1771244274-423","https://sn.coinafrique.com/categorie/chaussures-enfants?3","Chaussures bébé et enfants","Prix sur demande","Dakar Plateau, Dakar, Sénégal","https://images.coinafrique.com/thumb_5758572_uploaded_image1_1770232144.jpg"
"1771244274-424","https://sn.coinafrique.com/categorie/chaussures-enfants?3","Chaussures bébés et enfants","Prix sur demande","Dakar, Sénégal","https://images.coinafrique.com/thumb_5758569_uploaded_image1_1770231833.jpg"
"1771244274-425","https://sn.coinafrique.com/categorie/chaussures-enfants?3","Chaussures enfants","500CFA","Mermoz-Sacré Coeur, Dakar, Sénégal","https://images.coinafrique.com/thumb_5726987_uploaded_image2_1768721889.jpeg"
"1771244274-426","https://sn.coinafrique.com/categorie/chaussures-enfants?3","Chaussures enfants","20 000CFA","Dakar, Sénégal","https://images.coinafrique.com/thumb_5698980_uploaded_image1_1767320096.jpg"
"1771244274-427","https://sn.coinafrique.com/categorie/chaussures-enfants?3","Chaussures enfants","20 000CFA","Dakar Plateau, Dakar, Sénégal","https://images.coinafrique.com/thumb_5698971_uploaded_image1_1767319248.jpg"
"1771244274-428","https://sn.coinafrique.com/categorie/chaussures-enfants?3","Chaussures enfants","15 000CFA","Dakar Plateau, Dakar, Sénégal","https://images.coinafrique.com/thumb_5662804_uploaded_image1_1765242328.jpg"
"1771244274-429","https://sn.coinafrique.com/categorie/chaussures-enfants?3","Chaussures enfants","15 000CFA","Dakar, Sénégal","https://images.coinafrique.com/thumb_5662795_uploaded_image1_1765241951.jpg"
"1771244274-430","https://sn.coinafrique.com/categorie/chaussures-enfants?3","Chaussures enfants","5 000CFA","Ouest Foire, Dakar, Sénégal","https://images.coinafrique.com/thumb_5606532_uploaded_image1_1762343319.jpg"
"1771244274-431","https://sn.coinafrique.com/categorie/chaussures-enfants?3","Chaussures enfants","5 000CFA","Grand Dakar, Dakar, Sénégal","https://images.coinafrique.com/thumb_5584411_uploaded_image1_1761044461.jpg"
"1771244274-432","https://sn.coinafrique.com/categorie/chaussures-enfants?3","Baskets Adidas enfants","15 000CFA","Dakar, Sénégal","https://images.coinafrique.com/thumb_5578754_uploaded_image1_1760708246.jpg"
"1771244274-433","https://sn.coinafrique.com/categorie/chaussures-enfants?3","Baskets Nike","14 000CFA","Colobane, Dakar, Sénégal","https://images.coinafrique.com/thumb_5568313_uploaded_image1_1760122555.jpg"
"1771244274-434","https://sn.coinafrique.com/categorie/chaussures-enfants?3","Chaussures enfants","18 000CFA","Dakar, Sénégal","https://images.coinafrique.com/thumb_5556000_uploaded_image1_1759458374.jpg"
"1771244274-435","https://sn.coinafrique.com/categorie/chaussures-enfants?3","Chaussures enfant","2 000CFA","Dakar Plateau, Dakar, Sénégal","https://images.coinafrique.com/thumb_5555999_uploaded_image1_1759458125.jpg"
"1771244274-436","https://sn.coinafrique.com/categorie/chaussures-enfants?3","Baskets Nike TN pour enfants","20 000CFA","Dakar, Sénégal","https://images.coinafrique.com/thumb_5553767_uploaded_image1_1759362000.jpg"
"1771244274-437","https://sn.coinafrique.com/categorie/chaussures-enfants?3","Chaussures Jordan enfants","20 000CFA","Dakar Plateau, Dakar, Sénégal","https://images.coinafrique.com/thumb_5551856_uploaded_image1_1759301538.jpg"
"1771244274-438","https://sn.coinafrique.com/categorie/chaussures-enfants?3","Chaussures Jordan enfants","20 000CFA","Dakar, Sénégal","https://images.coinafrique.com/thumb_5551836_uploaded_image1_1759300588.jpg"
"1771244274-439","https://sn.coinafrique.com/categorie/chaussures-enfants?3","Chaussures enfants","5 000CFA","Mbao, Dakar, Sénégal","https://images.coinafrique.com/thumb_5545268_uploaded_image1_1758910584.jpg"
"1771244274-440","https://sn.coinafrique.com/categorie/chaussures-enfants?3","Chaussures enfant","Prix sur demande","Yoff, Dakar, Sénégal","https://images.coinafrique.com/thumb_5542655_uploaded_image1_1758784796.jpg"
"1771244274-441","https://sn.coinafrique.com/categorie/chaussures-enfants?3","Chaussures enfants","Prix sur demande","Yoff, Dakar, Sénégal","https://images.coinafrique.com/thumb_5540293_uploaded_image1_1758655238.jpg"
"1771244274-442","https://sn.coinafrique.com/categorie/chaussures-enfants?3","Chaussures enfants","18 000CFA","Dakar, Sénégal","https://images.coinafrique.com/thumb_5515698_uploaded_image1_1757382428.jpg"
"1771244274-443","https://sn.coinafrique.com/categorie/chaussures-enfants?3","Chaussures enfants","15 000CFA","Dakar Plateau, Dakar, Sénégal","https://images.coinafrique.com/thumb_5515694_uploaded_image1_1757382135.jpg"
"1771244274-444","https://sn.coinafrique.com/categorie/chaussures-enfants?3","Chaussures pour enfants","15 000CFA","Dakar Plateau, Dakar, Sénégal","https://images.coinafrique.com/thumb_5512056_uploaded_image1_1757170918.jpg"
"1771244274-445","https://sn.coinafrique.com/categorie/chaussures-enfants?3","Chaussures enfants et bébés","20 000CFA","Dakar, Sénégal","https://images.coinafrique.com/thumb_5507047_uploaded_image1_1756915193.jpg"
"1771244274-446","https://sn.coinafrique.com/categorie/chaussures-enfants?3","Chaussures enfants","Prix sur demande","Dakar, Sénégal","https://images.coinafrique.com/thumb_5503839_uploaded_image1_1756775841.jpg"
"1771244274-447","https://sn.coinafrique.com/categorie/chaussures-enfants?3","Chaussures enfants","Prix sur demande","Dakar Plateau, Dakar, Sénégal","https://images.coinafrique.com/thumb_5503837_uploaded_image2_1756775448.jpeg"
"1771244274-448","https://sn.coinafrique.com/categorie/chaussures-enfants?3","Chaussures enfants","Prix sur demande","Dakar, Sénégal","https://images.coinafrique.com/thumb_5494505_uploaded_image1_1756248709.jpg"
"1771244274-449","https://sn.coinafrique.com/categorie/chaussures-enfants?3","Bottes de pluie pour fille de 3 ans","15 000CFA","Parcelle Assainies, Dakar, Sénégal","https://images.coinafrique.com/thumb_5491455_uploaded_image1_1756082236.jpg"
"1771244274-450","https://sn.coinafrique.com/categorie/chaussures-enfants?3","Chaussures enfants","7 000CFA","Dakar, Sénégal","https://images.coinafrique.com/thumb_5416770_uploaded_image1_1752155346.jpg"
"1771244274-451","https://sn.coinafrique.com/categorie/chaussures-enfants?3","Chaussures enfants","7 000CFA","Dakar, Sénégal","https://images.coinafrique.com/thumb_5416767_uploaded_image1_1752155258.jpg"
"1771244274-452","https://sn.coinafrique.com/categorie/chaussures-enfants?3","Chaussures enfants","8 000CFA","Dakar Plateau, Dakar, Sénégal","https://images.coinafrique.com/thumb_5388880_uploaded_image1_1750707623.jpg"
"1771244274-453","https://sn.coinafrique.com/categorie/chaussures-enfants?3","Chaussures enfants","Prix sur demande","Ouakam, Dakar, Sénégal","https://images.coinafrique.com/thumb_5327025_uploaded_image1_1747213897.jpg"
"1771244274-454","https://sn.coinafrique.com/categorie/chaussures-enfants?3","Chaussures enfants","15 000CFA","Dakar Plateau, Dakar, Sénégal","https://images.coinafrique.com/thumb_5323154_uploaded_image1_1747018204.jpg"
"1771244274-455","https://sn.coinafrique.com/categorie/chaussures-enfants?3","Chaussures enfants","3 500CFA","Mermoz-Sacré Coeur, Dakar, Sénégal","https://images.coinafrique.com/thumb_5294713_uploaded_image1_1745421584.jpg"
"1771244274-456","https://sn.coinafrique.com/categorie/chaussures-enfants?3","Chaussures enfants","3 500CFA","Mermoz-Sacré Coeur, Dakar, Sénégal","https://images.coinafrique.com/thumb_5294302_uploaded_image1_1745410325.jpg"
"1771244274-457","https://sn.coinafrique.com/categorie/chaussures-enfants?3","Chaussures enfant","18 000CFA","Fass, Dakar, Sénégal","https://images.coinafrique.com/thumb_5284799_uploaded_image1_1744814056.jpg"
"1771244274-458","https://sn.coinafrique.com/categorie/chaussures-enfants?3","Chaussures enfant","18 000CFA","Fass, Dakar, Sénégal","https://images.coinafrique.com/thumb_5284783_uploaded_image1_1744813725.jpg"
"1771244274-459","https://sn.coinafrique.com/categorie/chaussures-enfants?3","Chaussures pour enfants","15 000CFA","Dakar Plateau, Dakar, Sénégal","https://images.coinafrique.com/thumb_5269411_uploaded_image1_1744009165.jpg"
"1771244274-460","https://sn.coinafrique.com/categorie/chaussures-enfants?3","Chaussures enfants","2 000CFA","Dakar, Sénégal","https://images.coinafrique.com/thumb_5253810_uploaded_image1_1743097199.jpg"
"1771244274-461","https://sn.coinafrique.com/categorie/chaussures-enfants?3","Chaussures enfants","20 000CFA","Dakar, Sénégal","https://images.coinafrique.com/thumb_5231318_uploaded_image1_1741923251.jpg"
"1771244274-462","https://sn.coinafrique.com/categorie/chaussures-enfants?3","Chaussures enfants","15 000CFA","Dakar Plateau, Dakar, Sénégal","https://images.coinafrique.com/thumb_5231304_uploaded_image1_1741922219.jpg"
"1771244274-463","https://sn.coinafrique.com/categorie/chaussures-enfants?3","Chaussures enfant","8 500CFA","Fass, Dakar, Sénégal","https://images.coinafrique.com/thumb_5181134_uploaded_image1_1739295232.jpg"
"1771244274-464","https://sn.coinafrique.com/categorie/chaussures-enfants?3","Chaussures enfant","7 000CFA","Fass, Dakar, Sénégal","https://images.coinafrique.com/thumb_5181139_uploaded_image1_1739295381.jpg"
"1771244274-465","https://sn.coinafrique.com/categorie/chaussures-enfants?3","Chaussures enfant","10 000CFA","Fass, Dakar, Sénégal","https://images.coinafrique.com/thumb_5181147_uploaded_image1_1739295472.jpg"
"1771244274-466","https://sn.coinafrique.com/categorie/chaussures-enfants?3","Baskets Nike Jordan","20 000CFA","Mbao, Dakar, Sénégal","https://images.coinafrique.com/thumb_5210436_uploaded_image1_1740934512.jpg"
"1771244274-467","https://sn.coinafrique.com/categorie/chaussures-enfants?3","Ballerines enfants","12 000CFA","Dakar, Sénégal","https://images.coinafrique.com/thumb_5141832_uploaded_image1_1737242187.jpg"
"1771244274-468","https://sn.coinafrique.com/categorie/chaussures-enfants?3","Chaussures enfants","2 000CFA","Dakar Plateau, Dakar, Sénégal","https://images.coinafrique.com/thumb_5125946_uploaded_image1_1736370156.jpg"
"1771244274-469","https://sn.coinafrique.com/categorie/chaussures-enfants?3","Baskets enfant","3 500CFA","Parcelle Assainies, Dakar, Sénégal","https://images.coinafrique.com/thumb_5080430_uploaded_image1_1733555952.jpg"
"1771244274-470","https://sn.coinafrique.com/categorie/chaussures-enfants?3","Basket","5 000CFA","Parcelle Assainies, Dakar, Sénégal","https://images.coinafrique.com/thumb_5080428_uploaded_image1_1733555768.jpg"
"1771244274-471","https://sn.coinafrique.com/categorie/chaussures-enfants?3","Claquettes","8 450CFA","Fass, Dakar, Sénégal","https://images.coinafrique.com/thumb_5047806_uploaded_image1_1731804849.jpg"
"1771244274-472","https://sn.coinafrique.com/categorie/chaussures-enfants?3","Ensemble chaussures et chaussettes pour bebe","1 800CFA","Dakar Plateau, Dakar, Sénégal","https://images.coinafrique.com/thumb_5037805_uploaded_image1_1731321094.jpg"
"1771244274-473","https://sn.coinafrique.com/categorie/chaussures-enfants?3","Ballerines enfants","Prix sur demande","Dakar, Sénégal","https://images.coinafrique.com/thumb_5002639_uploaded_image1_1729418695.jpg"
"1771244274-474","https://sn.coinafrique.com/categorie/chaussures-enfants?3","Baskets Nike Air Max","6 000CFA","Yoff, Dakar, Sénégal","https://images.coinafrique.com/thumb_4979173_uploaded_image1_1728164387.jpg"
"1771244274-475","https://sn.coinafrique.com/categorie/chaussures-enfants?3","Jordan enfants","20 000CFA","Dakar, Sénégal","https://images.coinafrique.com/thumb_4976138_uploaded_image1_1728002356.jpg"
"1771244274-476","https://sn.coinafrique.com/categorie/chaussures-enfants?3","jordans enfants","20 000CFA","Dakar Plateau, Dakar, Sénégal","https://images.coinafrique.com/thumb_4969624_uploaded_image1_1727758825.jpg"
"1771244274-477","https://sn.coinafrique.com/categorie/chaussures-enfants?3","Chaussures enfant","4 000CFA","Dakar, Sénégal","https://images.coinafrique.com/thumb_4950665_uploaded_image1_1726682392.jpg"
"1771244274-478","https://sn.coinafrique.com/categorie/chaussures-enfants?3","Chaussures enfants","13 000CFA","Dakar Plateau, Dakar, Sénégal","https://images.coinafrique.com/thumb_4934544_uploaded_image1_1725833379.jpg"
"1771244274-479","https://sn.coinafrique.com/categorie/chaussures-enfants?3","Baskets Nike enfants","15 000CFA","Dakar Plateau, Dakar, Sénégal","https://images.coinafrique.com/thumb_4930603_uploaded_image1_1725607998.jpg"
"1771244274-480","https://sn.coinafrique.com/categorie/chaussures-enfants?3","Baskets Jordan enfants","15 000CFA","Dakar Plateau, Dakar, Sénégal","https://images.coinafrique.com/thumb_4930596_uploaded_image1_1725607117.jpg"
"1771244274-481","https://sn.coinafrique.com/categorie/chaussures-enfants?3","Chaussures enfant","17 000CFA","Dakar, Sénégal","https://images.coinafrique.com/thumb_4928091_uploaded_image1_1725487369.jpg"
"1771244274-482","https://sn.coinafrique.com/categorie/chaussures-enfants?3","Baskets  Jordan enfants","16 000CFA","Dakar, Sénégal","https://images.coinafrique.com/thumb_4928088_uploaded_image1_1725487276.jpg"
"1771244274-483","https://sn.coinafrique.com/categorie/chaussures-enfants?3","Baskets Jordan 6","11 000CFA","Rufisque, Sénégal","https://images.coinafrique.com/thumb_4921251_uploaded_image1_1725193733.jpg"
"1771244274-484","https://sn.coinafrique.com/categorie/chaussures-enfants?3","Baskets Nike React","9 000CFA","Rufisque, Sénégal","https://images.coinafrique.com/thumb_4921241_uploaded_image1_1725193496.jpg"
"1771244274-485","https://sn.coinafrique.com/categorie/chaussures-enfants?3","Baskets enfant","8 000CFA","Rufisque, Sénégal","https://images.coinafrique.com/thumb_4921233_uploaded_image1_1725193317.jpg"
"1771244274-486","https://sn.coinafrique.com/categorie/chaussures-enfants?3","Chaussures enfant","20 000CFA","Dakar Plateau, Dakar, Sénégal","https://images.coinafrique.com/thumb_4870683_uploaded_image2_1722496365.jpeg"
"1771244274-487","https://sn.coinafrique.com/categorie/chaussures-enfants?3","Chaussures enfants","3 000CFA","Keur Massar, Sénégal","https://images.coinafrique.com/thumb_4797078_uploaded_image1_1718482814.jpg"
"1771244274-488","https://sn.coinafrique.com/categorie/chaussures-enfants?3","Chaussures bébé et enfant","Prix sur demande","Dakar, Sénégal","https://images.coinafrique.com/thumb_4783650_uploaded_image2_1717719898.jpeg"
"1771244274-489","https://sn.coinafrique.com/categorie/chaussures-enfants?3","Chaussures filles","25 000CFA","Dakar Plateau, Dakar, Sénégal","https://images.coinafrique.com/thumb_4781990_uploaded_image1_1717637500.jpg"
"1771244274-490","https://sn.coinafrique.com/categorie/chaussures-enfants?3","Chaussures enfants","15 000CFA","Dakar Plateau, Dakar, Sénégal","https://images.coinafrique.com/thumb_4781989_uploaded_image1_1717637364.jpg"
"1771244274-491","https://sn.coinafrique.com/categorie/chaussures-enfants?3","Chaussures enfants","8 000CFA","Dakar, Sénégal","https://images.coinafrique.com/thumb_4779994_uploaded_image1_1717548193.jpg"
"1771244274-492","https://sn.coinafrique.com/categorie/chaussures-enfants?3","Chaussures enfants","8 000CFA","Dakar, Sénégal","https://images.coinafrique.com/thumb_4779993_uploaded_image1_1717548114.jpg"
"1771244274-493","https://sn.coinafrique.com/categorie/chaussures-enfants?3","Chaussures pour enfants","2 500CFA","Pikine, Sénégal","https://images.coinafrique.com/thumb_4775765_uploaded_image1_1717362018.jpg"
"1771244274-494","https://sn.coinafrique.com/categorie/chaussures-enfants?3","Timberland enfants","7 000CFA","Dakar, Sénégal","https://images.coinafrique.com/thumb_4763656_uploaded_image1_1716765652.jpg"
"1771244274-495","https://sn.coinafrique.com/categorie/chaussures-enfants?3","Chaussures bébés Air Force","10 000CFA","Dakar Plateau, Dakar, Sénégal","https://images.coinafrique.com/thumb_4735737_uploaded_image1_1715305215.jpg"
"1771244274-496","https://sn.coinafrique.com/categorie/chaussures-enfants?3","Chaussures enfants","2 500CFA","Mermoz-Sacré Coeur, Dakar, Sénégal","https://images.coinafrique.com/thumb_4680911_uploaded_image1_1712514020.jpg"
"1771244274-497","https://sn.coinafrique.com/categorie/chaussures-enfants?3","Chaussures enfants","15 000CFA","Colobane, Dakar, Sénégal","https://images.coinafrique.com/thumb_4676405_uploaded_image1_1712262646.jpg"
"1771244274-498","https://sn.coinafrique.com/categorie/chaussures-enfants?3","Chaussures pour enfant","Prix sur demande","Yoff, Dakar, Sénégal","https://images.coinafrique.com/thumb_4656153_uploaded_image1_1711205088.jpg"
"1771244274-499","https://sn.coinafrique.com/categorie/chaussures-enfants?3","Pantoufles  enfants","2 500CFA","Grand Yoff, Dakar, Sénégal","https://images.coinafrique.com/thumb_4632466_uploaded_image1_1709901740.jpg"
"1771244274-500","https://sn.coinafrique.com/categorie/chaussures-enfants?3","Pantoufle enfants","2 500CFA","Mbao, Dakar, Sénégal","https://images.coinafrique.com/thumb_4626680_uploaded_image1_1709644598.jpg"
"1771244274-501","https://sn.coinafrique.com/categorie/chaussures-enfants?3","Chaussures enfant Ogiy","17 000CFA","Grand Yoff, Dakar, Sénégal","https://images.coinafrique.com/thumb_4623157_uploaded_image1_1709480174.jpg"
"1771244274-502","https://sn.coinafrique.com/categorie/chaussures-enfants?3","Chaussures enfants","6 500CFA","Sipres, Dakar, Sénégal","https://images.coinafrique.com/thumb_4608262_uploaded_image1_1708692132.jpg"
"1771244274-503","https://sn.coinafrique.com/categorie/chaussures-enfants?3","Chaussures enfants","6 500CFA","Sipres, Dakar, Sénégal","https://images.coinafrique.com/thumb_4608259_uploaded_image1_1708692072.jpg"
"1771244274-504","https://sn.coinafrique.com/categorie/chaussures-enfants?3","Chaussures enfant","6 000CFA","Dieuppeul-Derklé, Dakar, Sénégal","https://images.coinafrique.com/thumb_4566463_uploaded_image1_1706455557.jpg"
"1771244283-505","https://sn.coinafrique.com/categorie/chaussures-enfants?2","Chaussures bébé et enfants","Prix sur demande","Dakar Plateau, Dakar, Sénégal","https://images.coinafrique.com/thumb_5758574_uploaded_image1_1770232202.jpg"
"1771244283-506","https://sn.coinafrique.com/categorie/chaussures-enfants?2","Chaussures bébé et enfants","Prix sur demande","Dakar Plateau, Dakar, Sénégal","https://images.coinafrique.com/thumb_5758573_uploaded_image1_1770232189.jpg"
"1771244283-507","https://sn.coinafrique.com/categorie/chaussures-enfants?2","Chaussures bébé et enfants","Prix sur demande","Dakar Plateau, Dakar, Sénégal","https://images.coinafrique.com/thumb_5758572_uploaded_image1_1770232144.jpg"
"1771244283-508","https://sn.coinafrique.com/categorie/chaussures-enfants?2","Chaussures bébés et enfants","Prix sur demande","Dakar, Sénégal","https://images.coinafrique.com/thumb_5758569_uploaded_image1_1770231833.jpg"
"1771244283-509","https://sn.coinafrique.com/categorie/chaussures-enfants?2","Chaussures enfants","500CFA","Mermoz-Sacré Coeur, Dakar, Sénégal","https://images.coinafrique.com/thumb_5726987_uploaded_image2_1768721889.jpeg"
"1771244283-510","https://sn.coinafrique.com/categorie/chaussures-enfants?2","Chaussures enfants","20 000CFA","Dakar, Sénégal","https://images.coinafrique.com/thumb_5698980_uploaded_image1_1767320096.jpg"
"1771244283-511","https://sn.coinafrique.com/categorie/chaussures-enfants?2","Chaussures enfants","20 000CFA","Dakar Plateau, Dakar, Sénégal","https://images.coinafrique.com/thumb_5698971_uploaded_image1_1767319248.jpg"
"1771244283-512","https://sn.coinafrique.com/categorie/chaussures-enfants?2","Chaussures enfants","15 000CFA","Dakar Plateau, Dakar, Sénégal","https://images.coinafrique.com/thumb_5662804_uploaded_image1_1765242328.jpg"
"1771244283-513","https://sn.coinafrique.com/categorie/chaussures-enfants?2","Chaussures enfants","15 000CFA","Dakar, Sénégal","https://images.coinafrique.com/thumb_5662795_uploaded_image1_1765241951.jpg"
"1771244283-514","https://sn.coinafrique.com/categorie/chaussures-enfants?2","Chaussures enfants","5 000CFA","Ouest Foire, Dakar, Sénégal","https://images.coinafrique.com/thumb_5606532_uploaded_image1_1762343319.jpg"
"1771244283-515","https://sn.coinafrique.com/categorie/chaussures-enfants?2","Chaussures enfants","5 000CFA","Grand Dakar, Dakar, Sénégal","https://images.coinafrique.com/thumb_5584411_uploaded_image1_1761044461.jpg"
"1771244283-516","https://sn.coinafrique.com/categorie/chaussures-enfants?2","Baskets Adidas enfants","15 000CFA","Dakar, Sénégal","https://images.coinafrique.com/thumb_5578754_uploaded_image1_1760708246.jpg"
"1771244283-517","https://sn.coinafrique.com/categorie/chaussures-enfants?2","Baskets Nike","14 000CFA","Colobane, Dakar, Sénégal","https://images.coinafrique.com/thumb_5568313_uploaded_image1_1760122555.jpg"
"1771244283-518","https://sn.coinafrique.com/categorie/chaussures-enfants?2","Chaussures enfants","18 000CFA","Dakar, Sénégal","https://images.coinafrique.com/thumb_5556000_uploaded_image1_1759458374.jpg"
"1771244283-519","https://sn.coinafrique.com/categorie/chaussures-enfants?2","Chaussures enfant","2 000CFA","Dakar Plateau, Dakar, Sénégal","https://images.coinafrique.com/thumb_5555999_uploaded_image1_1759458125.jpg"
"1771244283-520","https://sn.coinafrique.com/categorie/chaussures-enfants?2","Baskets Nike TN pour enfants","20 000CFA","Dakar, Sénégal","https://images.coinafrique.com/thumb_5553767_uploaded_image1_1759362000.jpg"
"1771244283-521","https://sn.coinafrique.com/categorie/chaussures-enfants?2","Chaussures Jordan enfants","20 000CFA","Dakar Plateau, Dakar, Sénégal","https://images.coinafrique.com/thumb_5551856_uploaded_image1_1759301538.jpg"
"1771244283-522","https://sn.coinafrique.com/categorie/chaussures-enfants?2","Chaussures Jordan enfants","20 000CFA","Dakar, Sénégal","https://images.coinafrique.com/thumb_5551836_uploaded_image1_1759300588.jpg"
"1771244283-523","https://sn.coinafrique.com/categorie/chaussures-enfants?2","Chaussures enfants","5 000CFA","Mbao, Dakar, Sénégal","https://images.coinafrique.com/thumb_5545268_uploaded_image1_1758910584.jpg"
"1771244283-524","https://sn.coinafrique.com/categorie/chaussures-enfants?2","Chaussures enfant","Prix sur demande","Yoff, Dakar, Sénégal","https://images.coinafrique.com/thumb_5542655_uploaded_image1_1758784796.jpg"
"1771244283-525","https://sn.coinafrique.com/categorie/chaussures-enfants?2","Chaussures enfants","Prix sur demande","Yoff, Dakar, Sénégal","https://images.coinafrique.com/thumb_5540293_uploaded_image1_1758655238.jpg"
"1771244283-526","https://sn.coinafrique.com/categorie/chaussures-enfants?2","Chaussures enfants","18 000CFA","Dakar, Sénégal","https://images.coinafrique.com/thumb_5515698_uploaded_image1_1757382428.jpg"
"1771244283-527","https://sn.coinafrique.com/categorie/chaussures-enfants?2","Chaussures enfants","15 000CFA","Dakar Plateau, Dakar, Sénégal","https://images.coinafrique.com/thumb_5515694_uploaded_image1_1757382135.jpg"
"1771244283-528","https://sn.coinafrique.com/categorie/chaussures-enfants?2","Chaussures pour enfants","15 000CFA","Dakar Plateau, Dakar, Sénégal","https://images.coinafrique.com/thumb_5512056_uploaded_image1_1757170918.jpg"
"1771244283-529","https://sn.coinafrique.com/categorie/chaussures-enfants?2","Chaussures enfants et bébés","20 000CFA","Dakar, Sénégal","https://images.coinafrique.com/thumb_5507047_uploaded_image1_1756915193.jpg"
"1771244283-530","https://sn.coinafrique.com/categorie/chaussures-enfants?2","Chaussures enfants","Prix sur demande","Dakar, Sénégal","https://images.coinafrique.com/thumb_5503839_uploaded_image1_1756775841.jpg"
"1771244283-531","https://sn.coinafrique.com/categorie/chaussures-enfants?2","Chaussures enfants","Prix sur demande","Dakar Plateau, Dakar, Sénégal","https://images.coinafrique.com/thumb_5503837_uploaded_image2_1756775448.jpeg"
"1771244283-532","https://sn.coinafrique.com/categorie/chaussures-enfants?2","Chaussures enfants","Prix sur demande","Dakar, Sénégal","https://images.coinafrique.com/thumb_5494505_uploaded_image1_1756248709.jpg"
"1771244283-533","https://sn.coinafrique.com/categorie/chaussures-enfants?2","Bottes de pluie pour fille de 3 ans","15 000CFA","Parcelle Assainies, Dakar, Sénégal","https://images.coinafrique.com/thumb_5491455_uploaded_image1_1756082236.jpg"
"1771244283-534","https://sn.coinafrique.com/categorie/chaussures-enfants?2","Chaussures enfants","7 000CFA","Dakar, Sénégal","https://images.coinafrique.com/thumb_5416770_uploaded_image1_1752155346.jpg"
"1771244283-535","https://sn.coinafrique.com/categorie/chaussures-enfants?2","Chaussures enfants","7 000CFA","Dakar, Sénégal","https://images.coinafrique.com/thumb_5416767_uploaded_image1_1752155258.jpg"
"1771244283-536","https://sn.coinafrique.com/categorie/chaussures-enfants?2","Chaussures enfants","8 000CFA","Dakar Plateau, Dakar, Sénégal","https://images.coinafrique.com/thumb_5388880_uploaded_image1_1750707623.jpg"
"1771244283-537","https://sn.coinafrique.com/categorie/chaussures-enfants?2","Chaussures enfants","Prix sur demande","Ouakam, Dakar, Sénégal","https://images.coinafrique.com/thumb_5327025_uploaded_image1_1747213897.jpg"
"1771244283-538","https://sn.coinafrique.com/categorie/chaussures-enfants?2","Chaussures enfants","15 000CFA","Dakar Plateau, Dakar, Sénégal","https://images.coinafrique.com/thumb_5323154_uploaded_image1_1747018204.jpg"
"1771244283-539","https://sn.coinafrique.com/categorie/chaussures-enfants?2","Chaussures enfants","3 500CFA","Mermoz-Sacré Coeur, Dakar, Sénégal","https://images.coinafrique.com/thumb_5294713_uploaded_image1_1745421584.jpg"
"1771244283-540","https://sn.coinafrique.com/categorie/chaussures-enfants?2","Chaussures enfants","3 500CFA","Mermoz-Sacré Coeur, Dakar, Sénégal","https://images.coinafrique.com/thumb_5294302_uploaded_image1_1745410325.jpg"
"1771244283-541","https://sn.coinafrique.com/categorie/chaussures-enfants?2","Chaussures enfant","18 000CFA","Fass, Dakar, Sénégal","https://images.coinafrique.com/thumb_5284799_uploaded_image1_1744814056.jpg"
"1771244283-542","https://sn.coinafrique.com/categorie/chaussures-enfants?2","Chaussures enfant","18 000CFA","Fass, Dakar, Sénégal","https://images.coinafrique.com/thumb_5284783_uploaded_image1_1744813725.jpg"
"1771244283-543","https://sn.coinafrique.com/categorie/chaussures-enfants?2","Chaussures pour enfants","15 000CFA","Dakar Plateau, Dakar, Sénégal","https://images.coinafrique.com/thumb_5269411_uploaded_image1_1744009165.jpg"
"1771244283-544","https://sn.coinafrique.com/categorie/chaussures-enfants?2","Chaussures enfants","2 000CFA","Dakar, Sénégal","https://images.coinafrique.com/thumb_5253810_uploaded_image1_1743097199.jpg"
"1771244283-545","https://sn.coinafrique.com/categorie/chaussures-enfants?2","Chaussures enfants","20 000CFA","Dakar, Sénégal","https://images.coinafrique.com/thumb_5231318_uploaded_image1_1741923251.jpg"
"1771244283-546","https://sn.coinafrique.com/categorie/chaussures-enfants?2","Chaussures enfants","15 000CFA","Dakar Plateau, Dakar, Sénégal","https://images.coinafrique.com/thumb_5231304_uploaded_image1_1741922219.jpg"
"1771244283-547","https://sn.coinafrique.com/categorie/chaussures-enfants?2","Chaussures enfant","8 500CFA","Fass, Dakar, Sénégal","https://images.coinafrique.com/thumb_5181134_uploaded_image1_1739295232.jpg"
"1771244283-548","https://sn.coinafrique.com/categorie/chaussures-enfants?2","Chaussures enfant","7 000CFA","Fass, Dakar, Sénégal","https://images.coinafrique.com/thumb_5181139_uploaded_image1_1739295381.jpg"
"1771244283-549","https://sn.coinafrique.com/categorie/chaussures-enfants?2","Chaussures enfant","10 000CFA","Fass, Dakar, Sénégal","https://images.coinafrique.com/thumb_5181147_uploaded_image1_1739295472.jpg"
"1771244283-550","https://sn.coinafrique.com/categorie/chaussures-enfants?2","Baskets Nike Jordan","20 000CFA","Mbao, Dakar, Sénégal","https://images.coinafrique.com/thumb_5210436_uploaded_image1_1740934512.jpg"
"1771244283-551","https://sn.coinafrique.com/categorie/chaussures-enfants?2","Ballerines enfants","12 000CFA","Dakar, Sénégal","https://images.coinafrique.com/thumb_5141832_uploaded_image1_1737242187.jpg"
"1771244283-552","https://sn.coinafrique.com/categorie/chaussures-enfants?2","Chaussures enfants","2 000CFA","Dakar Plateau, Dakar, Sénégal","https://images.coinafrique.com/thumb_5125946_uploaded_image1_1736370156.jpg"
"1771244283-553","https://sn.coinafrique.com/categorie/chaussures-enfants?2","Baskets enfant","3 500CFA","Parcelle Assainies, Dakar, Sénégal","https://images.coinafrique.com/thumb_5080430_uploaded_image1_1733555952.jpg"
"1771244283-554","https://sn.coinafrique.com/categorie/chaussures-enfants?2","Basket","5 000CFA","Parcelle Assainies, Dakar, Sénégal","https://images.coinafrique.com/thumb_5080428_uploaded_image1_1733555768.jpg"
"1771244283-555","https://sn.coinafrique.com/categorie/chaussures-enfants?2","Claquettes","8 450CFA","Fass, Dakar, Sénégal","https://images.coinafrique.com/thumb_5047806_uploaded_image1_1731804849.jpg"
"1771244283-556","https://sn.coinafrique.com/categorie/chaussures-enfants?2","Ensemble chaussures et chaussettes pour bebe","1 800CFA","Dakar Plateau, Dakar, Sénégal","https://images.coinafrique.com/thumb_5037805_uploaded_image1_1731321094.jpg"
"1771244283-557","https://sn.coinafrique.com/categorie/chaussures-enfants?2","Ballerines enfants","Prix sur demande","Dakar, Sénégal","https://images.coinafrique.com/thumb_5002639_uploaded_image1_1729418695.jpg"
"1771244283-558","https://sn.coinafrique.com/categorie/chaussures-enfants?2","Baskets Nike Air Max","6 000CFA","Yoff, Dakar, Sénégal","https://images.coinafrique.com/thumb_4979173_uploaded_image1_1728164387.jpg"
"1771244283-559","https://sn.coinafrique.com/categorie/chaussures-enfants?2","Jordan enfants","20 000CFA","Dakar, Sénégal","https://images.coinafrique.com/thumb_4976138_uploaded_image1_1728002356.jpg"
"1771244283-560","https://sn.coinafrique.com/categorie/chaussures-enfants?2","jordans enfants","20 000CFA","Dakar Plateau, Dakar, Sénégal","https://images.coinafrique.com/thumb_4969624_uploaded_image1_1727758825.jpg"
"1771244283-561","https://sn.coinafrique.com/categorie/chaussures-enfants?2","Chaussures enfant","4 000CFA","Dakar, Sénégal","https://images.coinafrique.com/thumb_4950665_uploaded_image1_1726682392.jpg"
"1771244283-562","https://sn.coinafrique.com/categorie/chaussures-enfants?2","Chaussures enfants","13 000CFA","Dakar Plateau, Dakar, Sénégal","https://images.coinafrique.com/thumb_4934544_uploaded_image1_1725833379.jpg"
"1771244283-563","https://sn.coinafrique.com/categorie/chaussures-enfants?2","Baskets Nike enfants","15 000CFA","Dakar Plateau, Dakar, Sénégal","https://images.coinafrique.com/thumb_4930603_uploaded_image1_1725607998.jpg"
"1771244283-564","https://sn.coinafrique.com/categorie/chaussures-enfants?2","Baskets Jordan enfants","15 000CFA","Dakar Plateau, Dakar, Sénégal","https://images.coinafrique.com/thumb_4930596_uploaded_image1_1725607117.jpg"
"1771244283-565","https://sn.coinafrique.com/categorie/chaussures-enfants?2","Chaussures enfant","17 000CFA","Dakar, Sénégal","https://images.coinafrique.com/thumb_4928091_uploaded_image1_1725487369.jpg"
"1771244283-566","https://sn.coinafrique.com/categorie/chaussures-enfants?2","Baskets  Jordan enfants","16 000CFA","Dakar, Sénégal","https://images.coinafrique.com/thumb_4928088_uploaded_image1_1725487276.jpg"
"1771244283-567","https://sn.coinafrique.com/categorie/chaussures-enfants?2","Baskets Jordan 6","11 000CFA","Rufisque, Sénégal","https://images.coinafrique.com/thumb_4921251_uploaded_image1_1725193733.jpg"
"1771244283-568","https://sn.coinafrique.com/categorie/chaussures-enfants?2","Baskets Nike React","9 000CFA","Rufisque, Sénégal","https://images.coinafrique.com/thumb_4921241_uploaded_image1_1725193496.jpg"
"1771244283-569","https://sn.coinafrique.com/categorie/chaussures-enfants?2","Baskets enfant","8 000CFA","Rufisque, Sénégal","https://images.coinafrique.com/thumb_4921233_uploaded_image1_1725193317.jpg"
"1771244283-570","https://sn.coinafrique.com/categorie/chaussures-enfants?2","Chaussures enfant","20 000CFA","Dakar Plateau, Dakar, Sénégal","https://images.coinafrique.com/thumb_4870683_uploaded_image2_1722496365.jpeg"
"1771244283-571","https://sn.coinafrique.com/categorie/chaussures-enfants?2","Chaussures enfants","3 000CFA","Keur Massar, Sénégal","https://images.coinafrique.com/thumb_4797078_uploaded_image1_1718482814.jpg"
"1771244283-572","https://sn.coinafrique.com/categorie/chaussures-enfants?2","Chaussures bébé et enfant","Prix sur demande","Dakar, Sénégal","https://images.coinafrique.com/thumb_4783650_uploaded_image2_1717719898.jpeg"
"1771244283-573","https://sn.coinafrique.com/categorie/chaussures-enfants?2","Chaussures filles","25 000CFA","Dakar Plateau, Dakar, Sénégal","https://images.coinafrique.com/thumb_4781990_uploaded_image1_1717637500.jpg"
"1771244283-574","https://sn.coinafrique.com/categorie/chaussures-enfants?2","Chaussures enfants","15 000CFA","Dakar Plateau, Dakar, Sénégal","https://images.coinafrique.com/thumb_4781989_uploaded_image1_1717637364.jpg"
"1771244283-575","https://sn.coinafrique.com/categorie/chaussures-enfants?2","Chaussures enfants","8 000CFA","Dakar, Sénégal","https://images.coinafrique.com/thumb_4779994_uploaded_image1_1717548193.jpg"
"1771244283-576","https://sn.coinafrique.com/categorie/chaussures-enfants?2","Chaussures enfants","8 000CFA","Dakar, Sénégal","https://images.coinafrique.com/thumb_4779993_uploaded_image1_1717548114.jpg"
"1771244283-577","https://sn.coinafrique.com/categorie/chaussures-enfants?2","Chaussures pour enfants","2 500CFA","Pikine, Sénégal","https://images.coinafrique.com/thumb_4775765_uploaded_image1_1717362018.jpg"
"1771244283-578","https://sn.coinafrique.com/categorie/chaussures-enfants?2","Timberland enfants","7 000CFA","Dakar, Sénégal","https://images.coinafrique.com/thumb_4763656_uploaded_image1_1716765652.jpg"
"1771244283-579","https://sn.coinafrique.com/categorie/chaussures-enfants?2","Chaussures bébés Air Force","10 000CFA","Dakar Plateau, Dakar, Sénégal","https://images.coinafrique.com/thumb_4735737_uploaded_image1_1715305215.jpg"
"1771244283-580","https://sn.coinafrique.com/categorie/chaussures-enfants?2","Chaussures enfants","2 500CFA","Mermoz-Sacré Coeur, Dakar, Sénégal","https://images.coinafrique.com/thumb_4680911_uploaded_image1_1712514020.jpg"
"1771244283-581","https://sn.coinafrique.com/categorie/chaussures-enfants?2","Chaussures enfants","15 000CFA","Colobane, Dakar, Sénégal","https://images.coinafrique.com/thumb_4676405_uploaded_image1_1712262646.jpg"
"1771244283-582","https://sn.coinafrique.com/categorie/chaussures-enfants?2","Chaussures pour enfant","Prix sur demande","Yoff, Dakar, Sénégal","https://images.coinafrique.com/thumb_4656153_uploaded_image1_1711205088.jpg"
"1771244283-583","https://sn.coinafrique.com/categorie/chaussures-enfants?2","Pantoufles  enfants","2 500CFA","Grand Yoff, Dakar, Sénégal","https://images.coinafrique.com/thumb_4632466_uploaded_image1_1709901740.jpg"
"1771244283-584","https://sn.coinafrique.com/categorie/chaussures-enfants?2","Pantoufle enfants","2 500CFA","Mbao, Dakar, Sénégal","https://images.coinafrique.com/thumb_4626680_uploaded_image1_1709644598.jpg"
"1771244283-585","https://sn.coinafrique.com/categorie/chaussures-enfants?2","Chaussures enfant Ogiy","17 000CFA","Grand Yoff, Dakar, Sénégal","https://images.coinafrique.com/thumb_4623157_uploaded_image1_1709480174.jpg"
"1771244283-586","https://sn.coinafrique.com/categorie/chaussures-enfants?2","Chaussures enfants","6 500CFA","Sipres, Dakar, Sénégal","https://images.coinafrique.com/thumb_4608262_uploaded_image1_1708692132.jpg"
"1771244283-587","https://sn.coinafrique.com/categorie/chaussures-enfants?2","Chaussures enfants","6 500CFA","Sipres, Dakar, Sénégal","https://images.coinafrique.com/thumb_4608259_uploaded_image1_1708692072.jpg"
"1771244283-588","https://sn.coinafrique.com/categorie/chaussures-enfants?2","Chaussures enfant","6 000CFA","Dieuppeul-Derklé, Dakar, Sénégal","https://images.coinafrique.com/thumb_4566463_uploaded_image1_1706455557.jpg"
"1771244292-589","https://sn.coinafrique.com/categorie/chaussures-enfants?1","Chaussures bébé et enfants","Prix sur demande","Dakar Plateau, Dakar, Sénégal","https://images.coinafrique.com/thumb_5758574_uploaded_image1_1770232202.jpg"
"1771244292-590","https://sn.coinafrique.com/categorie/chaussures-enfants?1","Chaussures bébé et enfants","Prix sur demande","Dakar Plateau, Dakar, Sénégal","https://images.coinafrique.com/thumb_5758573_uploaded_image1_1770232189.jpg"
"1771244292-591","https://sn.coinafrique.com/categorie/chaussures-enfants?1","Chaussures bébé et enfants","Prix sur demande","Dakar Plateau, Dakar, Sénégal","https://images.coinafrique.com/thumb_5758572_uploaded_image1_1770232144.jpg"
"1771244292-592","https://sn.coinafrique.com/categorie/chaussures-enfants?1","Chaussures bébés et enfants","Prix sur demande","Dakar, Sénégal","https://images.coinafrique.com/thumb_5758569_uploaded_image1_1770231833.jpg"
"1771244292-593","https://sn.coinafrique.com/categorie/chaussures-enfants?1","Chaussures enfants","500CFA","Mermoz-Sacré Coeur, Dakar, Sénégal","https://images.coinafrique.com/thumb_5726987_uploaded_image2_1768721889.jpeg"
"1771244292-594","https://sn.coinafrique.com/categorie/chaussures-enfants?1","Chaussures enfants","20 000CFA","Dakar, Sénégal","https://images.coinafrique.com/thumb_5698980_uploaded_image1_1767320096.jpg"
"1771244292-595","https://sn.coinafrique.com/categorie/chaussures-enfants?1","Chaussures enfants","20 000CFA","Dakar Plateau, Dakar, Sénégal","https://images.coinafrique.com/thumb_5698971_uploaded_image1_1767319248.jpg"
"1771244292-596","https://sn.coinafrique.com/categorie/chaussures-enfants?1","Chaussures enfants","15 000CFA","Dakar Plateau, Dakar, Sénégal","https://images.coinafrique.com/thumb_5662804_uploaded_image1_1765242328.jpg"
"1771244292-597","https://sn.coinafrique.com/categorie/chaussures-enfants?1","Chaussures enfants","15 000CFA","Dakar, Sénégal","https://images.coinafrique.com/thumb_5662795_uploaded_image1_1765241951.jpg"
"1771244292-598","https://sn.coinafrique.com/categorie/chaussures-enfants?1","Chaussures enfants","5 000CFA","Ouest Foire, Dakar, Sénégal","https://images.coinafrique.com/thumb_5606532_uploaded_image1_1762343319.jpg"
"1771244292-599","https://sn.coinafrique.com/categorie/chaussures-enfants?1","Chaussures enfants","5 000CFA","Grand Dakar, Dakar, Sénégal","https://images.coinafrique.com/thumb_5584411_uploaded_image1_1761044461.jpg"
"1771244292-600","https://sn.coinafrique.com/categorie/chaussures-enfants?1","Baskets Adidas enfants","15 000CFA","Dakar, Sénégal","https://images.coinafrique.com/thumb_5578754_uploaded_image1_1760708246.jpg"
"1771244292-601","https://sn.coinafrique.com/categorie/chaussures-enfants?1","Baskets Nike","14 000CFA","Colobane, Dakar, Sénégal","https://images.coinafrique.com/thumb_5568313_uploaded_image1_1760122555.jpg"
"1771244292-602","https://sn.coinafrique.com/categorie/chaussures-enfants?1","Chaussures enfants","18 000CFA","Dakar, Sénégal","https://images.coinafrique.com/thumb_5556000_uploaded_image1_1759458374.jpg"
"1771244292-603","https://sn.coinafrique.com/categorie/chaussures-enfants?1","Chaussures enfant","2 000CFA","Dakar Plateau, Dakar, Sénégal","https://images.coinafrique.com/thumb_5555999_uploaded_image1_1759458125.jpg"
"1771244292-604","https://sn.coinafrique.com/categorie/chaussures-enfants?1","Baskets Nike TN pour enfants","20 000CFA","Dakar, Sénégal","https://images.coinafrique.com/thumb_5553767_uploaded_image1_1759362000.jpg"
"1771244292-605","https://sn.coinafrique.com/categorie/chaussures-enfants?1","Chaussures Jordan enfants","20 000CFA","Dakar Plateau, Dakar, Sénégal","https://images.coinafrique.com/thumb_5551856_uploaded_image1_1759301538.jpg"
"1771244292-606","https://sn.coinafrique.com/categorie/chaussures-enfants?1","Chaussures Jordan enfants","20 000CFA","Dakar, Sénégal","https://images.coinafrique.com/thumb_5551836_uploaded_image1_1759300588.jpg"
"1771244292-607","https://sn.coinafrique.com/categorie/chaussures-enfants?1","Chaussures enfants","5 000CFA","Mbao, Dakar, Sénégal","https://images.coinafrique.com/thumb_5545268_uploaded_image1_1758910584.jpg"
"1771244292-608","https://sn.coinafrique.com/categorie/chaussures-enfants?1","Chaussures enfant","Prix sur demande","Yoff, Dakar, Sénégal","https://images.coinafrique.com/thumb_5542655_uploaded_image1_1758784796.jpg"
"1771244292-609","https://sn.coinafrique.com/categorie/chaussures-enfants?1","Chaussures enfants","Prix sur demande","Yoff, Dakar, Sénégal","https://images.coinafrique.com/thumb_5540293_uploaded_image1_1758655238.jpg"
"1771244292-610","https://sn.coinafrique.com/categorie/chaussures-enfants?1","Chaussures enfants","18 000CFA","Dakar, Sénégal","https://images.coinafrique.com/thumb_5515698_uploaded_image1_1757382428.jpg"
"1771244292-611","https://sn.coinafrique.com/categorie/chaussures-enfants?1","Chaussures enfants","15 000CFA","Dakar Plateau, Dakar, Sénégal","https://images.coinafrique.com/thumb_5515694_uploaded_image1_1757382135.jpg"
"1771244292-612","https://sn.coinafrique.com/categorie/chaussures-enfants?1","Chaussures pour enfants","15 000CFA","Dakar Plateau, Dakar, Sénégal","https://images.coinafrique.com/thumb_5512056_uploaded_image1_1757170918.jpg"
"1771244292-613","https://sn.coinafrique.com/categorie/chaussures-enfants?1","Chaussures enfants et bébés","20 000CFA","Dakar, Sénégal","https://images.coinafrique.com/thumb_5507047_uploaded_image1_1756915193.jpg"
"1771244292-614","https://sn.coinafrique.com/categorie/chaussures-enfants?1","Chaussures enfants","Prix sur demande","Dakar, Sénégal","https://images.coinafrique.com/thumb_5503839_uploaded_image1_1756775841.jpg"
"1771244292-615","https://sn.coinafrique.com/categorie/chaussures-enfants?1","Chaussures enfants","Prix sur demande","Dakar Plateau, Dakar, Sénégal","https://images.coinafrique.com/thumb_5503837_uploaded_image2_1756775448.jpeg"
"1771244292-616","https://sn.coinafrique.com/categorie/chaussures-enfants?1","Chaussures enfants","Prix sur demande","Dakar, Sénégal","https://images.coinafrique.com/thumb_5494505_uploaded_image1_1756248709.jpg"
"1771244292-617","https://sn.coinafrique.com/categorie/chaussures-enfants?1","Bottes de pluie pour fille de 3 ans","15 000CFA","Parcelle Assainies, Dakar, Sénégal","https://images.coinafrique.com/thumb_5491455_uploaded_image1_1756082236.jpg"
"1771244292-618","https://sn.coinafrique.com/categorie/chaussures-enfants?1","Chaussures enfants","7 000CFA","Dakar, Sénégal","https://images.coinafrique.com/thumb_5416770_uploaded_image1_1752155346.jpg"
"1771244292-619","https://sn.coinafrique.com/categorie/chaussures-enfants?1","Chaussures enfants","7 000CFA","Dakar, Sénégal","https://images.coinafrique.com/thumb_5416767_uploaded_image1_1752155258.jpg"
"1771244292-620","https://sn.coinafrique.com/categorie/chaussures-enfants?1","Chaussures enfants","8 000CFA","Dakar Plateau, Dakar, Sénégal","https://images.coinafrique.com/thumb_5388880_uploaded_image1_1750707623.jpg"
"1771244292-621","https://sn.coinafrique.com/categorie/chaussures-enfants?1","Chaussures enfants","Prix sur demande","Ouakam, Dakar, Sénégal","https://images.coinafrique.com/thumb_5327025_uploaded_image1_1747213897.jpg"
"1771244292-622","https://sn.coinafrique.com/categorie/chaussures-enfants?1","Chaussures enfants","15 000CFA","Dakar Plateau, Dakar, Sénégal","https://images.coinafrique.com/thumb_5323154_uploaded_image1_1747018204.jpg"
"1771244292-623","https://sn.coinafrique.com/categorie/chaussures-enfants?1","Chaussures enfants","3 500CFA","Mermoz-Sacré Coeur, Dakar, Sénégal","https://images.coinafrique.com/thumb_5294713_uploaded_image1_1745421584.jpg"
"1771244292-624","https://sn.coinafrique.com/categorie/chaussures-enfants?1","Chaussures enfants","3 500CFA","Mermoz-Sacré Coeur, Dakar, Sénégal","https://images.coinafrique.com/thumb_5294302_uploaded_image1_1745410325.jpg"
"1771244292-625","https://sn.coinafrique.com/categorie/chaussures-enfants?1","Chaussures enfant","18 000CFA","Fass, Dakar, Sénégal","https://images.coinafrique.com/thumb_5284799_uploaded_image1_1744814056.jpg"
"1771244292-626","https://sn.coinafrique.com/categorie/chaussures-enfants?1","Chaussures enfant","18 000CFA","Fass, Dakar, Sénégal","https://images.coinafrique.com/thumb_5284783_uploaded_image1_1744813725.jpg"
"1771244292-627","https://sn.coinafrique.com/categorie/chaussures-enfants?1","Chaussures pour enfants","15 000CFA","Dakar Plateau, Dakar, Sénégal","https://images.coinafrique.com/thumb_5269411_uploaded_image1_1744009165.jpg"
"1771244292-628","https://sn.coinafrique.com/categorie/chaussures-enfants?1","Chaussures enfants","2 000CFA","Dakar, Sénégal","https://images.coinafrique.com/thumb_5253810_uploaded_image1_1743097199.jpg"
"1771244292-629","https://sn.coinafrique.com/categorie/chaussures-enfants?1","Chaussures enfants","20 000CFA","Dakar, Sénégal","https://images.coinafrique.com/thumb_5231318_uploaded_image1_1741923251.jpg"
"1771244292-630","https://sn.coinafrique.com/categorie/chaussures-enfants?1","Chaussures enfants","15 000CFA","Dakar Plateau, Dakar, Sénégal","https://images.coinafrique.com/thumb_5231304_uploaded_image1_1741922219.jpg"
"1771244292-631","https://sn.coinafrique.com/categorie/chaussures-enfants?1","Chaussures enfant","8 500CFA","Fass, Dakar, Sénégal","https://images.coinafrique.com/thumb_5181134_uploaded_image1_1739295232.jpg"
"1771244292-632","https://sn.coinafrique.com/categorie/chaussures-enfants?1","Chaussures enfant","7 000CFA","Fass, Dakar, Sénégal","https://images.coinafrique.com/thumb_5181139_uploaded_image1_1739295381.jpg"
"1771244292-633","https://sn.coinafrique.com/categorie/chaussures-enfants?1","Chaussures enfant","10 000CFA","Fass, Dakar, Sénégal","https://images.coinafrique.com/thumb_5181147_uploaded_image1_1739295472.jpg"
"1771244292-634","https://sn.coinafrique.com/categorie/chaussures-enfants?1","Baskets Nike Jordan","20 000CFA","Mbao, Dakar, Sénégal","https://images.coinafrique.com/thumb_5210436_uploaded_image1_1740934512.jpg"
"1771244292-635","https://sn.coinafrique.com/categorie/chaussures-enfants?1","Ballerines enfants","12 000CFA","Dakar, Sénégal","https://images.coinafrique.com/thumb_5141832_uploaded_image1_1737242187.jpg"
"1771244292-636","https://sn.coinafrique.com/categorie/chaussures-enfants?1","Chaussures enfants","2 000CFA","Dakar Plateau, Dakar, Sénégal","https://images.coinafrique.com/thumb_5125946_uploaded_image1_1736370156.jpg"
"1771244292-637","https://sn.coinafrique.com/categorie/chaussures-enfants?1","Baskets enfant","3 500CFA","Parcelle Assainies, Dakar, Sénégal","https://images.coinafrique.com/thumb_5080430_uploaded_image1_1733555952.jpg"
"1771244292-638","https://sn.coinafrique.com/categorie/chaussures-enfants?1","Basket","5 000CFA","Parcelle Assainies, Dakar, Sénégal","https://images.coinafrique.com/thumb_5080428_uploaded_image1_1733555768.jpg"
"1771244292-639","https://sn.coinafrique.com/categorie/chaussures-enfants?1","Claquettes","8 450CFA","Fass, Dakar, Sénégal","https://images.coinafrique.com/thumb_5047806_uploaded_image1_1731804849.jpg"
"1771244292-640","https://sn.coinafrique.com/categorie/chaussures-enfants?1","Ensemble chaussures et chaussettes pour bebe","1 800CFA","Dakar Plateau, Dakar, Sénégal","https://images.coinafrique.com/thumb_5037805_uploaded_image1_1731321094.jpg"
"1771244292-641","https://sn.coinafrique.com/categorie/chaussures-enfants?1","Ballerines enfants","Prix sur demande","Dakar, Sénégal","https://images.coinafrique.com/thumb_5002639_uploaded_image1_1729418695.jpg"
"1771244292-642","https://sn.coinafrique.com/categorie/chaussures-enfants?1","Baskets Nike Air Max","6 000CFA","Yoff, Dakar, Sénégal","https://images.coinafrique.com/thumb_4979173_uploaded_image1_1728164387.jpg"
"1771244292-643","https://sn.coinafrique.com/categorie/chaussures-enfants?1","Jordan enfants","20 000CFA","Dakar, Sénégal","https://images.coinafrique.com/thumb_4976138_uploaded_image1_1728002356.jpg"
"1771244292-644","https://sn.coinafrique.com/categorie/chaussures-enfants?1","jordans enfants","20 000CFA","Dakar Plateau, Dakar, Sénégal","https://images.coinafrique.com/thumb_4969624_uploaded_image1_1727758825.jpg"
"1771244292-645","https://sn.coinafrique.com/categorie/chaussures-enfants?1","Chaussures enfant","4 000CFA","Dakar, Sénégal","https://images.coinafrique.com/thumb_4950665_uploaded_image1_1726682392.jpg"
"1771244292-646","https://sn.coinafrique.com/categorie/chaussures-enfants?1","Chaussures enfants","13 000CFA","Dakar Plateau, Dakar, Sénégal","https://images.coinafrique.com/thumb_4934544_uploaded_image1_1725833379.jpg"
"1771244292-647","https://sn.coinafrique.com/categorie/chaussures-enfants?1","Baskets Nike enfants","15 000CFA","Dakar Plateau, Dakar, Sénégal","https://images.coinafrique.com/thumb_4930603_uploaded_image1_1725607998.jpg"
"1771244292-648","https://sn.coinafrique.com/categorie/chaussures-enfants?1","Baskets Jordan enfants","15 000CFA","Dakar Plateau, Dakar, Sénégal","https://images.coinafrique.com/thumb_4930596_uploaded_image1_1725607117.jpg"
"1771244292-649","https://sn.coinafrique.com/categorie/chaussures-enfants?1","Chaussures enfant","17 000CFA","Dakar, Sénégal","https://images.coinafrique.com/thumb_4928091_uploaded_image1_1725487369.jpg"
"1771244292-650","https://sn.coinafrique.com/categorie/chaussures-enfants?1","Baskets  Jordan enfants","16 000CFA","Dakar, Sénégal","https://images.coinafrique.com/thumb_4928088_uploaded_image1_1725487276.jpg"
"1771244292-651","https://sn.coinafrique.com/categorie/chaussures-enfants?1","Baskets Jordan 6","11 000CFA","Rufisque, Sénégal","https://images.coinafrique.com/thumb_4921251_uploaded_image1_1725193733.jpg"
"1771244292-652","https://sn.coinafrique.com/categorie/chaussures-enfants?1","Baskets Nike React","9 000CFA","Rufisque, Sénégal","https://images.coinafrique.com/thumb_4921241_uploaded_image1_1725193496.jpg"
"1771244292-653","https://sn.coinafrique.com/categorie/chaussures-enfants?1","Baskets enfant","8 000CFA","Rufisque, Sénégal","https://images.coinafrique.com/thumb_4921233_uploaded_image1_1725193317.jpg"
"1771244292-654","https://sn.coinafrique.com/categorie/chaussures-enfants?1","Chaussures enfant","20 000CFA","Dakar Plateau, Dakar, Sénégal","https://images.coinafrique.com/thumb_4870683_uploaded_image2_1722496365.jpeg"
"1771244292-655","https://sn.coinafrique.com/categorie/chaussures-enfants?1","Chaussures enfants","3 000CFA","Keur Massar, Sénégal","https://images.coinafrique.com/thumb_4797078_uploaded_image1_1718482814.jpg"
"1771244292-656","https://sn.coinafrique.com/categorie/chaussures-enfants?1","Chaussures bébé et enfant","Prix sur demande","Dakar, Sénégal","https://images.coinafrique.com/thumb_4783650_uploaded_image2_1717719898.jpeg"
"1771244292-657","https://sn.coinafrique.com/categorie/chaussures-enfants?1","Chaussures filles","25 000CFA","Dakar Plateau, Dakar, Sénégal","https://images.coinafrique.com/thumb_4781990_uploaded_image1_1717637500.jpg"
"1771244292-658","https://sn.coinafrique.com/categorie/chaussures-enfants?1","Chaussures enfants","15 000CFA","Dakar Plateau, Dakar, Sénégal","https://images.coinafrique.com/thumb_4781989_uploaded_image1_1717637364.jpg"
"1771244292-659","https://sn.coinafrique.com/categorie/chaussures-enfants?1","Chaussures enfants","8 000CFA","Dakar, Sénégal","https://images.coinafrique.com/thumb_4779994_uploaded_image1_1717548193.jpg"
"1771244292-660","https://sn.coinafrique.com/categorie/chaussures-enfants?1","Chaussures enfants","8 000CFA","Dakar, Sénégal","https://images.coinafrique.com/thumb_4779993_uploaded_image1_1717548114.jpg"
"1771244292-661","https://sn.coinafrique.com/categorie/chaussures-enfants?1","Chaussures pour enfants","2 500CFA","Pikine, Sénégal","https://images.coinafrique.com/thumb_4775765_uploaded_image1_1717362018.jpg"
"1771244292-662","https://sn.coinafrique.com/categorie/chaussures-enfants?1","Timberland enfants","7 000CFA","Dakar, Sénégal","https://images.coinafrique.com/thumb_4763656_uploaded_image1_1716765652.jpg"
"1771244292-663","https://sn.coinafrique.com/categorie/chaussures-enfants?1","Chaussures bébés Air Force","10 000CFA","Dakar Plateau, Dakar, Sénégal","https://images.coinafrique.com/thumb_4735737_uploaded_image1_1715305215.jpg"
"1771244292-664","https://sn.coinafrique.com/categorie/chaussures-enfants?1","Chaussures enfants","2 500CFA","Mermoz-Sacré Coeur, Dakar, Sénégal","https://images.coinafrique.com/thumb_4680911_uploaded_image1_1712514020.jpg"
"1771244292-665","https://sn.coinafrique.com/categorie/chaussures-enfants?1","Chaussures enfants","15 000CFA","Colobane, Dakar, Sénégal","https://images.coinafrique.com/thumb_4676405_uploaded_image1_1712262646.jpg"
"1771244292-666","https://sn.coinafrique.com/categorie/chaussures-enfants?1","Chaussures pour enfant","Prix sur demande","Yoff, Dakar, Sénégal","https://images.coinafrique.com/thumb_4656153_uploaded_image1_1711205088.jpg"
"1771244292-667","https://sn.coinafrique.com/categorie/chaussures-enfants?1","Pantoufles  enfants","2 500CFA","Grand Yoff, Dakar, Sénégal","https://images.coinafrique.com/thumb_4632466_uploaded_image1_1709901740.jpg"
"1771244292-668","https://sn.coinafrique.com/categorie/chaussures-enfants?1","Pantoufle enfants","2 500CFA","Mbao, Dakar, Sénégal","https://images.coinafrique.com/thumb_4626680_uploaded_image1_1709644598.jpg"
"1771244292-669","https://sn.coinafrique.com/categorie/chaussures-enfants?1","Chaussures enfant Ogiy","17 000CFA","Grand Yoff, Dakar, Sénégal","https://images.coinafrique.com/thumb_4623157_uploaded_image1_1709480174.jpg"
"1771244292-670","https://sn.coinafrique.com/categorie/chaussures-enfants?1","Chaussures enfants","6 500CFA","Sipres, Dakar, Sénégal","https://images.coinafrique.com/thumb_4608262_uploaded_image1_1708692132.jpg"
"1771244292-671","https://sn.coinafrique.com/categorie/chaussures-enfants?1","Chaussures enfants","6 500CFA","Sipres, Dakar, Sénégal","https://images.coinafrique.com/thumb_4608259_uploaded_image1_1708692072.jpg"
"1771244292-672","https://sn.coinafrique.com/categorie/chaussures-enfants?1","Chaussures enfant","6 000CFA","Dieuppeul-Derklé, Dakar, Sénégal","https://images.coinafrique.com/thumb_4566463_uploaded_image1_1706455557.jpg"
