web_scraper_order,web_scraper_start_url,type_habits,prix,adresse,image_lien
"1771242777-1","https://sn.coinafrique.com/categorie/vetements-enfants?page=21","Vêtements enfants","Prix sur demande","Ouakam, Dakar, Sénégal","https://images.coinafrique.com/thumb_929221_uploaded_image1_1568130227.07.png"
"1771242777-2","https://sn.coinafrique.com/categorie/vetements-enfants?page=21","Vêtements Enfant","Prix sur demande","Ouakam, Dakar, Sénégal","https://images.coinafrique.com/thumb_929220_uploaded_image1_1568130345.41.png"
"1771242777-3","https://sn.coinafrique.com/categorie/vetements-enfants?page=21","Vêtements enfants","12 000CFA","Dakar, Sénégal","https://images.coinafrique.com/thumb_918132_uploaded_image1_1567810084.62.png"
"1771242777-4","https://sn.coinafrique.com/categorie/vetements-enfants?page=21","Vêtements enfants","10 500CFA","Dakar, Sénégal","https://images.coinafrique.com/thumb_918128_uploaded_image1_1567809825.27.png"
"1771242777-5","https://sn.coinafrique.com/categorie/vetements-enfants?page=21","Vêtements enfants","10 500CFA","Dakar, Sénégal","https://images.coinafrique.com/thumb_918127_uploaded_image1_1567809637.8.png"
"1771242777-6","https://sn.coinafrique.com/categorie/vetements-enfants?page=21","Vêtements enfants","21 000CFA","Dakar, Sénégal","https://images.coinafrique.com/thumb_918122_uploaded_image1_1567809516.5.png"
"1771242777-7","https://sn.coinafrique.com/categorie/vetements-enfants?page=21","Blouson enfant","16 000CFA","Médina, Dakar, Sénégal","https://images.coinafrique.com/thumb_915850_uploaded_image1_1567763636.38.png"
"1771242777-8","https://sn.coinafrique.com/categorie/vetements-enfants?page=21","Vêtements enfant","Prix sur demande","Dakar, Sénégal","https://images.coinafrique.com/thumb_902731_uploaded_image1_1567471827.27.png"
"1771242777-9","https://sn.coinafrique.com/categorie/vetements-enfants?page=21","Langes bébé","7 000CFA","Patte d'Oie, Dakar, Sénégal","https://images.coinafrique.com/thumb_902542_uploaded_image1_1567465870.43.png"
"1771242777-10","https://sn.coinafrique.com/categorie/vetements-enfants?page=21","Gigoteuse","10 000CFA","Sénégal","https://images.coinafrique.com/thumb_894885_uploaded_image1_1567205957.07.png"
"1771242777-11","https://sn.coinafrique.com/categorie/vetements-enfants?page=21","Blouson enfant","Prix sur demande","Médina, Dakar, Sénégal","https://images.coinafrique.com/thumb_892154_uploaded_image1_1567155680.4.png"
"1771242777-12","https://sn.coinafrique.com/categorie/vetements-enfants?page=21","Robe enfant","Prix sur demande","Dakar, Sénégal","https://images.coinafrique.com/thumb_889084_uploaded_image1_1567081638.65.png"
"1771242777-13","https://sn.coinafrique.com/categorie/vetements-enfants?page=21","Robe enfant","Prix sur demande","Dakar, Sénégal","https://images.coinafrique.com/thumb_889080_uploaded_image1_1567081597.59.png"
"1771242777-14","https://sn.coinafrique.com/categorie/vetements-enfants?page=21","Vêtements enfants","Prix sur demande","Point E, Dakar, Sénégal","https://images.coinafrique.com/thumb_882774_uploaded_image1_1566929353.89.png"
"1771242777-15","https://sn.coinafrique.com/categorie/vetements-enfants?page=21","Vêtement  bébé","6 000CFA","Cambérène, Dakar, Sénégal","https://images.coinafrique.com/thumb_882678_uploaded_image1_1566927510.43.png"
"1771242777-16","https://sn.coinafrique.com/categorie/vetements-enfants?page=21","Friperie 1er choix - Vêtements enfants","Prix sur demande","Dieuppeul-Derklé, Dakar, Sénégal","https://images.coinafrique.com/thumb_874430_uploaded_image1_1566726381.32.png"
"1771242777-17","https://sn.coinafrique.com/categorie/vetements-enfants?page=21","Friperie de 1er choix - Vêtements enfants","Prix sur demande","Dieuppeul-Derklé, Dakar, Sénégal","https://images.coinafrique.com/thumb_874424_uploaded_image1_1566726248.32.png"
"1771242777-18","https://sn.coinafrique.com/categorie/vetements-enfants?page=21","Vêtements Enfants - friperie de 1er choix","Prix sur demande","Dieuppeul-Derklé, Dakar, Sénégal","https://images.coinafrique.com/thumb_874422_uploaded_image1_1566726154.26.png"
"1771242777-19","https://sn.coinafrique.com/categorie/vetements-enfants?page=21","Friperie 1er choix - Vêtements enfants","Prix sur demande","Dieuppeul-Derklé, Dakar, Sénégal","https://images.coinafrique.com/thumb_874418_uploaded_image1_1566726014.16.png"
"1771242777-20","https://sn.coinafrique.com/categorie/vetements-enfants?page=21","Vêtements enfants","Prix sur demande","Dieuppeul-Derklé, Dakar, Sénégal","https://images.coinafrique.com/thumb_874410_uploaded_image1_1566725903.03.png"
"1771242777-21","https://sn.coinafrique.com/categorie/vetements-enfants?page=21","Friperie de 1er choix","Prix sur demande","Dakar, Sénégal","https://images.coinafrique.com/thumb_874399_uploaded_image1_1566725623.64.png"
"1771242777-22","https://sn.coinafrique.com/categorie/vetements-enfants?page=21","Blouson pour enfant","Prix sur demande","Médina, Dakar, Sénégal","https://images.coinafrique.com/thumb_859544_uploaded_image1_1566339969.44.png"
"1771242777-23","https://sn.coinafrique.com/categorie/vetements-enfants?page=21","Vêtements enfants","Prix sur demande","Médina, Dakar, Sénégal","https://images.coinafrique.com/thumb_859540_uploaded_image1_1566339904.59.png"
"1771242777-24","https://sn.coinafrique.com/categorie/vetements-enfants?page=21","Robe enfant","8 000CFA","Sénégal","https://images.coinafrique.com/thumb_829029_uploaded_image1_1565382378.89.png"
"1771242777-25","https://sn.coinafrique.com/categorie/vetements-enfants?page=21","Robe","Prix sur demande","Dakar, Sénégal","https://images.coinafrique.com/thumb_821731_uploaded_image1_1565208424.68.png"
"1771242777-26","https://sn.coinafrique.com/categorie/vetements-enfants?page=21","Collection robes de Tabaski","Prix sur demande","Guediawaye, Dakar, Sénégal","https://images.coinafrique.com/thumb_814621_uploaded_image1_1565037683.29.png"
"1771242777-27","https://sn.coinafrique.com/categorie/vetements-enfants?page=21","Blouson Enfant","Prix sur demande","Médina, Dakar, Sénégal","https://images.coinafrique.com/thumb_809246_uploaded_image1_1564866370.7.png"
"1771242777-28","https://sn.coinafrique.com/categorie/vetements-enfants?page=21","Robes bazin brodé - enfant","15 000CFA","Hann Bel-Air, Dakar, Sénégal","https://images.coinafrique.com/thumb_808557_uploaded_image1_1564848841.78.png"
"1771242777-29","https://sn.coinafrique.com/categorie/vetements-enfants?page=21","Vêtements enfant - Bazin Getzner","20 000CFA","Hann Bel-Air, Dakar, Sénégal","https://images.coinafrique.com/thumb_808553_uploaded_image1_1564848715.66.png"
"1771242777-30","https://sn.coinafrique.com/categorie/vetements-enfants?page=21","Robe   Getzner  enfant","20 000CFA","Hann Bel-Air, Dakar, Sénégal","https://images.coinafrique.com/thumb_808545_uploaded_image1_1564848572.85.png"
"1771242777-31","https://sn.coinafrique.com/categorie/vetements-enfants?page=21","Vêtements enfant","Prix sur demande","HLM, Dakar, Sénégal","https://images.coinafrique.com/thumb_803921_uploaded_image1_1564729928.32.png"
"1771242777-32","https://sn.coinafrique.com/categorie/vetements-enfants?page=21","Ensemble garçon","Prix sur demande","Biscuiterie, Dakar, Sénégal","https://images.coinafrique.com/thumb_799559_uploaded_image1_1564591431.49.png"
"1771242777-33","https://sn.coinafrique.com/categorie/vetements-enfants?page=21","Robe enfant","Prix sur demande","Biscuiterie, Dakar, Sénégal","https://images.coinafrique.com/thumb_799552_uploaded_image1_1564591269.56.png"
"1771242777-34","https://sn.coinafrique.com/categorie/vetements-enfants?page=21","Robe pour enfants","Prix sur demande","Petit-Mbao, Dakar, Sénégal","https://images.coinafrique.com/thumb_799192_uploaded_image1_1564585177.98.png"
"1771242777-35","https://sn.coinafrique.com/categorie/vetements-enfants?page=21","Robes pour enfant","Prix sur demande","Petit-Mbao, Dakar, Sénégal","https://images.coinafrique.com/thumb_799190_uploaded_image1_1564585120.62.png"
"1771242777-36","https://sn.coinafrique.com/categorie/vetements-enfants?page=21","Vêtements enfant","Prix sur demande","Médina, Dakar, Sénégal","https://images.coinafrique.com/thumb_794850_uploaded_image1_1564483781.69.png"
"1771242777-37","https://sn.coinafrique.com/categorie/vetements-enfants?page=21","Costume Enfant","Prix sur demande","Médina, Dakar, Sénégal","https://images.coinafrique.com/thumb_789093_uploaded_image1_1564310873.21.png"
"1771242777-38","https://sn.coinafrique.com/categorie/vetements-enfants?page=21","Tenue enfant","18 000CFA","Dakar, Sénégal","https://images.coinafrique.com/thumb_780901_uploaded_image1_1564061950.08.png"
"1771242777-39","https://sn.coinafrique.com/categorie/vetements-enfants?page=21","Ensemble pour enfant","Prix sur demande","Dakar, Sénégal","https://images.coinafrique.com/thumb_780854_uploaded_image1_1564061441.75.png"
"1771242777-40","https://sn.coinafrique.com/categorie/vetements-enfants?page=21","Ensemble Biberon 5 Pièces de Garçons en Bleu - à partir de ...","1 900CFA","Sicap Liberté, Dakar, Sénégal","https://images.coinafrique.com/thumb_777756_uploaded_image1_1563987300.49.png"
"1771242777-41","https://sn.coinafrique.com/categorie/vetements-enfants?page=21","Vêtements enfant","Prix sur demande","Dakar, Sénégal","https://images.coinafrique.com/thumb_777530_uploaded_image1_1563983540.87.png"
"1771242777-42","https://sn.coinafrique.com/categorie/vetements-enfants?page=21","Robe enfant","Prix sur demande","Dakar, Sénégal","https://images.coinafrique.com/thumb_777518_uploaded_image1_1563983306.57.png"
"1771242777-43","https://sn.coinafrique.com/categorie/vetements-enfants?page=21","Robe enfant","Prix sur demande","Dakar, Sénégal","https://images.coinafrique.com/thumb_777499_uploaded_image1_1563983051.01.png"
"1771242777-44","https://sn.coinafrique.com/categorie/vetements-enfants?page=21","Robe fillette","Prix sur demande","Dakar, Sénégal","https://images.coinafrique.com/thumb_777479_uploaded_image1_1563982898.84.png"
"1771242777-45","https://sn.coinafrique.com/categorie/vetements-enfants?page=21","Robe fillette","Prix sur demande","Dakar, Sénégal","https://images.coinafrique.com/thumb_777474_uploaded_image1_1563982835.05.png"
"1771242777-46","https://sn.coinafrique.com/categorie/vetements-enfants?page=21","Vêtements enfant","Prix sur demande","Dakar, Sénégal","https://images.coinafrique.com/thumb_777469_uploaded_image1_1563982780.11.png"
"1771242777-47","https://sn.coinafrique.com/categorie/vetements-enfants?page=21","Robe enfant","Prix sur demande","Dakar, Sénégal","https://images.coinafrique.com/thumb_777455_uploaded_image1_1563982643.5.png"
"1771242777-48","https://sn.coinafrique.com/categorie/vetements-enfants?page=21","Robe enfant","Prix sur demande","Dakar, Sénégal","https://images.coinafrique.com/thumb_777414_uploaded_image1_1563982287.77.png"
"1771242777-49","https://sn.coinafrique.com/categorie/vetements-enfants?page=21","Vêtements pour enfant","Prix sur demande","Dakar, Sénégal","https://images.coinafrique.com/thumb_777403_uploaded_image1_1563982192.33.png"
"1771242777-50","https://sn.coinafrique.com/categorie/vetements-enfants?page=21","Robe","Prix sur demande","Dakar, Sénégal","https://images.coinafrique.com/thumb_777221_uploaded_image1_1563980200.54.png"
"1771242777-51","https://sn.coinafrique.com/categorie/vetements-enfants?page=21","Robe petite fille","Prix sur demande","Dakar, Sénégal","https://images.coinafrique.com/thumb_777193_uploaded_image1_1563979627.11.png"
"1771242777-52","https://sn.coinafrique.com/categorie/vetements-enfants?page=21","Robe","Prix sur demande","Dakar, Sénégal","https://images.coinafrique.com/thumb_777133_uploaded_image1_1563978827.04.png"
"1771242777-53","https://sn.coinafrique.com/categorie/vetements-enfants?page=21","Robe","Prix sur demande","Dakar, Sénégal","https://images.coinafrique.com/thumb_777129_uploaded_image1_1563978782.04.png"
"1771242777-54","https://sn.coinafrique.com/categorie/vetements-enfants?page=21","Robe enfant","Prix sur demande","Dakar, Sénégal","https://images.coinafrique.com/thumb_777120_uploaded_image1_1563978720.19.png"
"1771242777-55","https://sn.coinafrique.com/categorie/vetements-enfants?page=21","Robe","Prix sur demande","Dakar, Sénégal","https://images.coinafrique.com/thumb_777117_uploaded_image1_1563978670.23.png"
"1771242777-56","https://sn.coinafrique.com/categorie/vetements-enfants?page=21","Robe","Prix sur demande","Dakar, Sénégal","https://images.coinafrique.com/thumb_777111_uploaded_image1_1563978617.41.png"
"1771242777-57","https://sn.coinafrique.com/categorie/vetements-enfants?page=21","Robe enfant","Prix sur demande","Dakar, Sénégal","https://images.coinafrique.com/thumb_777045_uploaded_image1_1563977929.01.png"
"1771242777-58","https://sn.coinafrique.com/categorie/vetements-enfants?page=21","Robe enfant","Prix sur demande","Dakar, Sénégal","https://images.coinafrique.com/thumb_777036_uploaded_image1_1563977800.29.png"
"1771242777-59","https://sn.coinafrique.com/categorie/vetements-enfants?page=21","Robe enfant","Prix sur demande","Dakar, Sénégal","https://images.coinafrique.com/thumb_777032_uploaded_image1_1563977727.75.png"
"1771242777-60","https://sn.coinafrique.com/categorie/vetements-enfants?page=21","Vêtement enfant","Prix sur demande","Dakar, Sénégal","https://images.coinafrique.com/thumb_777027_uploaded_image1_1563977675.97.png"
"1771242777-61","https://sn.coinafrique.com/categorie/vetements-enfants?page=21","Vêtement enfant","Prix sur demande","Dakar, Sénégal","https://images.coinafrique.com/thumb_777023_uploaded_image1_1563977622.42.png"
"1771242777-62","https://sn.coinafrique.com/categorie/vetements-enfants?page=21","Robe enfant","Prix sur demande","Dakar, Sénégal","https://images.coinafrique.com/thumb_777019_uploaded_image1_1563977556.39.png"
"1771242777-63","https://sn.coinafrique.com/categorie/vetements-enfants?page=21","Robe enfant","Prix sur demande","Dakar, Sénégal","https://images.coinafrique.com/thumb_777015_uploaded_image1_1563977489.37.png"
"1771242777-64","https://sn.coinafrique.com/categorie/vetements-enfants?page=21","Robe enfant","Prix sur demande","Dakar, Sénégal","https://images.coinafrique.com/thumb_777013_uploaded_image1_1563977453.51.png"
"1771242777-65","https://sn.coinafrique.com/categorie/vetements-enfants?page=21","Robe enfant","Prix sur demande","Dakar, Sénégal","https://images.coinafrique.com/thumb_777011_uploaded_image1_1563977395.81.png"
"1771242777-66","https://sn.coinafrique.com/categorie/vetements-enfants?page=21","Robe enfant","Prix sur demande","Dakar, Sénégal","https://images.coinafrique.com/thumb_776960_uploaded_image1_1563976874.21.png"
"1771242777-67","https://sn.coinafrique.com/categorie/vetements-enfants?page=21","Robe enfant","Prix sur demande","Dakar, Sénégal","https://images.coinafrique.com/thumb_776951_uploaded_image1_1563976809.34.png"
"1771242777-68","https://sn.coinafrique.com/categorie/vetements-enfants?page=21","Robe enfant","Prix sur demande","Ouakam, Dakar, Sénégal","https://images.coinafrique.com/thumb_776102_uploaded_image1_1563966374.5.png"
"1771242777-69","https://sn.coinafrique.com/categorie/vetements-enfants?page=21","Vêtements enfant","Prix sur demande","Ouakam, Dakar, Sénégal","https://images.coinafrique.com/thumb_776078_uploaded_image1_1563965884.05.png"
"1771242777-70","https://sn.coinafrique.com/categorie/vetements-enfants?page=21","Vêtements enfant","Prix sur demande","Ouakam, Dakar, Sénégal","https://images.coinafrique.com/thumb_776065_uploaded_image1_1563965793.55.png"
"1771242777-71","https://sn.coinafrique.com/categorie/vetements-enfants?page=21","Vêtements enfant","Prix sur demande","Ouakam, Dakar, Sénégal","https://images.coinafrique.com/thumb_774845_uploaded_image1_1563929744.94.png"
"1771242777-72","https://sn.coinafrique.com/categorie/vetements-enfants?page=21","Robes pour enfant","Prix sur demande","Ouakam, Dakar, Sénégal","https://images.coinafrique.com/thumb_774840_uploaded_image1_1563929589.59.png"
"1771242777-73","https://sn.coinafrique.com/categorie/vetements-enfants?page=21","Vêtements bébé","Prix sur demande","Médina, Dakar, Sénégal","https://images.coinafrique.com/thumb_774806_uploaded_image1_1563928347.37.png"
"1771242777-74","https://sn.coinafrique.com/categorie/vetements-enfants?page=21","Vêtements bébé","Prix sur demande","Médina, Dakar, Sénégal","https://images.coinafrique.com/thumb_774803_uploaded_image1_1563928268.84.png"
"1771242777-75","https://sn.coinafrique.com/categorie/vetements-enfants?page=21","Habillement enfant","Prix sur demande","Dakar, Sénégal","https://images.coinafrique.com/thumb_772978_uploaded_image1_1563889449.35.png"
"1771242777-76","https://sn.coinafrique.com/categorie/vetements-enfants?page=21","Vêtement enfant","Prix sur demande","Dakar, Sénégal","https://images.coinafrique.com/thumb_772928_uploaded_image1_1563888978.63.png"
"1771242777-77","https://sn.coinafrique.com/categorie/vetements-enfants?page=21","Vêtement enfant","Prix sur demande","Dakar, Sénégal","https://images.coinafrique.com/thumb_772900_uploaded_image1_1563888684.79.png"
"1771242777-78","https://sn.coinafrique.com/categorie/vetements-enfants?page=21","Tee-shirt","Prix sur demande","Guediawaye, Dakar, Sénégal","https://images.coinafrique.com/thumb_772515_uploaded_image1_1563884937.81.png"
"1771242777-79","https://sn.coinafrique.com/categorie/vetements-enfants?page=21","Robes enfants","Prix sur demande","Ouakam, Dakar, Sénégal","https://images.coinafrique.com/thumb_770101_uploaded_image1_1563822944.92.png"
"1771242777-80","https://sn.coinafrique.com/categorie/vetements-enfants?page=21","Robes","Prix sur demande","Dakar, Sénégal","https://images.coinafrique.com/thumb_766924_uploaded_image1_1563733037.86.png"
"1771242777-81","https://sn.coinafrique.com/categorie/vetements-enfants?page=21","Costume enfant","20 000CFA","Médina, Dakar, Sénégal","https://images.coinafrique.com/thumb_766156_uploaded_image1_1563699576.64.png"
"1771242777-82","https://sn.coinafrique.com/categorie/vetements-enfants?page=21","Costume Enfant","20 000CFA","Médina, Dakar, Sénégal","https://images.coinafrique.com/thumb_766149_uploaded_image1_1563699401.63.png"
"1771242777-83","https://sn.coinafrique.com/categorie/vetements-enfants?page=21","Vêtements enfant","10 000CFA","Dakar, Sénégal","https://images.coinafrique.com/thumb_765642_uploaded_image1_1563665910.22.png"
"1771242777-84","https://sn.coinafrique.com/categorie/vetements-enfants?page=21","Djellaba Enfant","Prix sur demande","Guediawaye, Dakar, Sénégal","https://images.coinafrique.com/thumb_765640_uploaded_image1_1563665850.78.png"
"1771242786-85","https://sn.coinafrique.com/categorie/vetements-enfants?page=20","Ensemble jogging","Prix sur demande","Pikine, Sénégal","https://images.coinafrique.com/thumb_1213530_uploaded_image1_1574057207.9.png"
"1771242786-86","https://sn.coinafrique.com/categorie/vetements-enfants?page=20","Ensemble Enfant","Prix sur demande","Dakar, Sénégal","https://images.coinafrique.com/thumb_1213525_uploaded_image1_1574057162.51.png"
"1771242786-87","https://sn.coinafrique.com/categorie/vetements-enfants?page=20","Ensemble Enfant","Prix sur demande","Dakar, Sénégal","https://images.coinafrique.com/thumb_1213522_uploaded_image1_1574057111.07.png"
"1771242786-88","https://sn.coinafrique.com/categorie/vetements-enfants?page=20","Habillement","Prix sur demande","Dakar, Sénégal","https://images.coinafrique.com/thumb_1213519_uploaded_image1_1574057062.98.png"
"1771242786-89","https://sn.coinafrique.com/categorie/vetements-enfants?page=20","Complet enfants","Prix sur demande","Dakar, Sénégal","https://images.coinafrique.com/thumb_1213516_uploaded_image1_1574057003.71.png"
"1771242786-90","https://sn.coinafrique.com/categorie/vetements-enfants?page=20","Habits enfants","Prix sur demande","Pikine, Sénégal","https://images.coinafrique.com/thumb_1213509_uploaded_image1_1574056903.27.png"
"1771242786-91","https://sn.coinafrique.com/categorie/vetements-enfants?page=20","Vêtements enfant","Prix sur demande","Mermoz-Sacré-Cœur, Dakar, Sénégal","https://images.coinafrique.com/thumb_1207842_uploaded_image1_1573908906.94.png"
"1771242786-92","https://sn.coinafrique.com/categorie/vetements-enfants?page=20","Vêtements enfant","Prix sur demande","Mermoz-Sacré-Cœur, Dakar, Sénégal","https://images.coinafrique.com/thumb_1207827_uploaded_image1_1573908754.13.png"
"1771242786-93","https://sn.coinafrique.com/categorie/vetements-enfants?page=20","Ensemble enfant","15 000CFA","Guédiawaye, Dakar, Sénégal","https://images.coinafrique.com/thumb_1204362_uploaded_image1_1573832164.18.png"
"1771242786-94","https://sn.coinafrique.com/categorie/vetements-enfants?page=20","Ensemble veste - enfant","17 500CFA","Guédiawaye, Dakar, Sénégal","https://images.coinafrique.com/thumb_1204350_uploaded_image1_1573832159.93.png"
"1771242786-95","https://sn.coinafrique.com/categorie/vetements-enfants?page=20","Blousons enfants","15 000CFA","M'bour, Sénégal","https://images.coinafrique.com/thumb_1181045_uploaded_image1_1573426145.72.png"
"1771242786-96","https://sn.coinafrique.com/categorie/vetements-enfants?page=20","Robes  filles","10 000CFA","Grand Dakar, Dakar, Sénégal","https://images.coinafrique.com/thumb_1174277_uploaded_image1_1573245424.6.png"
"1771242786-97","https://sn.coinafrique.com/categorie/vetements-enfants?page=20","Pulls pour enfants","Prix sur demande","Dakar-Plateau, Dakar, Sénégal","https://images.coinafrique.com/thumb_1169786_uploaded_image1_1573164546.67.png"
"1771242786-98","https://sn.coinafrique.com/categorie/vetements-enfants?page=20","Robe  enfant","Prix sur demande","Dakar-Plateau, Dakar, Sénégal","https://images.coinafrique.com/thumb_1169730_uploaded_image1_1573162473.44.png"
"1771242786-99","https://sn.coinafrique.com/categorie/vetements-enfants?page=20","Vêtements pour enfants et adultes","5 000CFA","Ngor, Dakar, Sénégal","https://images.coinafrique.com/thumb_1164929_uploaded_image1_1573080199.92.png"
"1771242786-100","https://sn.coinafrique.com/categorie/vetements-enfants?page=20","Vêtements Enfants","Prix sur demande","Dakar, Sénégal","https://images.coinafrique.com/thumb_1159944_uploaded_image1_1572994078.74.png"
"1771242786-101","https://sn.coinafrique.com/categorie/vetements-enfants?page=20","Robes pour enfants","10 000CFA","Grand Dakar, Dakar, Sénégal","https://images.coinafrique.com/thumb_1159823_uploaded_image1_1572990841.8.png"
"1771242786-102","https://sn.coinafrique.com/categorie/vetements-enfants?page=20","Habits","Prix sur demande","Dakar, Sénégal","https://images.coinafrique.com/thumb_1145063_uploaded_image1_1572702832.34.png"
"1771242786-103","https://sn.coinafrique.com/categorie/vetements-enfants?page=20","Habits","Prix sur demande","Dakar, Sénégal","https://images.coinafrique.com/thumb_1145052_uploaded_image1_1572702578.77.png"
"1771242786-104","https://sn.coinafrique.com/categorie/vetements-enfants?page=20","Habits","Prix sur demande","Dakar, Sénégal","https://images.coinafrique.com/thumb_1145048_uploaded_image1_1572702516.61.png"
"1771242786-105","https://sn.coinafrique.com/categorie/vetements-enfants?page=20","Habit","Prix sur demande","Dakar, Sénégal","https://images.coinafrique.com/thumb_1145043_uploaded_image1_1572702415.56.png"
"1771242786-106","https://sn.coinafrique.com/categorie/vetements-enfants?page=20","Habits","Prix sur demande","Dakar, Sénégal","https://images.coinafrique.com/thumb_1145031_uploaded_image1_1572702198.09.png"
"1771242786-107","https://sn.coinafrique.com/categorie/vetements-enfants?page=20","Vêtement enfant","Prix sur demande","Dakar, Sénégal","https://images.coinafrique.com/thumb_1144936_uploaded_image1_1572700510.43.png"
"1771242786-108","https://sn.coinafrique.com/categorie/vetements-enfants?page=20","Vêtements enfant","Prix sur demande","Dakar, Sénégal","https://images.coinafrique.com/thumb_1144927_uploaded_image1_1572700444.87.png"
"1771242786-109","https://sn.coinafrique.com/categorie/vetements-enfants?page=20","Vêtements enfants","Prix sur demande","Dakar, Sénégal","https://images.coinafrique.com/thumb_1144902_uploaded_image1_1572700139.58.png"
"1771242786-110","https://sn.coinafrique.com/categorie/vetements-enfants?page=20","Habits","Prix sur demande","Dakar, Sénégal","https://images.coinafrique.com/thumb_1144898_uploaded_image1_1572700087.14.png"
"1771242786-111","https://sn.coinafrique.com/categorie/vetements-enfants?page=20","Habits","10 000CFA","Dakar, Sénégal","https://images.coinafrique.com/thumb_1144890_uploaded_image1_1572699984.7.png"
"1771242786-112","https://sn.coinafrique.com/categorie/vetements-enfants?page=20","Habits","Prix sur demande","Dakar, Sénégal","https://images.coinafrique.com/thumb_1144880_uploaded_image1_1572699758.72.png"
"1771242786-113","https://sn.coinafrique.com/categorie/vetements-enfants?page=20","Vêtements enfant","Prix sur demande","Dakar, Sénégal","https://images.coinafrique.com/thumb_1144872_uploaded_image1_1572699712.8.png"
"1771242786-114","https://sn.coinafrique.com/categorie/vetements-enfants?page=20","Ensemble enfants","Prix sur demande","Dakar, Sénégal","https://images.coinafrique.com/thumb_1144870_uploaded_image1_1572699678.95.png"
"1771242786-115","https://sn.coinafrique.com/categorie/vetements-enfants?page=20","Ensemble enfant","10 000CFA","Guediawaye, Dakar, Sénégal","https://images.coinafrique.com/thumb_1144863_uploaded_image1_1572699593.81.png"
"1771242786-116","https://sn.coinafrique.com/categorie/vetements-enfants?page=20","Vêtements enfant","10 000CFA","Dakar, Sénégal","https://images.coinafrique.com/thumb_1144859_uploaded_image1_1572699549.63.png"
"1771242786-117","https://sn.coinafrique.com/categorie/vetements-enfants?page=20","Ensemble enfant","10 000CFA","Dakar, Sénégal","https://images.coinafrique.com/thumb_1144822_uploaded_image1_1572699281.14.png"
"1771242786-118","https://sn.coinafrique.com/categorie/vetements-enfants?page=20","Pull-over enfant","15 000CFA","Dakar, Sénégal","https://images.coinafrique.com/thumb_1121633_uploaded_image1_1573928648.55.png"
"1771242786-119","https://sn.coinafrique.com/categorie/vetements-enfants?page=20","Vêtements","Prix sur demande","Point E, Dakar, Sénégal","https://images.coinafrique.com/thumb_1120161_uploaded_image1_1572249640.19.png"
"1771242786-120","https://sn.coinafrique.com/categorie/vetements-enfants?page=20","Maillots de bain","7 000CFA","Dakar, Sénégal","https://images.coinafrique.com/thumb_1118621_uploaded_image1_1573389584.27.png"
"1771242786-121","https://sn.coinafrique.com/categorie/vetements-enfants?page=20","Habits et accessoires d'enfants","Prix sur demande","Hann Bel-Air, Dakar, Sénégal","https://images.coinafrique.com/thumb_1114952_uploaded_image1_1572104975.89.png"
"1771242786-122","https://sn.coinafrique.com/categorie/vetements-enfants?page=20","Vêtements enfant","5 000CFA","Hann Bel-Air, Dakar, Sénégal","https://images.coinafrique.com/thumb_1108134_uploaded_image1_1571966882.1.png"
"1771242786-123","https://sn.coinafrique.com/categorie/vetements-enfants?page=20","Vêtements Enfant","Prix sur demande","HLM, Dakar, Sénégal","https://images.coinafrique.com/thumb_1107993_uploaded_image1_1571960679.98.png"
"1771242786-124","https://sn.coinafrique.com/categorie/vetements-enfants?page=20","Djellaba - enfant","5 000CFA","Touba, Sénégal","https://images.coinafrique.com/thumb_1091229_uploaded_image1_1571671997.99.png"
"1771242786-125","https://sn.coinafrique.com/categorie/vetements-enfants?page=20","Ensemble enfant","15 000CFA","M'bour, Sénégal","https://images.coinafrique.com/thumb_1064667_uploaded_image1_1571103373.33.png"
"1771242786-126","https://sn.coinafrique.com/categorie/vetements-enfants?page=20","Haut-enfant","6 000CFA","Ouakam, Dakar, Sénégal","https://images.coinafrique.com/thumb_1061921_uploaded_image1_1571052396.32.png"
"1771242786-127","https://sn.coinafrique.com/categorie/vetements-enfants?page=20","Pantalon enfant","8 000CFA","Ouakam, Dakar, Sénégal","https://images.coinafrique.com/thumb_1061915_uploaded_image1_1571052342.01.png"
"1771242786-128","https://sn.coinafrique.com/categorie/vetements-enfants?page=20","Ensemble - enfant","8 000CFA","Ouakam, Dakar, Sénégal","https://images.coinafrique.com/thumb_1061900_uploaded_image1_1571052225.61.png"
"1771242786-129","https://sn.coinafrique.com/categorie/vetements-enfants?page=20","Chemise-enfant","8 000CFA","Ouakam, Dakar, Sénégal","https://images.coinafrique.com/thumb_1061895_uploaded_image1_1571052162.4.png"
"1771242786-130","https://sn.coinafrique.com/categorie/vetements-enfants?page=20","Chemise - enfant","8 000CFA","Ouakam, Dakar, Sénégal","https://images.coinafrique.com/thumb_1061891_uploaded_image1_1571052122.28.png"
"1771242786-131","https://sn.coinafrique.com/categorie/vetements-enfants?page=20","Chemise - enfant","7 000CFA","Ouakam, Dakar, Sénégal","https://images.coinafrique.com/thumb_1061876_uploaded_image1_1571052006.69.png"
"1771242786-132","https://sn.coinafrique.com/categorie/vetements-enfants?page=20","Chemise - enfant","7 000CFA","Ouakam, Dakar, Sénégal","https://images.coinafrique.com/thumb_1061871_uploaded_image1_1571051970.84.png"
"1771242786-133","https://sn.coinafrique.com/categorie/vetements-enfants?page=20","Pantalon - enfant","8 000CFA","Ouakam, Dakar, Sénégal","https://images.coinafrique.com/thumb_1061864_uploaded_image1_1571051920.44.png"
"1771242786-134","https://sn.coinafrique.com/categorie/vetements-enfants?page=20","Robe enfant","8 000CFA","Ouakam, Dakar, Sénégal","https://images.coinafrique.com/thumb_1061840_uploaded_image1_1571051674.17.png"
"1771242786-135","https://sn.coinafrique.com/categorie/vetements-enfants?page=20","T-shirt - enfant","5 000CFA","Ouakam, Dakar, Sénégal","https://images.coinafrique.com/thumb_1061821_uploaded_image1_1571051508.82.png"
"1771242786-136","https://sn.coinafrique.com/categorie/vetements-enfants?page=20","Ensemble enfant","10 000CFA","Ouakam, Dakar, Sénégal","https://images.coinafrique.com/thumb_1061814_uploaded_image1_1571051426.62.png"
"1771242786-137","https://sn.coinafrique.com/categorie/vetements-enfants?page=20","Ensemble enfant","10 000CFA","Ouakam, Dakar, Sénégal","https://images.coinafrique.com/thumb_1061809_uploaded_image1_1571051353.3.png"
"1771242786-138","https://sn.coinafrique.com/categorie/vetements-enfants?page=20","Tenue enfant","Prix sur demande","Dakar, Sénégal","https://images.coinafrique.com/thumb_1051730_uploaded_image1_1570794430.93.png"
"1771242786-139","https://sn.coinafrique.com/categorie/vetements-enfants?page=20","Tenue enfant","Prix sur demande","Dakar, Sénégal","https://images.coinafrique.com/thumb_1051726_uploaded_image1_1570794373.22.png"
"1771242786-140","https://sn.coinafrique.com/categorie/vetements-enfants?page=20","Vêtements enfant","2 500CFA","Pikine, Sénégal","https://images.coinafrique.com/thumb_1051629_uploaded_image1_1570793218.21.png"
"1771242786-141","https://sn.coinafrique.com/categorie/vetements-enfants?page=20","Vêtements enfants","3 500CFA","Pikine, Sénégal","https://images.coinafrique.com/thumb_1051591_uploaded_image1_1570792887.05.png"
"1771242786-142","https://sn.coinafrique.com/categorie/vetements-enfants?page=20","Vêtements enfant","3 500CFA","Pikine, Sénégal","https://images.coinafrique.com/thumb_1051586_uploaded_image1_1570792855.28.png"
"1771242786-143","https://sn.coinafrique.com/categorie/vetements-enfants?page=20","Habillement","Prix sur demande","Guédiawaye, Dakar, Sénégal","https://images.coinafrique.com/thumb_1043364_uploaded_image1_1570628115.92.png"
"1771242786-144","https://sn.coinafrique.com/categorie/vetements-enfants?page=20","Habillement","Prix sur demande","Guédiawaye, Dakar, Sénégal","https://images.coinafrique.com/thumb_1043343_uploaded_image1_1570627951.98.png"
"1771242786-145","https://sn.coinafrique.com/categorie/vetements-enfants?page=20","Jupe fille","Prix sur demande","Guédiawaye, Dakar, Sénégal","https://images.coinafrique.com/thumb_1043341_uploaded_image1_1570627933.41.png"
"1771242786-146","https://sn.coinafrique.com/categorie/vetements-enfants?page=20","Jupe","Prix sur demande","Guédiawaye, Dakar, Sénégal","https://images.coinafrique.com/thumb_1043337_uploaded_image1_1570627886.54.png"
"1771242786-147","https://sn.coinafrique.com/categorie/vetements-enfants?page=20","Vêtements enfant","Prix sur demande","Guédiawaye, Dakar, Sénégal","https://images.coinafrique.com/thumb_1043333_uploaded_image1_1570627859.96.png"
"1771242786-148","https://sn.coinafrique.com/categorie/vetements-enfants?page=20","Jupe","3 000CFA","Guédiawaye, Dakar, Sénégal","https://images.coinafrique.com/thumb_1043331_uploaded_image1_1570627825.79.png"
"1771242786-149","https://sn.coinafrique.com/categorie/vetements-enfants?page=20","Habillement","3 000CFA","Guédiawaye, Dakar, Sénégal","https://images.coinafrique.com/thumb_1043326_uploaded_image1_1570627731.54.png"
"1771242786-150","https://sn.coinafrique.com/categorie/vetements-enfants?page=20","Chemise","12 000CFA","Dakar-Plateau, Dakar, Sénégal","https://images.coinafrique.com/thumb_1035457_uploaded_image1_1570472984.2.png"
"1771242786-151","https://sn.coinafrique.com/categorie/vetements-enfants?page=20","Chaussures filles et garçons","25 000CFA","Sénégal","https://images.coinafrique.com/thumb_1029318_uploaded_image1_1570324274.63.png"
"1771242786-152","https://sn.coinafrique.com/categorie/vetements-enfants?page=20","Lange bébé 5 pièces","8 500CFA","Grand Yoff, Dakar, Sénégal","https://images.coinafrique.com/thumb_1027288_uploaded_image1_1570272791.38.png"
"1771242786-153","https://sn.coinafrique.com/categorie/vetements-enfants?page=20","Robes","1 250CFA","Grand Dakar, Dakar, Sénégal","https://images.coinafrique.com/thumb_1021961_uploaded_image1_1570172652.67.png"
"1771242786-154","https://sn.coinafrique.com/categorie/vetements-enfants?page=20","Pull-over mauve","4 500CFA","Dakar Plateau, Dakar, Sénégal","https://images.coinafrique.com/thumb_1020573_uploaded_image1_1570128555.58.png"
"1771242786-155","https://sn.coinafrique.com/categorie/vetements-enfants?page=20","Jeans enfants - 3 à 16 ans","Prix sur demande","Les Parcelles Assainies, Dakar, Sénégal","https://images.coinafrique.com/thumb_1016980_uploaded_image1_1570069353.16.png"
"1771242786-156","https://sn.coinafrique.com/categorie/vetements-enfants?page=20","Chemises pour enfants","Prix sur demande","Les Parcelles Assainies, Dakar, Sénégal","https://images.coinafrique.com/thumb_1016979_uploaded_image1_1570069298.65.png"
"1771242786-157","https://sn.coinafrique.com/categorie/vetements-enfants?page=20","Vêtements Enfants","Prix sur demande","Parcelle Assainies, Dakar, Sénégal","https://images.coinafrique.com/thumb_1016977_uploaded_image1_1570069123.14.png"
"1771242786-158","https://sn.coinafrique.com/categorie/vetements-enfants?page=20","Ensemble bébé","Prix sur demande","Dakar, Sénégal","https://images.coinafrique.com/thumb_1005538_uploaded_image1_1569844704.33.png"
"1771242786-159","https://sn.coinafrique.com/categorie/vetements-enfants?page=20","Ensemble bébé","Prix sur demande","Dakar, Sénégal","https://images.coinafrique.com/thumb_1005527_uploaded_image1_1569844605.98.png"
"1771242786-160","https://sn.coinafrique.com/categorie/vetements-enfants?page=20","Ensemble petits et grands","15 000CFA","M'bour, Sénégal","https://images.coinafrique.com/thumb_988554_uploaded_image1_1569436029.51.png"
"1771242786-161","https://sn.coinafrique.com/categorie/vetements-enfants?page=20","Blouson enfants","Prix sur demande","Fann, Dakar, Sénégal","https://images.coinafrique.com/thumb_976941_uploaded_image1_1569232766.05.png"
"1771242786-162","https://sn.coinafrique.com/categorie/vetements-enfants?page=20","Blouson enfant","Prix sur demande","Sénégal","https://images.coinafrique.com/thumb_976936_uploaded_image1_1569232707.95.png"
"1771242786-163","https://sn.coinafrique.com/categorie/vetements-enfants?page=20","Robe bébé - 1 an","25 000CFA","Pikine, Sénégal","https://images.coinafrique.com/thumb_971896_uploaded_image1_1569081271.03.png"
"1771242786-164","https://sn.coinafrique.com/categorie/vetements-enfants?page=20","Robe classe","5 000CFA","Yoff, Dakar, Sénégal","https://images.coinafrique.com/thumb_961269_uploaded_image1_1568848014.85.png"
"1771242786-165","https://sn.coinafrique.com/categorie/vetements-enfants?page=20","Robe pour enfant","7 000CFA","Yoff, Dakar, Sénégal","https://images.coinafrique.com/thumb_961263_uploaded_image2_1568847805.97.png"
"1771242786-166","https://sn.coinafrique.com/categorie/vetements-enfants?page=20","Blousons enfants","Prix sur demande","Médina, Dakar, Sénégal","https://images.coinafrique.com/thumb_930549_uploaded_image1_1568156487.01.png"
"1771242786-167","https://sn.coinafrique.com/categorie/vetements-enfants?page=20","Pull pour maman et bébé","Prix sur demande","Cambérène, Dakar, Sénégal","https://images.coinafrique.com/thumb_929824_uploaded_image1_1568140168.74.png"
"1771242786-168","https://sn.coinafrique.com/categorie/vetements-enfants?page=20","Vêtements enfants","Prix sur demande","Ouakam, Dakar, Sénégal","https://images.coinafrique.com/thumb_929222_uploaded_image1_1568130259.69.png"
"1771242794-169","https://sn.coinafrique.com/categorie/vetements-enfants?page=19","Ensemble enfant","6 000CFA","Parcelle Assainies, Dakar, Sénégal","https://images.coinafrique.com/thumb_1514342_uploaded_image1_1579605416.29.png"
"1771242794-170","https://sn.coinafrique.com/categorie/vetements-enfants?page=19","Robes fillettes","12 000CFA","Grand Yoff, Dakar, Sénégal","https://images.coinafrique.com/thumb_1514274_uploaded_image1_1579604622.01.png"
"1771242794-171","https://sn.coinafrique.com/categorie/vetements-enfants?page=19","Vêtements pour bébé","400CFA","Yoff, Dakar, Sénégal","https://images.coinafrique.com/thumb_1491193_uploaded_image1_1579191536.91.png"
"1771242794-172","https://sn.coinafrique.com/categorie/vetements-enfants?page=19","Ensemble Fille","Prix sur demande","Dakar-Plateau, Dakar, Sénégal","https://images.coinafrique.com/thumb_1468508_uploaded_image1_1578838451.05.png"
"1771242794-173","https://sn.coinafrique.com/categorie/vetements-enfants?page=19","Vêtements Garçon","Prix sur demande","Dakar-Plateau, Dakar, Sénégal","https://images.coinafrique.com/thumb_1468501_uploaded_image1_1578838337.72.png"
"1771242794-174","https://sn.coinafrique.com/categorie/vetements-enfants?page=19","Ensemble  enfants garçons","Prix sur demande","Dakar-Plateau, Dakar, Sénégal","https://images.coinafrique.com/thumb_1468493_uploaded_image1_1578838195.79.png"
"1771242794-175","https://sn.coinafrique.com/categorie/vetements-enfants?page=19","Ensembles pour enfant","Prix sur demande","Dakar-Plateau, Dakar, Sénégal","https://images.coinafrique.com/thumb_1468335_uploaded_image1_1578834783.45.png"
"1771242794-176","https://sn.coinafrique.com/categorie/vetements-enfants?page=19","Ensemble enfants","Prix sur demande","Dakar-Plateau, Dakar, Sénégal","https://images.coinafrique.com/thumb_1468327_uploaded_image1_1578834615.19.png"
"1771242794-177","https://sn.coinafrique.com/categorie/vetements-enfants?page=19","Jackets enfant","Prix sur demande","Mermoz-Sacré-Cœur, Dakar, Sénégal","https://images.coinafrique.com/thumb_1456400_uploaded_image1_1578631459.49.png"
"1771242794-178","https://sn.coinafrique.com/categorie/vetements-enfants?page=19","Vêtements enfant","Prix sur demande","Mermoz-Sacré-Cœur, Dakar, Sénégal","https://images.coinafrique.com/thumb_1442052_uploaded_image1_1578411849.73.png"
"1771242794-179","https://sn.coinafrique.com/categorie/vetements-enfants?page=19","Habit enfant","Prix sur demande","Mermoz-Sacré-Cœur, Dakar, Sénégal","https://images.coinafrique.com/thumb_1441221_uploaded_image1_1578403732.35.png"
"1771242794-180","https://sn.coinafrique.com/categorie/vetements-enfants?page=19","Vêtements Enfants","Prix sur demande","Mermoz-Sacré-Cœur, Dakar, Sénégal","https://images.coinafrique.com/thumb_1441047_uploaded_image1_1578403581.32.png"
"1771242794-181","https://sn.coinafrique.com/categorie/vetements-enfants?page=19","Blousons garçon - fille","15 000CFA","M'bour, Sénégal","https://images.coinafrique.com/thumb_1410978_uploaded_image1_1577742016.76.png"
"1771242794-182","https://sn.coinafrique.com/categorie/vetements-enfants?page=19","Friperie","Prix sur demande","Rufisque, Sénégal","https://images.coinafrique.com/thumb_1398928_uploaded_image1_1577494239.75.png"
"1771242794-183","https://sn.coinafrique.com/categorie/vetements-enfants?page=19","Friperie de luxe","Prix sur demande","Dakar, Sénégal","https://images.coinafrique.com/thumb_1398921_uploaded_image1_1577493358.67.png"
"1771242794-184","https://sn.coinafrique.com/categorie/vetements-enfants?page=19","Vêtement pour enfant","Prix sur demande","Yoff, Dakar, Sénégal","https://images.coinafrique.com/thumb_1397293_uploaded_image1_1577462937.85.png"
"1771242794-185","https://sn.coinafrique.com/categorie/vetements-enfants?page=19","Chemises enfant","Prix sur demande","Guédiawaye, Dakar, Sénégal","https://images.coinafrique.com/thumb_1393714_uploaded_image1_1577386562.31.png"
"1771242794-186","https://sn.coinafrique.com/categorie/vetements-enfants?page=19","Blouson Enfant","Prix sur demande","Mermoz-Sacré-Cœur, Dakar, Sénégal","https://images.coinafrique.com/thumb_1393205_uploaded_image1_1577378467.25.png"
"1771242794-187","https://sn.coinafrique.com/categorie/vetements-enfants?page=19","Jogging enfant","Prix sur demande","Grand Yoff, Dakar, Sénégal","https://images.coinafrique.com/thumb_1382782_uploaded_image1_1577146067.93.png"
"1771242794-188","https://sn.coinafrique.com/categorie/vetements-enfants?page=19","Blousons enfant","Prix sur demande","Mermoz-Sacré-Cœur, Dakar, Sénégal","https://images.coinafrique.com/thumb_1379507_uploaded_image1_1577093815.08.png"
"1771242794-189","https://sn.coinafrique.com/categorie/vetements-enfants?page=19","Habits pour enfant","Prix sur demande","Mermoz-Sacré-Cœur, Dakar, Sénégal","https://images.coinafrique.com/thumb_1379428_uploaded_image1_1577092701.74.png"
"1771242794-190","https://sn.coinafrique.com/categorie/vetements-enfants?page=19","Vêtements enfant","Prix sur demande","Mermoz-Sacré-Cœur, Dakar, Sénégal","https://images.coinafrique.com/thumb_1377864_uploaded_image1_1577052449.14.png"
"1771242794-191","https://sn.coinafrique.com/categorie/vetements-enfants?page=19","Vêtements enfant","Prix sur demande","Mermoz-Sacré-Cœur, Dakar, Sénégal","https://images.coinafrique.com/thumb_1377828_uploaded_image1_1577051010.82.png"
"1771242794-192","https://sn.coinafrique.com/categorie/vetements-enfants?page=19","Vêtements enfant","Prix sur demande","Mermoz-Sacré-Cœur, Dakar, Sénégal","https://images.coinafrique.com/thumb_1377818_uploaded_image1_1577050858.2.png"
"1771242794-193","https://sn.coinafrique.com/categorie/vetements-enfants?page=19","Grenouillère","6 500CFA","Grand Yoff, Dakar, Sénégal","https://images.coinafrique.com/thumb_1373984_uploaded_image1_1576959397.12.png"
"1771242794-194","https://sn.coinafrique.com/categorie/vetements-enfants?page=19","Robe fillette","15 000CFA","Dakar, Sénégal","https://images.coinafrique.com/thumb_1373672_uploaded_image1_1576952145.0.png"
"1771242794-195","https://sn.coinafrique.com/categorie/vetements-enfants?page=19","Robe fillette","13 000CFA","Dakar, Sénégal","https://images.coinafrique.com/thumb_1373581_uploaded_image1_1576950179.13.png"
"1771242794-196","https://sn.coinafrique.com/categorie/vetements-enfants?page=19","Robe fillette","13 000CFA","Dakar, Sénégal","https://images.coinafrique.com/thumb_1373563_uploaded_image1_1576949693.42.png"
"1771242794-197","https://sn.coinafrique.com/categorie/vetements-enfants?page=19","Pull enfant en cuir","12 000CFA","Pikine, Sénégal","https://images.coinafrique.com/thumb_1370069_uploaded_image1_1576879259.44.png"
"1771242794-198","https://sn.coinafrique.com/categorie/vetements-enfants?page=19","Boxer slip fille","4 000CFA","Sénégal","https://images.coinafrique.com/thumb_1344415_uploaded_image1_1576424608.36.png"
"1771242794-199","https://sn.coinafrique.com/categorie/vetements-enfants?page=19","Couches bébé et lingettes","30 000CFA","Dakar, Sénégal","https://images.coinafrique.com/thumb_1335113_uploaded_image1_1576237834.49.png"
"1771242794-200","https://sn.coinafrique.com/categorie/vetements-enfants?page=19","Vêtements","Prix sur demande","Fann, Dakar, Sénégal","https://images.coinafrique.com/thumb_1332961_uploaded_image1_1576193148.2.png"
"1771242794-201","https://sn.coinafrique.com/categorie/vetements-enfants?page=19","Robe - enfant","Prix sur demande","Fann, Dakar, Sénégal","https://images.coinafrique.com/thumb_1330054_uploaded_image1_1576151241.57.png"
"1771242794-202","https://sn.coinafrique.com/categorie/vetements-enfants?page=19","Robes","9 000CFA","Fann, Dakar, Sénégal","https://images.coinafrique.com/thumb_1330043_uploaded_image1_1576151148.98.png"
"1771242794-203","https://sn.coinafrique.com/categorie/vetements-enfants?page=19","Vêtements enfant","Prix sur demande","Guédiawaye, Dakar, Sénégal","https://images.coinafrique.com/thumb_1318538_uploaded_image1_1575939916.47.png"
"1771242794-204","https://sn.coinafrique.com/categorie/vetements-enfants?page=19","Robe pour enfants","5 000CFA","Mermoz-Sacré-Cœur, Dakar, Sénégal","https://images.coinafrique.com/thumb_1317815_uploaded_image1_1575924047.73.png"
"1771242794-205","https://sn.coinafrique.com/categorie/vetements-enfants?page=19","Ensemble enfant","Prix sur demande","Dakar-Plateau, Dakar, Sénégal","https://images.coinafrique.com/thumb_1316993_uploaded_image1_1575912153.45.png"
"1771242794-206","https://sn.coinafrique.com/categorie/vetements-enfants?page=19","Robe brodé et bazin","7 000CFA","Mermoz-Sacré-Cœur, Dakar, Sénégal","https://images.coinafrique.com/thumb_1311765_uploaded_image1_1575816948.09.png"
"1771242794-207","https://sn.coinafrique.com/categorie/vetements-enfants?page=19","Robe  pour enfants","5 000CFA","Mermoz-Sacré-Cœur, Dakar, Sénégal","https://images.coinafrique.com/thumb_1311757_uploaded_image1_1575816788.31.png"
"1771242794-208","https://sn.coinafrique.com/categorie/vetements-enfants?page=19","Vêtements enfant","Prix sur demande","Dakar-Plateau, Dakar, Sénégal","https://images.coinafrique.com/thumb_1308250_uploaded_image1_1575732181.36.png"
"1771242794-209","https://sn.coinafrique.com/categorie/vetements-enfants?page=19","Ensemble vêtements enfants","6 000CFA","Dakar-Plateau, Dakar, Sénégal","https://images.coinafrique.com/thumb_1308244_uploaded_image1_1575732106.25.png"
"1771242794-210","https://sn.coinafrique.com/categorie/vetements-enfants?page=19","Robe princesse","10 000CFA","Dakar, Sénégal","https://images.coinafrique.com/thumb_1306722_uploaded_image1_1575705367.41.png"
"1771242794-211","https://sn.coinafrique.com/categorie/vetements-enfants?page=19","Vêtements Enfants","Prix sur demande","Grand Yoff, Dakar, Sénégal","https://images.coinafrique.com/thumb_1306088_uploaded_image1_1575679888.1.png"
"1771242794-212","https://sn.coinafrique.com/categorie/vetements-enfants?page=19","Robes et chemises enfants","Prix sur demande","Dakar, Sénégal","https://images.coinafrique.com/thumb_1305436_uploaded_image1_1575666018.7.png"
"1771242794-213","https://sn.coinafrique.com/categorie/vetements-enfants?page=19","Vêtements enfants - 0 à 5 ans","Prix sur demande","Dakar, Sénégal","https://images.coinafrique.com/thumb_1304621_uploaded_image1_1575653403.01.png"
"1771242794-214","https://sn.coinafrique.com/categorie/vetements-enfants?page=19","Vêtements bébé","2 500CFA","Dakar Plateau, Dakar, Sénégal","https://images.coinafrique.com/thumb_1303712_uploaded_image1_1575639089.05.png"
"1771242794-215","https://sn.coinafrique.com/categorie/vetements-enfants?page=19","Vêtements bébé","3 000CFA","Dakar, Sénégal","https://images.coinafrique.com/thumb_1303699_uploaded_image1_1575638913.69.png"
"1771242794-216","https://sn.coinafrique.com/categorie/vetements-enfants?page=19","Blouson enfant","Prix sur demande","Médina, Dakar, Sénégal","https://images.coinafrique.com/thumb_1293363_uploaded_image1_1575463410.31.png"
"1771242794-217","https://sn.coinafrique.com/categorie/vetements-enfants?page=19","Bavoir bébé 0-3 ans","1 000CFA","Dieuppeul-Derklé, Dakar, Sénégal","https://images.coinafrique.com/thumb_1284185_uploaded_image1_1575301233.88.png"
"1771242794-218","https://sn.coinafrique.com/categorie/vetements-enfants?page=19","Bavoir + chaussons bébé","2 000CFA","Dieuppeul-Derklé, Dakar, Sénégal","https://images.coinafrique.com/thumb_1284009_uploaded_image1_1575298926.1.png"
"1771242794-219","https://sn.coinafrique.com/categorie/vetements-enfants?page=19","3 chaussettes bébé 0-1 an","1 500CFA","Dieuppeul-Derklé, Dakar, Sénégal","https://images.coinafrique.com/thumb_1283945_uploaded_image1_1575298312.76.png"
"1771242794-220","https://sn.coinafrique.com/categorie/vetements-enfants?page=19","Vêtements enfants - 0 à 5 ans","Prix sur demande","Dakar, Sénégal","https://images.coinafrique.com/thumb_1282310_uploaded_image1_1575282145.6.png"
"1771242794-221","https://sn.coinafrique.com/categorie/vetements-enfants?page=19","Vêtements enfants - 0 à 5 ans","Prix sur demande","Dakar, Sénégal","https://images.coinafrique.com/thumb_1282295_uploaded_image1_1575281930.46.png"
"1771242794-222","https://sn.coinafrique.com/categorie/vetements-enfants?page=19","Blouson pour enfant","14 000CFA","Mboro, Sénégal","https://images.coinafrique.com/thumb_1277041_uploaded_image1_1575150231.49.png"
"1771242794-223","https://sn.coinafrique.com/categorie/vetements-enfants?page=19","Vêtements enfant","Prix sur demande","Dakar, Sénégal","https://images.coinafrique.com/thumb_1275582_uploaded_image1_1575122531.77.png"
"1771242794-224","https://sn.coinafrique.com/categorie/vetements-enfants?page=19","Vêtements enfants","Prix sur demande","Dakar-Plateau, Dakar, Sénégal","https://images.coinafrique.com/thumb_1273024_uploaded_image1_1575074612.55.png"
"1771242794-225","https://sn.coinafrique.com/categorie/vetements-enfants?page=19","Vêtements bébé","3 000CFA","Dakar Plateau, Dakar, Sénégal","https://images.coinafrique.com/thumb_1265617_uploaded_image1_1574948491.15.png"
"1771242794-226","https://sn.coinafrique.com/categorie/vetements-enfants?page=19","Vêtements enfant","3 000CFA","Dakar Plateau, Dakar, Sénégal","https://images.coinafrique.com/thumb_1265573_uploaded_image1_1574947905.39.png"
"1771242794-227","https://sn.coinafrique.com/categorie/vetements-enfants?page=19","Vêtements bébé","Prix sur demande","Hann Bel-Air, Dakar, Sénégal","https://images.coinafrique.com/thumb_1260781_uploaded_image1_1574865295.78.png"
"1771242794-228","https://sn.coinafrique.com/categorie/vetements-enfants?page=19","Vêtements bébé","Prix sur demande","Sénégal","https://images.coinafrique.com/thumb_1260767_uploaded_image1_1574865155.0.png"
"1771242794-229","https://sn.coinafrique.com/categorie/vetements-enfants?page=19","Vêtements bébé","Prix sur demande","Sénégal","https://images.coinafrique.com/thumb_1260760_uploaded_image1_1574865070.99.png"
"1771242794-230","https://sn.coinafrique.com/categorie/vetements-enfants?page=19","Vêtements Enfants","Prix sur demande","Dakar-Plateau, Dakar, Sénégal","https://images.coinafrique.com/thumb_1252465_uploaded_image1_1574711610.16.png"
"1771242794-231","https://sn.coinafrique.com/categorie/vetements-enfants?page=19","Vêtements","Prix sur demande","Thies Nord, Thiès, Sénégal","https://images.coinafrique.com/thumb_1240247_uploaded_image3_1574475021.15.png"
"1771242794-232","https://sn.coinafrique.com/categorie/vetements-enfants?page=19","Vêtement enfant","10 000CFA","Guediawaye, Dakar, Sénégal","https://images.coinafrique.com/thumb_1228231_uploaded_image1_1574275865.23.png"
"1771242794-233","https://sn.coinafrique.com/categorie/vetements-enfants?page=19","Ensemble enfant","Prix sur demande","Dakar, Sénégal","https://images.coinafrique.com/thumb_1215985_uploaded_image1_1574083780.43.png"
"1771242794-234","https://sn.coinafrique.com/categorie/vetements-enfants?page=19","Ensemble enfant","Prix sur demande","Dakar, Sénégal","https://images.coinafrique.com/thumb_1215982_uploaded_image1_1574083746.53.png"
"1771242794-235","https://sn.coinafrique.com/categorie/vetements-enfants?page=19","Ensemble enfants","Prix sur demande","Dakar, Sénégal","https://images.coinafrique.com/thumb_1215974_uploaded_image1_1574083642.04.png"
"1771242794-236","https://sn.coinafrique.com/categorie/vetements-enfants?page=19","Ensemble enfant","Prix sur demande","Dakar, Sénégal","https://images.coinafrique.com/thumb_1215970_uploaded_image1_1574083608.55.png"
"1771242794-237","https://sn.coinafrique.com/categorie/vetements-enfants?page=19","Ensemble enfant","Prix sur demande","Dakar, Sénégal","https://images.coinafrique.com/thumb_1215968_uploaded_image1_1574083569.04.png"
"1771242794-238","https://sn.coinafrique.com/categorie/vetements-enfants?page=19","Ensemble enfant","Prix sur demande","Dakar, Sénégal","https://images.coinafrique.com/thumb_1215966_uploaded_image1_1574083540.02.png"
"1771242794-239","https://sn.coinafrique.com/categorie/vetements-enfants?page=19","Ensemble enfant","Prix sur demande","Dakar, Sénégal","https://images.coinafrique.com/thumb_1215960_uploaded_image1_1574083499.93.png"
"1771242794-240","https://sn.coinafrique.com/categorie/vetements-enfants?page=19","Ensemble enfant","Prix sur demande","Dakar, Sénégal","https://images.coinafrique.com/thumb_1215958_uploaded_image1_1574083471.83.png"
"1771242794-241","https://sn.coinafrique.com/categorie/vetements-enfants?page=19","Ensemble enfant","Prix sur demande","Dakar, Sénégal","https://images.coinafrique.com/thumb_1215951_uploaded_image1_1574083394.37.png"
"1771242794-242","https://sn.coinafrique.com/categorie/vetements-enfants?page=19","Ensemble enfant","Prix sur demande","Dakar, Sénégal","https://images.coinafrique.com/thumb_1215949_uploaded_image1_1574083366.59.png"
"1771242794-243","https://sn.coinafrique.com/categorie/vetements-enfants?page=19","Vêtements enfant","Prix sur demande","Dakar, Sénégal","https://images.coinafrique.com/thumb_1215946_uploaded_image1_1574083335.25.png"
"1771242794-244","https://sn.coinafrique.com/categorie/vetements-enfants?page=19","ensemble enfant","Prix sur demande","Dakar, Sénégal","https://images.coinafrique.com/thumb_1215944_uploaded_image1_1574083299.43.png"
"1771242794-245","https://sn.coinafrique.com/categorie/vetements-enfants?page=19","Habillement","Prix sur demande","Hann Bel-Air, Dakar, Sénégal","https://images.coinafrique.com/thumb_1213563_uploaded_image1_1574057728.82.png"
"1771242794-246","https://sn.coinafrique.com/categorie/vetements-enfants?page=19","Vêtements enfant","Prix sur demande","Hann Bel-Air, Dakar, Sénégal","https://images.coinafrique.com/thumb_1213559_uploaded_image1_1574057658.98.png"
"1771242794-247","https://sn.coinafrique.com/categorie/vetements-enfants?page=19","Habits Enfants","Prix sur demande","Sénégal","https://images.coinafrique.com/thumb_1213556_uploaded_image1_1574057569.57.png"
"1771242794-248","https://sn.coinafrique.com/categorie/vetements-enfants?page=19","Complet enfant","Prix sur demande","Hann Bel-Air, Pikine, Sénégal","https://images.coinafrique.com/thumb_1213553_uploaded_image1_1574057521.73.png"
"1771242794-249","https://sn.coinafrique.com/categorie/vetements-enfants?page=19","Habillement enfants","Prix sur demande","Hann Bel-Air, Pikine, Sénégal","https://images.coinafrique.com/thumb_1213548_uploaded_image1_1574057447.53.png"
"1771242794-250","https://sn.coinafrique.com/categorie/vetements-enfants?page=19","Ensemble Enfant","Prix sur demande","Hann Bel-Air, Pikine, Sénégal","https://images.coinafrique.com/thumb_1213545_uploaded_image1_1574057372.58.png"
"1771242794-251","https://sn.coinafrique.com/categorie/vetements-enfants?page=19","Habillement","Prix sur demande","Hann Bel-Air, Pikine, Sénégal","https://images.coinafrique.com/thumb_1213543_uploaded_image1_1574057323.17.png"
"1771242794-252","https://sn.coinafrique.com/categorie/vetements-enfants?page=19","Habillement enfant","Prix sur demande","Dakar, Sénégal","https://images.coinafrique.com/thumb_1213534_uploaded_image1_1574057252.48.png"
"1771242802-253","https://sn.coinafrique.com/categorie/vetements-enfants?page=18","Body Enfants Carters - Lot de 4","8 000CFA","Medina, Dakar, Sénégal","https://images.coinafrique.com/thumb_1975489_uploaded_image1_1587346902.19.jpeg"
"1771242802-254","https://sn.coinafrique.com/categorie/vetements-enfants?page=18","Calçon pour enfant  original","5 000CFA","Medina, Dakar, Sénégal","https://images.coinafrique.com/thumb_1973167_uploaded_image1_1587307834.22.jpeg"
"1771242802-255","https://sn.coinafrique.com/categorie/vetements-enfants?page=18","Slip pour enfant","8 000CFA","Mermoz-Sacré-Cœur, Dakar, Sénégal","https://images.coinafrique.com/thumb_1959520_uploaded_image1_1587095120.04.jpeg"
"1771242802-256","https://sn.coinafrique.com/categorie/vetements-enfants?page=18","Robes","Prix sur demande","Dakar, Sénégal","https://images.coinafrique.com/thumb_1956418_uploaded_image1_1587046193.06.jpeg"
"1771242802-257","https://sn.coinafrique.com/categorie/vetements-enfants?page=18","Robe bébé","Prix sur demande","HLM, Dakar, Sénégal","https://images.coinafrique.com/thumb_1954347_uploaded_image1_1587028656.73.jpeg"
"1771242802-258","https://sn.coinafrique.com/categorie/vetements-enfants?page=18","Robes","3 000CFA","HLM, Dakar, Sénégal","https://images.coinafrique.com/thumb_1954333_uploaded_image1_1587028541.38.jpeg"
"1771242802-259","https://sn.coinafrique.com/categorie/vetements-enfants?page=18","Caleçons enfant","8 500CFA","Mermoz-Sacré-Cœur, Dakar, Sénégal","https://images.coinafrique.com/thumb_1953332_uploaded_image1_1587004946.87.jpeg"
"1771242802-260","https://sn.coinafrique.com/categorie/vetements-enfants?page=18","Habits pour bébé","5 000CFA","HLM, Dakar, Sénégal","https://images.coinafrique.com/thumb_1951656_uploaded_image1_1586970612.89.jpeg"
"1771242802-261","https://sn.coinafrique.com/categorie/vetements-enfants?page=18","Vêtement enfant","7 000CFA","HLM, Dakar, Sénégal","https://images.coinafrique.com/thumb_1951650_uploaded_image1_1586970504.87.jpeg"
"1771242802-262","https://sn.coinafrique.com/categorie/vetements-enfants?page=18","Grenouillère bébé","Prix sur demande","HLM, Dakar, Sénégal","https://images.coinafrique.com/thumb_1951637_uploaded_image1_1586970326.99.jpeg"
"1771242802-263","https://sn.coinafrique.com/categorie/vetements-enfants?page=18","Vêtements enfant","5 000CFA","HLM, Dakar, Sénégal","https://images.coinafrique.com/thumb_1951634_uploaded_image1_1586970221.31.jpeg"
"1771242802-264","https://sn.coinafrique.com/categorie/vetements-enfants?page=18","Ensemble pour bébé","Prix sur demande","HLM, Dakar, Sénégal","https://images.coinafrique.com/thumb_1943562_uploaded_image1_1586864768.03.jpeg"
"1771242802-265","https://sn.coinafrique.com/categorie/vetements-enfants?page=18","Ensemble enfant","5 000CFA","HLM, Dakar, Sénégal","https://images.coinafrique.com/thumb_1943553_uploaded_image1_1586864671.63.jpeg"
"1771242802-266","https://sn.coinafrique.com/categorie/vetements-enfants?page=18","Ensemble bébé 1er âge a","2 500CFA","HLM, Dakar, Sénégal","https://images.coinafrique.com/thumb_1943535_uploaded_image1_1586864377.03.jpeg"
"1771242802-267","https://sn.coinafrique.com/categorie/vetements-enfants?page=18","Vêtement enfant","7 000CFA","HLM, Dakar, Sénégal","https://images.coinafrique.com/thumb_1943528_uploaded_image1_1586864266.59.jpeg"
"1771242802-268","https://sn.coinafrique.com/categorie/vetements-enfants?page=18","Vêtements bébé","5 000CFA","Medina, Dakar, Sénégal","https://images.coinafrique.com/thumb_1936151_uploaded_image1_1586746366.57.png"
"1771242802-269","https://sn.coinafrique.com/categorie/vetements-enfants?page=18","Vêtements pour bébé","Prix sur demande","HLM, Dakar, Sénégal","https://images.coinafrique.com/thumb_1910628_uploaded_image1_1586307843.18.png"
"1771242802-270","https://sn.coinafrique.com/categorie/vetements-enfants?page=18","Combishort enfant fille","6 000CFA","Rufisque, Sénégal","https://images.coinafrique.com/thumb_1910246_uploaded_image1_1586299028.11.png"
"1771242802-271","https://sn.coinafrique.com/categorie/vetements-enfants?page=18","Ensemble enfant garçon","8 000CFA","Rufisque, Sénégal","https://images.coinafrique.com/thumb_1910234_uploaded_image1_1586298807.14.png"
"1771242802-272","https://sn.coinafrique.com/categorie/vetements-enfants?page=18","Ensemble 3 pièces bébé garçon","3 500CFA","Rufisque, Sénégal","https://images.coinafrique.com/thumb_1910194_uploaded_image1_1586298079.54.png"
"1771242802-273","https://sn.coinafrique.com/categorie/vetements-enfants?page=18","Ensemble coton garçon","3 500CFA","Rufisque, Sénégal","https://images.coinafrique.com/thumb_1910169_uploaded_image1_1586297654.31.png"
"1771242802-274","https://sn.coinafrique.com/categorie/vetements-enfants?page=18","Ensemble 8 pièces bébé","5 000CFA","Rufisque, Sénégal","https://images.coinafrique.com/thumb_1910155_uploaded_image1_1586297414.23.png"
"1771242802-275","https://sn.coinafrique.com/categorie/vetements-enfants?page=18","Tenue de baptême / fille","7 000CFA","Rufisque, Sénégal","https://images.coinafrique.com/thumb_1906593_uploaded_image1_1586255067.65.png"
"1771242802-276","https://sn.coinafrique.com/categorie/vetements-enfants?page=18","Robes bébé","4 000CFA","Rufisque, Sénégal","https://images.coinafrique.com/thumb_1906465_uploaded_image1_1586253537.07.png"
"1771242802-277","https://sn.coinafrique.com/categorie/vetements-enfants?page=18","Robes bébé","4 000CFA","Rufisque, Sénégal","https://images.coinafrique.com/thumb_1906455_uploaded_image1_1586253454.8.png"
"1771242802-278","https://sn.coinafrique.com/categorie/vetements-enfants?page=18","Tenue de baptême","7 000CFA","Rufisque, Sénégal","https://images.coinafrique.com/thumb_1906387_uploaded_image1_1586252732.58.png"
"1771242802-279","https://sn.coinafrique.com/categorie/vetements-enfants?page=18","Combinaison enfant","15 000CFA","Dakar, Sénégal","https://images.coinafrique.com/thumb_1834624_uploaded_image1_1584951207.3.png"
"1771242802-280","https://sn.coinafrique.com/categorie/vetements-enfants?page=18","Ensemble pantalon enfant","12 000CFA","Dakar, Sénégal","https://images.coinafrique.com/thumb_1810071_uploaded_image1_1584488550.47.png"
"1771242802-281","https://sn.coinafrique.com/categorie/vetements-enfants?page=18","Ensemble Vêtement Nike - enfant","Prix sur demande","Sicap-Liberté, Dakar, Sénégal","https://images.coinafrique.com/thumb_1804137_uploaded_image1_1584391154.47.png"
"1771242802-282","https://sn.coinafrique.com/categorie/vetements-enfants?page=18","Maillot enfant original","5 000CFA","Point E, Dakar, Sénégal","https://images.coinafrique.com/thumb_1803131_uploaded_image1_1584378734.55.png"
"1771242802-283","https://sn.coinafrique.com/categorie/vetements-enfants?page=18","Pack de 5 barboteuses","6 000CFA","Mermoz-Sacré-Cœur, Dakar, Sénégal","https://images.coinafrique.com/thumb_1797916_uploaded_image1_1584293987.81.png"
"1771242802-284","https://sn.coinafrique.com/categorie/vetements-enfants?page=18","Sortie de bain bébé","9 000CFA","Dakar, Sénégal","https://images.coinafrique.com/thumb_1797422_uploaded_image1_1584283247.52.png"
"1771242802-285","https://sn.coinafrique.com/categorie/vetements-enfants?page=18","Vêtements bébé","Prix sur demande","HLM, Dakar, Sénégal","https://images.coinafrique.com/thumb_1790174_uploaded_image1_1584127258.73.png"
"1771242802-286","https://sn.coinafrique.com/categorie/vetements-enfants?page=18","Ensemble bébé","5 000CFA","HLM, Dakar, Sénégal","https://images.coinafrique.com/thumb_1790170_uploaded_image1_1584127134.2.png"
"1771242802-287","https://sn.coinafrique.com/categorie/vetements-enfants?page=18","Vêtement enfant","Prix sur demande","HLM, Dakar, Sénégal","https://images.coinafrique.com/thumb_1790165_uploaded_image1_1584126923.36.png"
"1771242802-288","https://sn.coinafrique.com/categorie/vetements-enfants?page=18","Ensemble bébé 6 mois","Prix sur demande","HLM, Dakar, Sénégal","https://images.coinafrique.com/thumb_1790162_uploaded_image1_1584126824.65.png"
"1771242802-289","https://sn.coinafrique.com/categorie/vetements-enfants?page=18","Robe enfant fille","5 000CFA","Point E, Dakar, Sénégal","https://images.coinafrique.com/thumb_1784678_uploaded_image1_1584029251.42.png"
"1771242802-290","https://sn.coinafrique.com/categorie/vetements-enfants?page=18","Vêtement enfant","10 000CFA","Dakar-Plateau, Dakar, Sénégal","https://images.coinafrique.com/thumb_1784556_uploaded_image1_1584027610.0.png"
"1771242802-291","https://sn.coinafrique.com/categorie/vetements-enfants?page=18","Vêtement enfant","10 000CFA","Dakar-Plateau, Dakar, Sénégal","https://images.coinafrique.com/thumb_1784551_uploaded_image1_1584027560.51.png"
"1771242802-292","https://sn.coinafrique.com/categorie/vetements-enfants?page=18","Ensemble enfant","10 000CFA","Dakar-Plateau, Dakar, Sénégal","https://images.coinafrique.com/thumb_1784540_uploaded_image1_1584027470.41.png"
"1771242802-293","https://sn.coinafrique.com/categorie/vetements-enfants?page=18","Ensemble enfant","10 000CFA","Dakar-Plateau, Dakar, Sénégal","https://images.coinafrique.com/thumb_1784533_uploaded_image1_1584027397.68.png"
"1771242802-294","https://sn.coinafrique.com/categorie/vetements-enfants?page=18","Robe enfant","5 000CFA","Mermoz-Sacré-Cœur, Dakar, Sénégal","https://images.coinafrique.com/thumb_1783768_uploaded_image1_1584018577.34.png"
"1771242802-295","https://sn.coinafrique.com/categorie/vetements-enfants?page=18","Robe enfant","5 000CFA","Mermoz-Sacré-Cœur, Dakar, Sénégal","https://images.coinafrique.com/thumb_1773838_uploaded_image1_1583862932.13.png"
"1771242802-296","https://sn.coinafrique.com/categorie/vetements-enfants?page=18","Boxer slip fille","3 500CFA","Fass, Dakar, Sénégal","https://images.coinafrique.com/thumb_1738625_uploaded_image1_1583250075.0.png"
"1771242802-297","https://sn.coinafrique.com/categorie/vetements-enfants?page=18","Habits pour enfants","1 500CFA","Grand Dakar, Dakar, Sénégal","https://images.coinafrique.com/thumb_1730070_uploaded_image1_1583108098.32.png"
"1771242802-298","https://sn.coinafrique.com/categorie/vetements-enfants?page=18","Robe enfant","5 000CFA","Point E, Dakar, Sénégal","https://images.coinafrique.com/thumb_1720893_uploaded_image1_1582915357.03.png"
"1771242802-299","https://sn.coinafrique.com/categorie/vetements-enfants?page=18","Robe","10 000CFA","Sicap Liberté, Dakar, Sénégal","https://images.coinafrique.com/thumb_1719896_uploaded_image1_1582902178.54.png"
"1771242802-300","https://sn.coinafrique.com/categorie/vetements-enfants?page=18","Vêtements enfant","10 000CFA","Yoff, Dakar, Sénégal","https://images.coinafrique.com/thumb_1703264_uploaded_image1_1582641589.45.png"
"1771242802-301","https://sn.coinafrique.com/categorie/vetements-enfants?page=18","Tenues mardi-gras","20 000CFA","Les Parcelles Assainies, Dakar, Sénégal","https://images.coinafrique.com/thumb_1697316_uploaded_image1_1582554886.1.png"
"1771242802-302","https://sn.coinafrique.com/categorie/vetements-enfants?page=18","Robe d'été enfants","10 000CFA","Dakar, Sénégal","https://images.coinafrique.com/thumb_1689763_uploaded_image1_1582384162.5.png"
"1771242802-303","https://sn.coinafrique.com/categorie/vetements-enfants?page=18","Boxers enfants","7 000CFA","Patte d'Oie, Dakar, Sénégal","https://images.coinafrique.com/thumb_1680030_uploaded_image1_1582211265.82.png"
"1771242802-304","https://sn.coinafrique.com/categorie/vetements-enfants?page=18","Vêtements enfants","Prix sur demande","Mermoz-Sacré-Cœur, Dakar, Sénégal","https://images.coinafrique.com/thumb_1656848_uploaded_image1_1581814339.01.png"
"1771242802-305","https://sn.coinafrique.com/categorie/vetements-enfants?page=18","Habits d'enfants","Prix sur demande","Dakar, Sénégal","https://images.coinafrique.com/thumb_1649651_uploaded_image1_1581684888.76.png"
"1771242802-306","https://sn.coinafrique.com/categorie/vetements-enfants?page=18","Ensemble short","10 000CFA","Dakar-Plateau, Dakar, Sénégal","https://images.coinafrique.com/thumb_1647670_uploaded_image1_1581664885.61.png"
"1771242802-307","https://sn.coinafrique.com/categorie/vetements-enfants?page=18","Haut bébé","Prix sur demande","Dakar Plateau, Dakar, Sénégal","https://images.coinafrique.com/thumb_1638505_uploaded_image1_1581513125.53.png"
"1771242802-308","https://sn.coinafrique.com/categorie/vetements-enfants?page=18","Ensemble complet","Prix sur demande","Dakar Plateau, Dakar, Sénégal","https://images.coinafrique.com/thumb_1638479_uploaded_image1_1581512755.62.png"
"1771242802-309","https://sn.coinafrique.com/categorie/vetements-enfants?page=18","Habits d'enfants","12 000CFA","Dakar Plateau, Dakar, Sénégal","https://images.coinafrique.com/thumb_1632221_uploaded_image1_1581423696.07.png"
"1771242802-310","https://sn.coinafrique.com/categorie/vetements-enfants?page=18","Cache couche","2 000CFA","Grand Yoff, Dakar, Sénégal","https://images.coinafrique.com/thumb_1608014_uploaded_image1_1581043282.72.png"
"1771242802-311","https://sn.coinafrique.com/categorie/vetements-enfants?page=18","Coffret sortie de bain","10 000CFA","Grand Yoff, Dakar, Sénégal","https://images.coinafrique.com/thumb_1608013_uploaded_image1_1581043244.3.png"
"1771242802-312","https://sn.coinafrique.com/categorie/vetements-enfants?page=18","Tenues pour mardi-gras","25 000CFA","Les Parcelles Assainies, Dakar, Sénégal","https://images.coinafrique.com/thumb_1607904_uploaded_image1_1581036553.31.png"
"1771242802-313","https://sn.coinafrique.com/categorie/vetements-enfants?page=18","Tenue mardi gras","25 000CFA","Les Parcelles Assainies, Dakar, Sénégal","https://images.coinafrique.com/thumb_1607901_uploaded_image1_1581036440.19.png"
"1771242802-314","https://sn.coinafrique.com/categorie/vetements-enfants?page=18","Tenue mardi gras","25 000CFA","Parcelle Assainies, Dakar, Sénégal","https://images.coinafrique.com/thumb_1607896_uploaded_image1_1581036259.52.png"
"1771242802-315","https://sn.coinafrique.com/categorie/vetements-enfants?page=18","Chemise enfant","5 000CFA","Thies Nord, Thiès, Sénégal","https://images.coinafrique.com/thumb_1566600_uploaded_image1_1580394360.74.png"
"1771242802-316","https://sn.coinafrique.com/categorie/vetements-enfants?page=18","Bombers pour enfants","15 000CFA","Dakar-Plateau, Dakar, Sénégal","https://images.coinafrique.com/thumb_1565490_uploaded_image1_1580383347.89.png"
"1771242802-317","https://sn.coinafrique.com/categorie/vetements-enfants?page=18","Robe bébé","8 000CFA","Gueule Tapée-Fass-Colobane, Dakar, Sénégal","https://images.coinafrique.com/thumb_1559518_uploaded_image1_1580302630.18.png"
"1771242802-318","https://sn.coinafrique.com/categorie/vetements-enfants?page=18","Ensemble bébé","5 000CFA","Gueule Tapée-Fass-Colobane, Dakar, Sénégal","https://images.coinafrique.com/thumb_1559514_uploaded_image1_1580302586.76.png"
"1771242802-319","https://sn.coinafrique.com/categorie/vetements-enfants?page=18","Ensemble bébé","6 000CFA","Gueule Tapée-Fass-Colobane, Dakar, Sénégal","https://images.coinafrique.com/thumb_1559510_uploaded_image1_1580302551.72.png"
"1771242802-320","https://sn.coinafrique.com/categorie/vetements-enfants?page=18","Complet bébé","6 000CFA","Gueule Tapée-Fass-Colobane, Dakar, Sénégal","https://images.coinafrique.com/thumb_1559509_uploaded_image1_1580302514.24.png"
"1771242802-321","https://sn.coinafrique.com/categorie/vetements-enfants?page=18","Vêtements bébé - 10 pièces","12 000CFA","Gueule Tapée-Fass-Colobane, Dakar, Sénégal","https://images.coinafrique.com/thumb_1559493_uploaded_image1_1580302285.16.png"
"1771242802-322","https://sn.coinafrique.com/categorie/vetements-enfants?page=18","Vêtements bébé - 10 pièces","12 000CFA","Gueule Tapée-Fass-Colobane, Dakar, Sénégal","https://images.coinafrique.com/thumb_1559490_uploaded_image1_1580302235.18.png"
"1771242802-323","https://sn.coinafrique.com/categorie/vetements-enfants?page=18","Vêtements bébé - 10 pièces","12 000CFA","Gueule Tapée-Fass-Colobane, Dakar, Sénégal","https://images.coinafrique.com/thumb_1559487_uploaded_image1_1580302197.09.png"
"1771242802-324","https://sn.coinafrique.com/categorie/vetements-enfants?page=18","Vêtements bébé","2 000CFA","Gueule Tapée-Fass-Colobane, Dakar, Sénégal","https://images.coinafrique.com/thumb_1559425_uploaded_image1_1580301744.51.png"
"1771242802-325","https://sn.coinafrique.com/categorie/vetements-enfants?page=18","Vêtements bébé","2 000CFA","Gueule Tapée-Fass-Colobane, Dakar, Sénégal","https://images.coinafrique.com/thumb_1559422_uploaded_image1_1580301721.18.png"
"1771242802-326","https://sn.coinafrique.com/categorie/vetements-enfants?page=18","Tenue de baptême  / 11 piéces","12 000CFA","HLM, Dakar, Sénégal","https://images.coinafrique.com/thumb_1552044_uploaded_image1_1580207298.82.png"
"1771242802-327","https://sn.coinafrique.com/categorie/vetements-enfants?page=18","Ensemble enfant 6 à 14 ans","10 000CFA","Dakar, Sénégal","https://images.coinafrique.com/thumb_1544373_uploaded_image1_1580086240.79.png"
"1771242802-328","https://sn.coinafrique.com/categorie/vetements-enfants?page=18","Polo Lacoste","4 000CFA","Grand Yoff, Dakar, Sénégal","https://images.coinafrique.com/thumb_1543948_uploaded_image1_1580078044.42.png"
"1771242802-329","https://sn.coinafrique.com/categorie/vetements-enfants?page=18","Lacoste enfant","4 000CFA","Grand Yoff, Dakar, Sénégal","https://images.coinafrique.com/thumb_1543946_uploaded_image1_1580077992.21.png"
"1771242802-330","https://sn.coinafrique.com/categorie/vetements-enfants?page=18","Polo Lacoste 2-6 ans","4 000CFA","Grand Yoff, Dakar, Sénégal","https://images.coinafrique.com/thumb_1543944_uploaded_image1_1580077931.79.png"
"1771242802-331","https://sn.coinafrique.com/categorie/vetements-enfants?page=18","Polo Lacoste 2-6 ans","4 000CFA","Grand Yoff, Dakar, Sénégal","https://images.coinafrique.com/thumb_1543894_uploaded_image1_1580077072.75.png"
"1771242802-332","https://sn.coinafrique.com/categorie/vetements-enfants?page=18","Lacoste 2-6 ans","4 000CFA","Grand Yoff, Dakar, Sénégal","https://images.coinafrique.com/thumb_1543891_uploaded_image1_1580077027.08.png"
"1771242802-333","https://sn.coinafrique.com/categorie/vetements-enfants?page=18","Lacoste enfant","4 000CFA","Grand Yoff, Dakar, Sénégal","https://images.coinafrique.com/thumb_1543886_uploaded_image1_1580076977.34.png"
"1771242802-334","https://sn.coinafrique.com/categorie/vetements-enfants?page=18","Vêtement enfant","7 000CFA","Ouakam, Dakar, Sénégal","https://images.coinafrique.com/thumb_1526621_uploaded_image1_1579784330.83.png"
"1771242802-335","https://sn.coinafrique.com/categorie/vetements-enfants?page=18","Couverture bébé","5 000CFA","Les Parcelles Assainies, Dakar, Sénégal","https://images.coinafrique.com/thumb_1514395_uploaded_image1_1579606069.38.png"
"1771242802-336","https://sn.coinafrique.com/categorie/vetements-enfants?page=18","Complet enfant","6 000CFA","Les Parcelles Assainies, Dakar, Sénégal","https://images.coinafrique.com/thumb_1514365_uploaded_image1_1579605771.41.png"
"1771242811-337","https://sn.coinafrique.com/categorie/vetements-enfants?page=17","Polo enfant","4 500CFA","Dakar Plateau, Dakar, Sénégal","https://images.coinafrique.com/thumb_2136746_uploaded_image1_1589868484.jpg"
"1771242811-338","https://sn.coinafrique.com/categorie/vetements-enfants?page=17","Pantalon enfant","4 500CFA","Dakar Plateau, Dakar, Sénégal","https://images.coinafrique.com/thumb_2136743_uploaded_image1_1589868445.jpg"
"1771242811-339","https://sn.coinafrique.com/categorie/vetements-enfants?page=17","Complet enfant","4 500CFA","Dakar Plateau, Dakar, Sénégal","https://images.coinafrique.com/thumb_2136740_uploaded_image1_1589868405.jpg"
"1771242811-340","https://sn.coinafrique.com/categorie/vetements-enfants?page=17","Complet enfant","4 500CFA","Dakar Plateau, Dakar, Sénégal","https://images.coinafrique.com/thumb_2136737_uploaded_image1_1589868371.jpg"
"1771242811-341","https://sn.coinafrique.com/categorie/vetements-enfants?page=17","Complet enfant","4 500CFA","Dakar Plateau, Dakar, Sénégal","https://images.coinafrique.com/thumb_2136726_uploaded_image1_1589868290.jpg"
"1771242811-342","https://sn.coinafrique.com/categorie/vetements-enfants?page=17","Complet enfant","4 500CFA","Dakar Plateau, Dakar, Sénégal","https://images.coinafrique.com/thumb_2136720_uploaded_image1_1589868244.jpg"
"1771242811-343","https://sn.coinafrique.com/categorie/vetements-enfants?page=17","Complet enfant","4 500CFA","Dakar Plateau, Dakar, Sénégal","https://images.coinafrique.com/thumb_2136716_uploaded_image1_1589868188.jpg"
"1771242811-344","https://sn.coinafrique.com/categorie/vetements-enfants?page=17","Robe de cérémonie enfant","6 000CFA","Rufisque, Sénégal","https://images.coinafrique.com/thumb_2135808_uploaded_image1_1589842052.jpg"
"1771242811-345","https://sn.coinafrique.com/categorie/vetements-enfants?page=17","Robe de cérémonie enfant","10 000CFA","Rufisque, Sénégal","https://images.coinafrique.com/thumb_2135575_uploaded_image1_1589839307.jpg"
"1771242811-346","https://sn.coinafrique.com/categorie/vetements-enfants?page=17","Robe de cérémonie enfant","7 000CFA","Rufisque, Sénégal","https://images.coinafrique.com/thumb_2135558_uploaded_image1_1589839068.jpg"
"1771242811-347","https://sn.coinafrique.com/categorie/vetements-enfants?page=17","Robe de cérémonie enfant","7 500CFA","Rufisque, Sénégal","https://images.coinafrique.com/thumb_2135538_uploaded_image1_1589838803.jpg"
"1771242811-348","https://sn.coinafrique.com/categorie/vetements-enfants?page=17","Robe en coton enfant","8 000CFA","Rufisque, Sénégal","https://images.coinafrique.com/thumb_2135504_uploaded_image1_1589838293.jpg"
"1771242811-349","https://sn.coinafrique.com/categorie/vetements-enfants?page=17","Robes coton enfant","6 000CFA","Rufisque, Sénégal","https://images.coinafrique.com/thumb_2135496_uploaded_image1_1589838190.jpg"
"1771242811-350","https://sn.coinafrique.com/categorie/vetements-enfants?page=17","Robe en coton enfant","8 000CFA","Rufisque, Sénégal","https://images.coinafrique.com/thumb_2135490_uploaded_image1_1589838120.jpg"
"1771242811-351","https://sn.coinafrique.com/categorie/vetements-enfants?page=17","Robe en coton enfant","8 000CFA","Rufisque, Sénégal","https://images.coinafrique.com/thumb_2135481_uploaded_image1_1589838043.jpg"
"1771242811-352","https://sn.coinafrique.com/categorie/vetements-enfants?page=17","Robe enfant","8 000CFA","Rufisque, Sénégal","https://images.coinafrique.com/thumb_2135475_uploaded_image1_1589837962.jpg"
"1771242811-353","https://sn.coinafrique.com/categorie/vetements-enfants?page=17","Robe enfants fait main","Prix sur demande","Biscuiterie, Dakar, Sénégal","https://images.coinafrique.com/thumb_2134538_uploaded_image1_1589822555.jpg"
"1771242811-354","https://sn.coinafrique.com/categorie/vetements-enfants?page=17","Ensemble enfant","12 000CFA","Fass, Dakar, Sénégal","https://images.coinafrique.com/thumb_2133600_uploaded_image1_1589810793.jpg"
"1771242811-355","https://sn.coinafrique.com/categorie/vetements-enfants?page=17","Ensemble pantalon & tee-shirt","12 000CFA","Fass, Dakar, Sénégal","https://images.coinafrique.com/thumb_2133467_uploaded_image1_1589808819.jpg"
"1771242811-356","https://sn.coinafrique.com/categorie/vetements-enfants?page=17","Robe enfants","10 000CFA","Biscuiterie, Dakar, Sénégal","https://images.coinafrique.com/thumb_2133033_uploaded_image1_1589804179.jpg"
"1771242811-357","https://sn.coinafrique.com/categorie/vetements-enfants?page=17","Ensemble culotte","5 500CFA","Dakar Plateau, Dakar, Sénégal","https://images.coinafrique.com/thumb_2126589_uploaded_image1_1589696412.jpg"
"1771242811-358","https://sn.coinafrique.com/categorie/vetements-enfants?page=17","Vêtements enfants","4 500CFA","Dakar Plateau, Dakar, Sénégal","https://images.coinafrique.com/thumb_2126541_uploaded_image1_1589695915.jpg"
"1771242811-359","https://sn.coinafrique.com/categorie/vetements-enfants?page=17","Vêtements enfants","5 000CFA","Dakar Plateau, Dakar, Sénégal","https://images.coinafrique.com/thumb_2126532_uploaded_image1_1589695794.jpg"
"1771242811-360","https://sn.coinafrique.com/categorie/vetements-enfants?page=17","Vêtements  enfant","5 000CFA","Dakar Plateau, Dakar, Sénégal","https://images.coinafrique.com/thumb_2126529_uploaded_image1_1589695742.jpg"
"1771242811-361","https://sn.coinafrique.com/categorie/vetements-enfants?page=17","Vêtements pour enfants","4 500CFA","Dakar Plateau, Dakar, Sénégal","https://images.coinafrique.com/thumb_2126522_uploaded_image1_1589695660.jpg"
"1771242811-362","https://sn.coinafrique.com/categorie/vetements-enfants?page=17","Vêtements pour enfants","4 500CFA","Dakar Plateau, Dakar, Sénégal","https://images.coinafrique.com/thumb_2125952_uploaded_image1_1589678069.jpg"
"1771242811-363","https://sn.coinafrique.com/categorie/vetements-enfants?page=17","Vêtements pour enfants","4 500CFA","Dakar Plateau, Dakar, Sénégal","https://images.coinafrique.com/thumb_2125951_uploaded_image1_1589678021.jpg"
"1771242811-364","https://sn.coinafrique.com/categorie/vetements-enfants?page=17","Vêtements enfants","4 500CFA","Dakar Plateau, Dakar, Sénégal","https://images.coinafrique.com/thumb_2125948_uploaded_image1_1589677959.jpg"
"1771242811-365","https://sn.coinafrique.com/categorie/vetements-enfants?page=17","Vêtements enfants","4 500CFA","Dakar Plateau, Dakar, Sénégal","https://images.coinafrique.com/thumb_2125947_uploaded_image1_1589677921.jpg"
"1771242811-366","https://sn.coinafrique.com/categorie/vetements-enfants?page=17","T-Shirt - Short","4 500CFA","Dakar Plateau, Dakar, Sénégal","https://images.coinafrique.com/thumb_2125943_uploaded_image1_1589677839.jpg"
"1771242811-367","https://sn.coinafrique.com/categorie/vetements-enfants?page=17","Vêtements enfants","4 500CFA","Dakar Plateau, Dakar, Sénégal","https://images.coinafrique.com/thumb_2125892_uploaded_image1_1589676708.jpg"
"1771242811-368","https://sn.coinafrique.com/categorie/vetements-enfants?page=17","T-shirts 100% coton","5 500CFA","Dakar Plateau, Dakar, Sénégal","https://images.coinafrique.com/thumb_2124862_uploaded_image1_1589655764.jpg"
"1771242811-369","https://sn.coinafrique.com/categorie/vetements-enfants?page=17","Robes","8 000CFA","Dakar Plateau, Dakar, Sénégal","https://images.coinafrique.com/thumb_2122740_uploaded_image1_1589625434.jpg"
"1771242811-370","https://sn.coinafrique.com/categorie/vetements-enfants?page=17","Vêtements enfant","4 500CFA","Dakar Plateau, Dakar, Sénégal","https://images.coinafrique.com/thumb_2121714_uploaded_image1_1589608443.jpg"
"1771242811-371","https://sn.coinafrique.com/categorie/vetements-enfants?page=17","Vêtements enfant","4 500CFA","Dakar Plateau, Dakar, Sénégal","https://images.coinafrique.com/thumb_2121710_uploaded_image1_1589608406.jpg"
"1771242811-372","https://sn.coinafrique.com/categorie/vetements-enfants?page=17","Vêtements pour enfants","5 000CFA","Dakar Plateau, Dakar, Sénégal","https://images.coinafrique.com/thumb_2121709_uploaded_image1_1589608369.jpg"
"1771242811-373","https://sn.coinafrique.com/categorie/vetements-enfants?page=17","Vêtements enfants","5 000CFA","Dakar Plateau, Dakar, Sénégal","https://images.coinafrique.com/thumb_2121705_uploaded_image1_1589608320.jpg"
"1771242811-374","https://sn.coinafrique.com/categorie/vetements-enfants?page=17","Vêtements enfants","4 500CFA","Dakar Plateau, Dakar, Sénégal","https://images.coinafrique.com/thumb_2120842_uploaded_image1_1589586119.jpg"
"1771242811-375","https://sn.coinafrique.com/categorie/vetements-enfants?page=17","Pantalon pour enfants","4 500CFA","Dakar Plateau, Dakar, Sénégal","https://images.coinafrique.com/thumb_2120840_uploaded_image1_1589586074.jpg"
"1771242811-376","https://sn.coinafrique.com/categorie/vetements-enfants?page=17","Polo pour enfants","4 500CFA","Dakar Plateau, Dakar, Sénégal","https://images.coinafrique.com/thumb_2120830_uploaded_image1_1589585958.jpg"
"1771242811-377","https://sn.coinafrique.com/categorie/vetements-enfants?page=17","Robes","12 000CFA","Mermoz-Sacré Coeur, Dakar, Sénégal","https://images.coinafrique.com/thumb_2112935_uploaded_image1_1589474288.jpg"
"1771242811-378","https://sn.coinafrique.com/categorie/vetements-enfants?page=17","Tenue traditionnelle","Prix sur demande","Dieuppeul-Derklé, Dakar, Sénégal","https://images.coinafrique.com/thumb_2112761_uploaded_image1_1589472281.15.jpeg"
"1771242811-379","https://sn.coinafrique.com/categorie/vetements-enfants?page=17","Vêtements  enfants","20 000CFA","Fann, Dakar, Sénégal","https://images.coinafrique.com/thumb_2110260_uploaded_image1_1589447276.jpg"
"1771242811-380","https://sn.coinafrique.com/categorie/vetements-enfants?page=17","Vêtement enfant","15 000CFA","Fann, Dakar, Sénégal","https://images.coinafrique.com/thumb_2110256_uploaded_image1_1589447241.jpg"
"1771242811-381","https://sn.coinafrique.com/categorie/vetements-enfants?page=17","Complet enfant","15 000CFA","Fann, Dakar, Sénégal","https://images.coinafrique.com/thumb_2110252_uploaded_image1_1589447206.jpg"
"1771242811-382","https://sn.coinafrique.com/categorie/vetements-enfants?page=17","World classe Vêtements enfants","40 000CFA","Dakar Plateau, Dakar, Sénégal","https://images.coinafrique.com/thumb_2109272_uploaded_image1_1589430115.jpg"
"1771242811-383","https://sn.coinafrique.com/categorie/vetements-enfants?page=17","Vêtements pour enfants","25 000CFA","Fann, Dakar, Sénégal","https://images.coinafrique.com/thumb_2102512_uploaded_image1_1589320644.jpg"
"1771242811-384","https://sn.coinafrique.com/categorie/vetements-enfants?page=17","vêtements de classe pour bébé","16 000CFA","Parcelle Assainies, Dakar, Sénégal","https://images.coinafrique.com/thumb_2099466_uploaded_image1_1589281936.jpg"
"1771242811-385","https://sn.coinafrique.com/categorie/vetements-enfants?page=17","Caleçon pour enfants","7 500CFA","Dakar, Sénégal","https://images.coinafrique.com/thumb_2097474_uploaded_image1_1589248311.jpg"
"1771242811-386","https://sn.coinafrique.com/categorie/vetements-enfants?page=17","Robe","Prix sur demande","Ouakam, Dakar, Sénégal","https://images.coinafrique.com/thumb_2096621_uploaded_image1_1589230804.07.jpeg"
"1771242811-387","https://sn.coinafrique.com/categorie/vetements-enfants?page=17","Qamis pour petit","10 000CFA","Fann, Dakar, Sénégal","https://images.coinafrique.com/thumb_2090969_uploaded_image1_1589145852.jpg"
"1771242811-388","https://sn.coinafrique.com/categorie/vetements-enfants?page=17","Slip enfant","7 000CFA","Dakar, Sénégal","https://images.coinafrique.com/thumb_2087466_uploaded_image1_1589080473.jpg"
"1771242811-389","https://sn.coinafrique.com/categorie/vetements-enfants?page=17","Vêtements bébé","2 500CFA","Parcelle Assainies, Dakar, Sénégal","https://images.coinafrique.com/thumb_2087136_uploaded_image1_1589072240.jpg"
"1771242811-390","https://sn.coinafrique.com/categorie/vetements-enfants?page=17","Tenu traditionnel enfant","Prix sur demande","Sénégal","https://images.coinafrique.com/thumb_2075122_uploaded_image1_1588877022.18.jpeg"
"1771242811-391","https://sn.coinafrique.com/categorie/vetements-enfants?page=17","Ensemble pour garçon","Prix sur demande","Sénégal","https://images.coinafrique.com/thumb_2074826_uploaded_image1_1588873875.59.jpeg"
"1771242811-392","https://sn.coinafrique.com/categorie/vetements-enfants?page=17","Robe enfant","15 000CFA","Biscuiterie, Dakar, Sénégal","https://images.coinafrique.com/thumb_2068470_uploaded_image1_1588787535.jpg"
"1771242811-393","https://sn.coinafrique.com/categorie/vetements-enfants?page=17","Tuniques enfant","20 000CFA","Fann, Dakar, Sénégal","https://images.coinafrique.com/thumb_2066977_uploaded_image1_1588770353.jpg"
"1771242811-394","https://sn.coinafrique.com/categorie/vetements-enfants?page=17","Transats pour bébé","40 000CFA","HLM, Dakar, Sénégal","https://images.coinafrique.com/thumb_2059938_uploaded_image1_1588675266.74.jpeg"
"1771242811-395","https://sn.coinafrique.com/categorie/vetements-enfants?page=17","Robe enfants","15 000CFA","Biscuiterie, Dakar, Sénégal","https://images.coinafrique.com/thumb_2054142_uploaded_image1_1588591769.jpg"
"1771242811-396","https://sn.coinafrique.com/categorie/vetements-enfants?page=17","Tuniques enfants","Prix sur demande","Sénégal","https://images.coinafrique.com/thumb_2051266_uploaded_image1_1588537693.14.jpeg"
"1771242811-397","https://sn.coinafrique.com/categorie/vetements-enfants?page=17","Robe enfant","15 000CFA","Biscuiterie, Dakar, Sénégal","https://images.coinafrique.com/thumb_2050296_uploaded_image1_1588522493.jpg"
"1771242811-398","https://sn.coinafrique.com/categorie/vetements-enfants?page=17","Robes","15 000CFA","Fann, Dakar, Sénégal","https://images.coinafrique.com/thumb_2045971_uploaded_image1_1588443944.jpg"
"1771242811-399","https://sn.coinafrique.com/categorie/vetements-enfants?page=17","Robe enfant","15 000CFA","Biscuiterie, Dakar, Sénégal","https://images.coinafrique.com/thumb_2044629_uploaded_image1_1588426459.jpg"
"1771242811-400","https://sn.coinafrique.com/categorie/vetements-enfants?page=17","Robe enfant","15 000CFA","Biscuiterie, Dakar, Sénégal","https://images.coinafrique.com/thumb_2044622_uploaded_image1_1588426381.jpg"
"1771242811-401","https://sn.coinafrique.com/categorie/vetements-enfants?page=17","Robes enfant fait main","15 000CFA","Biscuiterie, Dakar, Sénégal","https://images.coinafrique.com/thumb_2041432_uploaded_image1_1588364804.jpg"
"1771242811-402","https://sn.coinafrique.com/categorie/vetements-enfants?page=17","Robe enfant","15 000CFA","Biscuiterie, Dakar, Sénégal","https://images.coinafrique.com/thumb_2039586_uploaded_image1_1588336839.jpg"
"1771242811-403","https://sn.coinafrique.com/categorie/vetements-enfants?page=17","Vêtement enfant","5 000CFA","Grand Yoff, Dakar, Sénégal","https://images.coinafrique.com/thumb_2038808_uploaded_image1_1588327063.jpg"
"1771242811-404","https://sn.coinafrique.com/categorie/vetements-enfants?page=17","Vêtement enfant","10 000CFA","Grand Yoff, Dakar, Sénégal","https://images.coinafrique.com/thumb_2038784_uploaded_image1_1588326759.jpg"
"1771242811-405","https://sn.coinafrique.com/categorie/vetements-enfants?page=17","Ensemble enfant","10 000CFA","HLM, Dakar, Sénégal","https://images.coinafrique.com/thumb_2033828_uploaded_image1_1588247617.46.jpeg"
"1771242811-406","https://sn.coinafrique.com/categorie/vetements-enfants?page=17","Ensemble bébé 5 pièces","8 000CFA","HLM, Dakar, Sénégal","https://images.coinafrique.com/thumb_2033818_uploaded_image1_1588247504.65.jpeg"
"1771242811-407","https://sn.coinafrique.com/categorie/vetements-enfants?page=17","Vêtement enfant","Prix sur demande","HLM, Dakar, Sénégal","https://images.coinafrique.com/thumb_2033801_uploaded_image1_1588247342.86.jpeg"
"1771242811-408","https://sn.coinafrique.com/categorie/vetements-enfants?page=17","Robe enfant","7 000CFA","HLM, Dakar, Sénégal","https://images.coinafrique.com/thumb_2033791_uploaded_image1_1588247233.69.jpeg"
"1771242811-409","https://sn.coinafrique.com/categorie/vetements-enfants?page=17","Slip pour enfant","7 000CFA","Dakar, Sénégal","https://images.coinafrique.com/thumb_2029473_uploaded_image1_1588177963.jpg"
"1771242811-410","https://sn.coinafrique.com/categorie/vetements-enfants?page=17","Robe Enfants","15 000CFA","Biscuiterie, Dakar, Sénégal","https://images.coinafrique.com/thumb_2025745_uploaded_image1_1588137671.jpg"
"1771242811-411","https://sn.coinafrique.com/categorie/vetements-enfants?page=17","Robes enfants","Prix sur demande","Dakar, Sénégal","https://images.coinafrique.com/thumb_2025042_uploaded_image1_1588113458.97.jpeg"
"1771242811-412","https://sn.coinafrique.com/categorie/vetements-enfants?page=17","Robe enfants","15 000CFA","Biscuiterie, Dakar, Sénégal","https://images.coinafrique.com/thumb_2021987_uploaded_image1_1588076836.jpg"
"1771242811-413","https://sn.coinafrique.com/categorie/vetements-enfants?page=17","Robes pour enfants","15 000CFA","Biscuiterie, Dakar, Sénégal","https://images.coinafrique.com/thumb_2017027_uploaded_image1_1587998836.jpg"
"1771242811-414","https://sn.coinafrique.com/categorie/vetements-enfants?page=17","Vêtements enfants","2 000CFA","Pikine, Sénégal","https://images.coinafrique.com/thumb_2013703_uploaded_image1_1587951378.jpg"
"1771242811-415","https://sn.coinafrique.com/categorie/vetements-enfants?page=17","Bonnets pour enfant","2 000CFA","HLM, Dakar, Sénégal","https://images.coinafrique.com/thumb_2007169_uploaded_image1_1587822850.26.jpeg"
"1771242811-416","https://sn.coinafrique.com/categorie/vetements-enfants?page=17","Ensemble avec bâ","Prix sur demande","HLM, Dakar, Sénégal","https://images.coinafrique.com/thumb_1998886_uploaded_image1_1587701271.jpg"
"1771242811-417","https://sn.coinafrique.com/categorie/vetements-enfants?page=17","Bonnet pour bébé","2 000CFA","HLM, Dakar, Sénégal","https://images.coinafrique.com/thumb_1998881_uploaded_image1_1587700554.jpg"
"1771242811-418","https://sn.coinafrique.com/categorie/vetements-enfants?page=17","12 slips pour enfant","5 000CFA","Dakar, Sénégal","https://images.coinafrique.com/thumb_1996790_uploaded_image1_1587662462.87.jpeg"
"1771242811-419","https://sn.coinafrique.com/categorie/vetements-enfants?page=17","Couche culotte softcare","10 000CFA","Dakar, Sénégal","https://images.coinafrique.com/thumb_1985053_uploaded_image1_1587488603.71.jpeg"
"1771242811-420","https://sn.coinafrique.com/categorie/vetements-enfants?page=17","Vêtements enfants","Prix sur demande","Ngor, Dakar, Sénégal","https://images.coinafrique.com/thumb_1980838_uploaded_image1_1587422523.jpg"
"1771242819-421","https://sn.coinafrique.com/categorie/vetements-enfants?page=16","Grenouillère bébé fille","4 500CFA","Rufisque, Sénégal","https://images.coinafrique.com/thumb_2263591_uploaded_image1_1591833782.jpg"
"1771242819-422","https://sn.coinafrique.com/categorie/vetements-enfants?page=16","Ensemble enfant","Prix sur demande","Mermoz-Sacré Coeur, Dakar, Sénégal","https://images.coinafrique.com/thumb_2262380_uploaded_image1_1591816685.jpg"
"1771242819-423","https://sn.coinafrique.com/categorie/vetements-enfants?page=16","Sous-vêtement enfants","Prix sur demande","Mermoz-Sacré Coeur, Dakar, Sénégal","https://images.coinafrique.com/thumb_2262349_uploaded_image1_1591816302.jpg"
"1771242819-424","https://sn.coinafrique.com/categorie/vetements-enfants?page=16","Robes d'été","Prix sur demande","Dakar, Sénégal","https://images.coinafrique.com/thumb_2259852_uploaded_image1_1591790850.jpg"
"1771242819-425","https://sn.coinafrique.com/categorie/vetements-enfants?page=16","Ensemble Habits enfant - 11 pièces","15 000CFA","Sicap Liberté, Dakar, Sénégal","https://images.coinafrique.com/thumb_2251207_uploaded_image1_1591658924.jpg"
"1771242819-426","https://sn.coinafrique.com/categorie/vetements-enfants?page=16","Vêtements enfants","Prix sur demande","Dakar, Sénégal","https://images.coinafrique.com/thumb_2250465_uploaded_image1_1591649425.jpg"
"1771242819-427","https://sn.coinafrique.com/categorie/vetements-enfants?page=16","Vêtement Ensemble 4 pièces","10 000CFA","Pikine, Sénégal","https://images.coinafrique.com/thumb_2243264_uploaded_image1_1591543391.jpg"
"1771242819-428","https://sn.coinafrique.com/categorie/vetements-enfants?page=16","Ensemble Shorts","15 000CFA","Grand Dakar, Dakar, Sénégal","https://images.coinafrique.com/thumb_2238880_uploaded_image1_1591454589.jpg"
"1771242819-429","https://sn.coinafrique.com/categorie/vetements-enfants?page=16","Slip pour enfant","7 000CFA","Dakar, Sénégal","https://images.coinafrique.com/thumb_2230573_uploaded_image1_1591323873.jpg"
"1771242819-430","https://sn.coinafrique.com/categorie/vetements-enfants?page=16","Robes Enfants","Prix sur demande","Dakar, Sénégal","https://images.coinafrique.com/thumb_2229173_uploaded_image1_1591297708.jpg"
"1771242819-431","https://sn.coinafrique.com/categorie/vetements-enfants?page=16","Vêtements enfants","4 500CFA","Dakar Plateau, Dakar, Sénégal","https://images.coinafrique.com/thumb_2217861_uploaded_image1_1591140790.jpg"
"1771242819-432","https://sn.coinafrique.com/categorie/vetements-enfants?page=16","Robe pour enfant","4 500CFA","Dakar Plateau, Dakar, Sénégal","https://images.coinafrique.com/thumb_2217854_uploaded_image1_1591140707.jpg"
"1771242819-433","https://sn.coinafrique.com/categorie/vetements-enfants?page=16","Habits pour enfants","4 500CFA","Dakar Plateau, Dakar, Sénégal","https://images.coinafrique.com/thumb_2217851_uploaded_image1_1591140669.jpg"
"1771242819-434","https://sn.coinafrique.com/categorie/vetements-enfants?page=16","Habits pour enfants","4 500CFA","Dakar Plateau, Dakar, Sénégal","https://images.coinafrique.com/thumb_2217841_uploaded_image1_1591140591.jpg"
"1771242819-435","https://sn.coinafrique.com/categorie/vetements-enfants?page=16","Vêtements enfants","4 500CFA","Dakar Plateau, Dakar, Sénégal","https://images.coinafrique.com/thumb_2217836_uploaded_image1_1591140533.jpg"
"1771242819-436","https://sn.coinafrique.com/categorie/vetements-enfants?page=16","Habits pour enfants","4 500CFA","Dakar Plateau, Dakar, Sénégal","https://images.coinafrique.com/thumb_2217833_uploaded_image1_1591140499.jpg"
"1771242819-437","https://sn.coinafrique.com/categorie/vetements-enfants?page=16","Habits pour enfants","4 500CFA","Dakar Plateau, Dakar, Sénégal","https://images.coinafrique.com/thumb_2217826_uploaded_image1_1591140452.jpg"
"1771242819-438","https://sn.coinafrique.com/categorie/vetements-enfants?page=16","Habits pour enfants","4 500CFA","Dakar Plateau, Dakar, Sénégal","https://images.coinafrique.com/thumb_2217825_uploaded_image1_1591140416.jpg"
"1771242819-439","https://sn.coinafrique.com/categorie/vetements-enfants?page=16","Short en jeans","1 000CFA","Dakar, Sénégal","https://images.coinafrique.com/thumb_2215192_uploaded_image1_1591108804.jpg"
"1771242819-440","https://sn.coinafrique.com/categorie/vetements-enfants?page=16","Vêtement enfant","Prix sur demande","Geule Tapée, Dakar, Sénégal","https://images.coinafrique.com/thumb_2214842_uploaded_image1_1591105774.jpg"
"1771242819-441","https://sn.coinafrique.com/categorie/vetements-enfants?page=16","Bambinerie","Prix sur demande","Geule Tapée, Dakar, Sénégal","https://images.coinafrique.com/thumb_2214815_uploaded_image1_1591105408.jpg"
"1771242819-442","https://sn.coinafrique.com/categorie/vetements-enfants?page=16","Slip pour enfant","7 500CFA","Dakar, Sénégal","https://images.coinafrique.com/thumb_2205828_uploaded_image1_1590964036.jpg"
"1771242819-443","https://sn.coinafrique.com/categorie/vetements-enfants?page=16","Complet bébé","3 500CFA","HLM, Dakar, Sénégal","https://images.coinafrique.com/thumb_2202769_uploaded_image1_1590917752.83.jpeg"
"1771242819-444","https://sn.coinafrique.com/categorie/vetements-enfants?page=16","Vêtements enfants","4 500CFA","Dakar Plateau, Dakar, Sénégal","https://images.coinafrique.com/thumb_2201848_uploaded_image1_1590884374.jpg"
"1771242819-445","https://sn.coinafrique.com/categorie/vetements-enfants?page=16","Vêtements enfants","Prix sur demande","Dakar Plateau, Dakar, Sénégal","https://images.coinafrique.com/thumb_2201847_uploaded_image1_1590884339.jpg"
"1771242819-446","https://sn.coinafrique.com/categorie/vetements-enfants?page=16","Vêtements enfants","4 500CFA","Dakar Plateau, Dakar, Sénégal","https://images.coinafrique.com/thumb_2201843_uploaded_image1_1590884302.jpg"
"1771242819-447","https://sn.coinafrique.com/categorie/vetements-enfants?page=16","Vêtements pour enfants de 1 à 15ans","6 000CFA","Sicap Liberté, Dakar, Sénégal","https://images.coinafrique.com/thumb_2200124_uploaded_image1_1590854403.jpg"
"1771242819-448","https://sn.coinafrique.com/categorie/vetements-enfants?page=16","Ensemble vêtements enfant","4 500CFA","Dakar Plateau, Dakar, Sénégal","https://images.coinafrique.com/thumb_2196576_uploaded_image1_1590797294.jpg"
"1771242819-449","https://sn.coinafrique.com/categorie/vetements-enfants?page=16","Ensemble enfant","6 500CFA","Dakar Plateau, Dakar, Sénégal","https://images.coinafrique.com/thumb_2196574_uploaded_image1_1590797255.jpg"
"1771242819-450","https://sn.coinafrique.com/categorie/vetements-enfants?page=16","Ensemble vêtements enfant","6 500CFA","Dakar Plateau, Dakar, Sénégal","https://images.coinafrique.com/thumb_2196573_uploaded_image1_1590797228.jpg"
"1771242819-451","https://sn.coinafrique.com/categorie/vetements-enfants?page=16","Ensemble vêtements enfant","6 500CFA","Dakar Plateau, Dakar, Sénégal","https://images.coinafrique.com/thumb_2196570_uploaded_image2_1590797203.jpeg"
"1771242819-452","https://sn.coinafrique.com/categorie/vetements-enfants?page=16","Vêtements enfants","6 500CFA","Dakar Plateau, Dakar, Sénégal","https://images.coinafrique.com/thumb_2196569_uploaded_image1_1590797177.jpg"
"1771242819-453","https://sn.coinafrique.com/categorie/vetements-enfants?page=16","Robe","3 500CFA","Dakar Plateau, Dakar, Sénégal","https://images.coinafrique.com/thumb_2196473_uploaded_image1_1590795934.jpg"
"1771242819-454","https://sn.coinafrique.com/categorie/vetements-enfants?page=16","Robe fille","3 500CFA","Dakar Plateau, Dakar, Sénégal","https://images.coinafrique.com/thumb_2196469_uploaded_image1_1590795904.jpg"
"1771242819-455","https://sn.coinafrique.com/categorie/vetements-enfants?page=16","Robe fille","3 500CFA","Dakar Plateau, Dakar, Sénégal","https://images.coinafrique.com/thumb_2196466_uploaded_image1_1590795872.jpg"
"1771242819-456","https://sn.coinafrique.com/categorie/vetements-enfants?page=16","Pour enfants","4 500CFA","Dakar Plateau, Dakar, Sénégal","https://images.coinafrique.com/thumb_2196462_uploaded_image1_1590795834.jpg"
"1771242819-457","https://sn.coinafrique.com/categorie/vetements-enfants?page=16","Ensemble pour enfants","4 500CFA","Dakar Plateau, Dakar, Sénégal","https://images.coinafrique.com/thumb_2196460_uploaded_image1_1590795797.jpg"
"1771242819-458","https://sn.coinafrique.com/categorie/vetements-enfants?page=16","Vêtements enfants","4 500CFA","Dakar Plateau, Dakar, Sénégal","https://images.coinafrique.com/thumb_2196455_uploaded_image1_1590795758.jpg"
"1771242819-459","https://sn.coinafrique.com/categorie/vetements-enfants?page=16","Ensemble pour enfants","4 500CFA","Dakar Plateau, Dakar, Sénégal","https://images.coinafrique.com/thumb_2196452_uploaded_image1_1590795726.jpg"
"1771242819-460","https://sn.coinafrique.com/categorie/vetements-enfants?page=16","Ensemble t-shirt + culotte","4 500CFA","Dakar Plateau, Dakar, Sénégal","https://images.coinafrique.com/thumb_2196450_uploaded_image1_1590795691.jpg"
"1771242819-461","https://sn.coinafrique.com/categorie/vetements-enfants?page=16","Ensemble t-shirt + culotte","4 500CFA","Dakar Plateau, Dakar, Sénégal","https://images.coinafrique.com/thumb_2196448_uploaded_image1_1590795659.jpg"
"1771242819-462","https://sn.coinafrique.com/categorie/vetements-enfants?page=16","Vêtements enfants","4 500CFA","Dakar Plateau, Dakar, Sénégal","https://images.coinafrique.com/thumb_2196443_uploaded_image1_1590795614.jpg"
"1771242819-463","https://sn.coinafrique.com/categorie/vetements-enfants?page=16","Robe enfant","10 000CFA","Hann Bel-Air, Dakar, Sénégal","https://images.coinafrique.com/thumb_2190410_uploaded_image1_1590716786.jpg"
"1771242819-464","https://sn.coinafrique.com/categorie/vetements-enfants?page=16","Robes pour enfants","Prix sur demande","Dakar Plateau, Dakar, Sénégal","https://images.coinafrique.com/thumb_2189919_uploaded_image1_1590707822.jpg"
"1771242819-465","https://sn.coinafrique.com/categorie/vetements-enfants?page=16","Chemises enfants","3 500CFA","Dakar Plateau, Dakar, Sénégal","https://images.coinafrique.com/thumb_2189914_uploaded_image1_1590707777.jpg"
"1771242819-466","https://sn.coinafrique.com/categorie/vetements-enfants?page=16","Vêtements enfants","3 500CFA","Dakar Plateau, Dakar, Sénégal","https://images.coinafrique.com/thumb_2189912_uploaded_image1_1590707745.jpg"
"1771242819-467","https://sn.coinafrique.com/categorie/vetements-enfants?page=16","Vêtements enfants","4 500CFA","Dakar Plateau, Dakar, Sénégal","https://images.coinafrique.com/thumb_2189909_uploaded_image1_1590707707.jpg"
"1771242819-468","https://sn.coinafrique.com/categorie/vetements-enfants?page=16","Vêtements enfants","4 500CFA","Dakar Plateau, Dakar, Sénégal","https://images.coinafrique.com/thumb_2189905_uploaded_image1_1590707664.jpg"
"1771242819-469","https://sn.coinafrique.com/categorie/vetements-enfants?page=16","Tunique enfant","Prix sur demande","Grand Yoff, Dakar, Sénégal","https://images.coinafrique.com/thumb_2188090_uploaded_image1_1590683954.jpg"
"1771242819-470","https://sn.coinafrique.com/categorie/vetements-enfants?page=16","Vêtements pour enfants","4 500CFA","Dakar Plateau, Dakar, Sénégal","https://images.coinafrique.com/thumb_2184188_uploaded_image1_1590625078.jpg"
"1771242819-471","https://sn.coinafrique.com/categorie/vetements-enfants?page=16","Vêtements pour enfants","4 500CFA","Dakar Plateau, Dakar, Sénégal","https://images.coinafrique.com/thumb_2184187_uploaded_image1_1590625040.jpg"
"1771242819-472","https://sn.coinafrique.com/categorie/vetements-enfants?page=16","Vêtements pour enfants","4 500CFA","Dakar Plateau, Dakar, Sénégal","https://images.coinafrique.com/thumb_2184184_uploaded_image1_1590624990.jpg"
"1771242819-473","https://sn.coinafrique.com/categorie/vetements-enfants?page=16","Vêtement enfant","30 000CFA","Mermoz-Sacré-Cœur, Dakar, Sénégal","https://images.coinafrique.com/thumb_2182372_uploaded_image1_1590597500.45.jpeg"
"1771242819-474","https://sn.coinafrique.com/categorie/vetements-enfants?page=16","Robes enfants","4 500CFA","Dakar Plateau, Dakar, Sénégal","https://images.coinafrique.com/thumb_2177971_uploaded_image1_1590535377.jpg"
"1771242819-475","https://sn.coinafrique.com/categorie/vetements-enfants?page=16","Robes enfants","4 500CFA","Dakar Plateau, Dakar, Sénégal","https://images.coinafrique.com/thumb_2177970_uploaded_image1_1590535346.jpg"
"1771242819-476","https://sn.coinafrique.com/categorie/vetements-enfants?page=16","Vêtements enfants","4 500CFA","Dakar Plateau, Dakar, Sénégal","https://images.coinafrique.com/thumb_2177965_uploaded_image1_1590535317.jpg"
"1771242819-477","https://sn.coinafrique.com/categorie/vetements-enfants?page=16","Vêtements enfants","4 500CFA","Dakar Plateau, Dakar, Sénégal","https://images.coinafrique.com/thumb_2177962_uploaded_image1_1590535287.jpg"
"1771242819-478","https://sn.coinafrique.com/categorie/vetements-enfants?page=16","Vêtements enfants","4 500CFA","Dakar Plateau, Dakar, Sénégal","https://images.coinafrique.com/thumb_2177960_uploaded_image1_1590535252.jpg"
"1771242819-479","https://sn.coinafrique.com/categorie/vetements-enfants?page=16","Pack chouchou","5 000CFA","Fass, Dakar, Sénégal","https://images.coinafrique.com/thumb_2176228_uploaded_image1_1590509691.jpg"
"1771242819-480","https://sn.coinafrique.com/categorie/vetements-enfants?page=16","Pack chouchou","5 000CFA","Fass, Dakar, Sénégal","https://images.coinafrique.com/thumb_2175810_uploaded_image1_1590504416.jpg"
"1771242819-481","https://sn.coinafrique.com/categorie/vetements-enfants?page=16","Pack chouchou","5 000CFA","Fass, Dakar, Sénégal","https://images.coinafrique.com/thumb_2175750_uploaded_image1_1590504008.jpg"
"1771242819-482","https://sn.coinafrique.com/categorie/vetements-enfants?page=16","Shorts pour enfant","5 000CFA","Grand Yoff, Dakar, Sénégal","https://images.coinafrique.com/thumb_2175607_uploaded_image1_1590502636.jpg"
"1771242819-483","https://sn.coinafrique.com/categorie/vetements-enfants?page=16","Tuniques","Prix sur demande","Grand Yoff, Dakar, Sénégal","https://images.coinafrique.com/thumb_2161581_uploaded_image1_1590235673.jpg"
"1771242819-484","https://sn.coinafrique.com/categorie/vetements-enfants?page=16","Complet enfant","4 500CFA","Dakar Plateau, Dakar, Sénégal","https://images.coinafrique.com/thumb_2160098_uploaded_image1_1590213898.jpg"
"1771242819-485","https://sn.coinafrique.com/categorie/vetements-enfants?page=16","Complet  enfant","4 500CFA","Dakar Plateau, Dakar, Sénégal","https://images.coinafrique.com/thumb_2160093_uploaded_image1_1590213831.jpg"
"1771242819-486","https://sn.coinafrique.com/categorie/vetements-enfants?page=16","Complet enfant","4 500CFA","Dakar Plateau, Dakar, Sénégal","https://images.coinafrique.com/thumb_2160087_uploaded_image1_1590213716.jpg"
"1771242819-487","https://sn.coinafrique.com/categorie/vetements-enfants?page=16","Polo  enfant","4 500CFA","Dakar Plateau, Dakar, Sénégal","https://images.coinafrique.com/thumb_2160076_uploaded_image1_1590213417.jpg"
"1771242819-488","https://sn.coinafrique.com/categorie/vetements-enfants?page=16","Tenue enfant","10 000CFA","Dakar, Sénégal","https://images.coinafrique.com/thumb_2159344_uploaded_image1_1590187027.jpg"
"1771242819-489","https://sn.coinafrique.com/categorie/vetements-enfants?page=16","Vêtements enfants","10 000CFA","Dakar, Sénégal","https://images.coinafrique.com/thumb_2159338_uploaded_image1_1590186982.jpg"
"1771242819-490","https://sn.coinafrique.com/categorie/vetements-enfants?page=16","Vêtements enfant","4 500CFA","Dakar Plateau, Dakar, Sénégal","https://images.coinafrique.com/thumb_2155117_uploaded_image1_1590127713.jpg"
"1771242819-491","https://sn.coinafrique.com/categorie/vetements-enfants?page=16","Vêtements enfant","4 500CFA","Dakar Plateau, Dakar, Sénégal","https://images.coinafrique.com/thumb_2155110_uploaded_image1_1590127618.jpg"
"1771242819-492","https://sn.coinafrique.com/categorie/vetements-enfants?page=16","Complet enfant","4 500CFA","Dakar Plateau, Dakar, Sénégal","https://images.coinafrique.com/thumb_2155108_uploaded_image1_1590127576.jpg"
"1771242819-493","https://sn.coinafrique.com/categorie/vetements-enfants?page=16","Vêtements enfant","4 500CFA","Dakar Plateau, Dakar, Sénégal","https://images.coinafrique.com/thumb_2155103_uploaded_image1_1590127504.jpg"
"1771242819-494","https://sn.coinafrique.com/categorie/vetements-enfants?page=16","Vêtements enfant","4 500CFA","Dakar Plateau, Dakar, Sénégal","https://images.coinafrique.com/thumb_2155102_uploaded_image1_1590127421.jpg"
"1771242819-495","https://sn.coinafrique.com/categorie/vetements-enfants?page=16","Robe","4 000CFA","Parcelle Assainies, Dakar, Sénégal","https://images.coinafrique.com/thumb_2153809_uploaded_image1_1590099380.jpg"
"1771242819-496","https://sn.coinafrique.com/categorie/vetements-enfants?page=16","Robes pour enfants","10 000CFA","Biscuiterie, Dakar, Sénégal","https://images.coinafrique.com/thumb_2152306_uploaded_image1_1590078155.jpg"
"1771242819-497","https://sn.coinafrique.com/categorie/vetements-enfants?page=16","Prêt à porter enfant","10 000CFA","Dakar, Sénégal","https://images.coinafrique.com/thumb_2151645_uploaded_image1_1590070258.jpg"
"1771242819-498","https://sn.coinafrique.com/categorie/vetements-enfants?page=16","Prêt à porter enfant","10 000CFA","Dakar, Sénégal","https://images.coinafrique.com/thumb_2151640_uploaded_image1_1590070200.jpg"
"1771242819-499","https://sn.coinafrique.com/categorie/vetements-enfants?page=16","Maillot de bain enfant","5 000CFA","Ouakam, Dakar, Sénégal","https://images.coinafrique.com/thumb_2149152_uploaded_image1_1590040994.jpg"
"1771242819-500","https://sn.coinafrique.com/categorie/vetements-enfants?page=16","Body bébé personnalisé","10 000CFA","Dakar-Plateau, Dakar, Sénégal","https://images.coinafrique.com/thumb_2148439_uploaded_image1_1590022539.jpg"
"1771242819-501","https://sn.coinafrique.com/categorie/vetements-enfants?page=16","Robe enfant","8 000CFA","Dieuppeul-Derklé, Dakar, Sénégal","https://images.coinafrique.com/thumb_2143561_uploaded_image1_1589962898.jpg"
"1771242819-502","https://sn.coinafrique.com/categorie/vetements-enfants?page=16","Robe enfants","10 000CFA","Biscuiterie, Dakar, Sénégal","https://images.coinafrique.com/thumb_2138403_uploaded_image1_1589887328.jpg"
"1771242819-503","https://sn.coinafrique.com/categorie/vetements-enfants?page=16","Robe enfant","15 000CFA","Dieuppeul-Derklé, Dakar, Sénégal","https://images.coinafrique.com/thumb_2137750_uploaded_image1_1589880956.jpg"
"1771242819-504","https://sn.coinafrique.com/categorie/vetements-enfants?page=16","Complet enfant","4 500CFA","Dakar Plateau, Dakar, Sénégal","https://images.coinafrique.com/thumb_2136750_uploaded_image1_1589868547.jpg"
"1771242858-505","https://sn.coinafrique.com/categorie/vetements-enfants?page=14","Naf pour bébé","Prix sur demande","HLM, Dakar, Sénégal","https://images.coinafrique.com/thumb_2447755_uploaded_image1_1594920765.jpg"
"1771242858-506","https://sn.coinafrique.com/categorie/vetements-enfants?page=14","Bandeaux  bébé","1 000CFA","HLM, Dakar, Sénégal","https://images.coinafrique.com/thumb_2447565_uploaded_image1_1594917079.jpg"
"1771242858-507","https://sn.coinafrique.com/categorie/vetements-enfants?page=14","Vêtements  enfant","4 500CFA","Dakar, Sénégal","https://images.coinafrique.com/thumb_2444795_uploaded_image1_1594859626.jpg"
"1771242858-508","https://sn.coinafrique.com/categorie/vetements-enfants?page=14","Vêtements enfants","4 500CFA","Dakar, Sénégal","https://images.coinafrique.com/thumb_2444775_uploaded_image2_1594859227.jpeg"
"1771242858-509","https://sn.coinafrique.com/categorie/vetements-enfants?page=14","Vêtements  enfant","4 500CFA","Dakar, Sénégal","https://images.coinafrique.com/thumb_2444774_uploaded_image1_1594859194.jpg"
"1771242858-510","https://sn.coinafrique.com/categorie/vetements-enfants?page=14","Ensemble enfants","4 500CFA","Dakar, Sénégal","https://images.coinafrique.com/thumb_2444771_uploaded_image1_1594859155.jpg"
"1771242858-511","https://sn.coinafrique.com/categorie/vetements-enfants?page=14","Vêtements enfants","3 000CFA","Ouakam, Dakar, Sénégal","https://images.coinafrique.com/thumb_2443706_uploaded_image1_1594838314.jpg"
"1771242858-512","https://sn.coinafrique.com/categorie/vetements-enfants?page=14","Vêtements  enfants et chaussures","Prix sur demande","Dakar, Sénégal","https://images.coinafrique.com/thumb_2443702_uploaded_image1_1594838221.jpg"
"1771242858-513","https://sn.coinafrique.com/categorie/vetements-enfants?page=14","Vêtements enfants","Prix sur demande","Ouakam, Dakar, Sénégal","https://images.coinafrique.com/thumb_2443683_uploaded_image1_1594837892.jpg"
"1771242858-514","https://sn.coinafrique.com/categorie/vetements-enfants?page=14","Vêtements enfants","2 500CFA","Ouakam, Dakar, Sénégal","https://images.coinafrique.com/thumb_2443620_uploaded_image1_1594836984.jpg"
"1771242858-515","https://sn.coinafrique.com/categorie/vetements-enfants?page=14","Vêtements enfant","Prix sur demande","Parcelle Assainies, Dakar, Sénégal","https://images.coinafrique.com/thumb_2442369_uploaded_image1_1594819447.jpg"
"1771242858-516","https://sn.coinafrique.com/categorie/vetements-enfants?page=14","Vêtement enfant","5 000CFA","HLM, Dakar, Sénégal","https://images.coinafrique.com/thumb_2442234_uploaded_image1_1594818156.jpg"
"1771242858-517","https://sn.coinafrique.com/categorie/vetements-enfants?page=14","Bonnet bébé","2 250CFA","HLM, Dakar, Sénégal","https://images.coinafrique.com/thumb_2442193_uploaded_image1_1594817783.jpg"
"1771242858-518","https://sn.coinafrique.com/categorie/vetements-enfants?page=14","Robes enfants","10 000CFA","Biscuiterie, Dakar, Sénégal","https://images.coinafrique.com/thumb_2441099_uploaded_image1_1594802735.jpg"
"1771242858-519","https://sn.coinafrique.com/categorie/vetements-enfants?page=14","Robes enfants","10 000CFA","Biscuiterie, Dakar, Sénégal","https://images.coinafrique.com/thumb_2439757_uploaded_image1_1594755732.jpg"
"1771242858-520","https://sn.coinafrique.com/categorie/vetements-enfants?page=14","Robes filles","8 000CFA","Dakar Plateau, Dakar, Sénégal","https://images.coinafrique.com/thumb_2436381_uploaded_image1_1594692440.jpg"
"1771242858-521","https://sn.coinafrique.com/categorie/vetements-enfants?page=14","Robes enfant","8 000CFA","Dakar Plateau, Dakar, Sénégal","https://images.coinafrique.com/thumb_2436380_uploaded_image1_1594692362.jpg"
"1771242858-522","https://sn.coinafrique.com/categorie/vetements-enfants?page=14","Robes enfant","8 000CFA","Dakar Plateau, Dakar, Sénégal","https://images.coinafrique.com/thumb_2436377_uploaded_image1_1594692299.jpg"
"1771242858-523","https://sn.coinafrique.com/categorie/vetements-enfants?page=14","Robes fille","8 000CFA","Dakar Plateau, Dakar, Sénégal","https://images.coinafrique.com/thumb_2436374_uploaded_image1_1594692213.jpg"
"1771242858-524","https://sn.coinafrique.com/categorie/vetements-enfants?page=14","Robes  fille","8 000CFA","Dakar Plateau, Dakar, Sénégal","https://images.coinafrique.com/thumb_2436373_uploaded_image1_1594692144.jpg"
"1771242858-525","https://sn.coinafrique.com/categorie/vetements-enfants?page=14","Robes fille","7 000CFA","Dakar Plateau, Dakar, Sénégal","https://images.coinafrique.com/thumb_2436371_uploaded_image1_1594692075.jpg"
"1771242858-526","https://sn.coinafrique.com/categorie/vetements-enfants?page=14","Robes","8 000CFA","Dakar Plateau, Dakar, Sénégal","https://images.coinafrique.com/thumb_2436369_uploaded_image1_1594692021.jpg"
"1771242858-527","https://sn.coinafrique.com/categorie/vetements-enfants?page=14","Robes enfant","8 000CFA","Dakar Plateau, Dakar, Sénégal","https://images.coinafrique.com/thumb_2436367_uploaded_image1_1594691952.jpg"
"1771242858-528","https://sn.coinafrique.com/categorie/vetements-enfants?page=14","Vêtements enfants","4 500CFA","Dakar, Sénégal","https://images.coinafrique.com/thumb_2436063_uploaded_image1_1594683324.jpg"
"1771242858-529","https://sn.coinafrique.com/categorie/vetements-enfants?page=14","Vêtements enfants","4 500CFA","Dakar, Sénégal","https://images.coinafrique.com/thumb_2436061_uploaded_image1_1594683292.jpg"
"1771242858-530","https://sn.coinafrique.com/categorie/vetements-enfants?page=14","Vêtements enfants","4 500CFA","Dakar, Sénégal","https://images.coinafrique.com/thumb_2436060_uploaded_image1_1594683263.jpg"
"1771242858-531","https://sn.coinafrique.com/categorie/vetements-enfants?page=14","Vêtements enfants","4 500CFA","Dakar, Sénégal","https://images.coinafrique.com/thumb_2436059_uploaded_image1_1594683237.jpg"
"1771242858-532","https://sn.coinafrique.com/categorie/vetements-enfants?page=14","Vêtements  enfants","3 000CFA","Ouakam, Dakar, Sénégal","https://images.coinafrique.com/thumb_2435562_uploaded_image1_1594671660.jpg"
"1771242858-533","https://sn.coinafrique.com/categorie/vetements-enfants?page=14","Robes enfants","2 000CFA","Dakar, Sénégal","https://images.coinafrique.com/thumb_2435299_uploaded_image1_1594666625.jpg"
"1771242858-534","https://sn.coinafrique.com/categorie/vetements-enfants?page=14","Robes enfants","2 000CFA","Dakar, Sénégal","https://images.coinafrique.com/thumb_2435165_uploaded_image1_1594664501.jpg"
"1771242858-535","https://sn.coinafrique.com/categorie/vetements-enfants?page=14","Caleçon enfant","1 000CFA","Fass, Dakar, Sénégal","https://images.coinafrique.com/thumb_2434001_uploaded_image1_1594646583.jpg"
"1771242858-536","https://sn.coinafrique.com/categorie/vetements-enfants?page=14","Djellaba enfant","10 000CFA","Biscuiterie, Dakar, Sénégal","https://images.coinafrique.com/thumb_2433735_uploaded_image1_1594643576.jpg"
"1771242858-537","https://sn.coinafrique.com/categorie/vetements-enfants?page=14","Caleçon enfant","1 000CFA","Fass, Dakar, Sénégal","https://images.coinafrique.com/thumb_2433719_uploaded_image1_1594643418.jpg"
"1771242858-538","https://sn.coinafrique.com/categorie/vetements-enfants?page=14","Vêtements Enfants","4 500CFA","Dakar, Sénégal","https://images.coinafrique.com/thumb_2431713_uploaded_image1_1594596099.jpg"
"1771242858-539","https://sn.coinafrique.com/categorie/vetements-enfants?page=14","Robes enfants","12 000CFA","Biscuiterie, Dakar, Sénégal","https://images.coinafrique.com/thumb_2431632_uploaded_image1_1594593877.jpg"
"1771242858-540","https://sn.coinafrique.com/categorie/vetements-enfants?page=14","Ensemble enfant","4 500CFA","Dakar, Sénégal","https://images.coinafrique.com/thumb_2428852_uploaded_image1_1594515370.jpg"
"1771242858-541","https://sn.coinafrique.com/categorie/vetements-enfants?page=14","Ensemble enfant","4 500CFA","Dakar, Sénégal","https://images.coinafrique.com/thumb_2428849_uploaded_image1_1594515342.jpg"
"1771242858-542","https://sn.coinafrique.com/categorie/vetements-enfants?page=14","Ensemble enfant","4 500CFA","Dakar, Sénégal","https://images.coinafrique.com/thumb_2428847_uploaded_image1_1594515313.jpg"
"1771242858-543","https://sn.coinafrique.com/categorie/vetements-enfants?page=14","Vêtements Enfants","4 500CFA","Dakar, Sénégal","https://images.coinafrique.com/thumb_2428844_uploaded_image1_1594515281.jpg"
"1771242858-544","https://sn.coinafrique.com/categorie/vetements-enfants?page=14","Vêtements enfant","4 500CFA","Dakar, Sénégal","https://images.coinafrique.com/thumb_2428841_uploaded_image1_1594515248.jpg"
"1771242858-545","https://sn.coinafrique.com/categorie/vetements-enfants?page=14","Vêtements Enfants","4 500CFA","Dakar, Sénégal","https://images.coinafrique.com/thumb_2428839_uploaded_image1_1594515222.jpg"
"1771242858-546","https://sn.coinafrique.com/categorie/vetements-enfants?page=14","Polo - short","4 500CFA","Dakar, Sénégal","https://images.coinafrique.com/thumb_2428836_uploaded_image1_1594515186.jpg"
"1771242858-547","https://sn.coinafrique.com/categorie/vetements-enfants?page=14","Vêtements enfant","4 500CFA","Dakar, Sénégal","https://images.coinafrique.com/thumb_2428835_uploaded_image1_1594515153.jpg"
"1771242858-548","https://sn.coinafrique.com/categorie/vetements-enfants?page=14","Ensemble enfant","4 500CFA","Dakar, Sénégal","https://images.coinafrique.com/thumb_2428833_uploaded_image1_1594515123.jpg"
"1771242858-549","https://sn.coinafrique.com/categorie/vetements-enfants?page=14","Ensemble enfant","4 500CFA","Dakar, Sénégal","https://images.coinafrique.com/thumb_2428831_uploaded_image1_1594515098.jpg"
"1771242858-550","https://sn.coinafrique.com/categorie/vetements-enfants?page=14","Vêtements Enfants","4 500CFA","Dakar, Sénégal","https://images.coinafrique.com/thumb_2428829_uploaded_image1_1594515064.jpg"
"1771242858-551","https://sn.coinafrique.com/categorie/vetements-enfants?page=14","Vêtements Enfants","4 500CFA","Dakar, Sénégal","https://images.coinafrique.com/thumb_2428818_uploaded_image1_1594514927.jpg"
"1771242858-552","https://sn.coinafrique.com/categorie/vetements-enfants?page=14","Ensemble enfant","4 500CFA","Dakar, Sénégal","https://images.coinafrique.com/thumb_2428817_uploaded_image1_1594514895.jpg"
"1771242858-553","https://sn.coinafrique.com/categorie/vetements-enfants?page=14","Ensemble enfant","4 500CFA","Dakar, Sénégal","https://images.coinafrique.com/thumb_2428816_uploaded_image1_1594514870.jpg"
"1771242858-554","https://sn.coinafrique.com/categorie/vetements-enfants?page=14","Vêtements - chaussures enfants","Prix sur demande","Dakar, Sénégal","https://images.coinafrique.com/thumb_2428149_uploaded_image1_1594496297.jpg"
"1771242858-555","https://sn.coinafrique.com/categorie/vetements-enfants?page=14","Habits enfants","3 000CFA","Dakar, Sénégal","https://images.coinafrique.com/thumb_2422436_uploaded_image1_1594379503.jpg"
"1771242858-556","https://sn.coinafrique.com/categorie/vetements-enfants?page=14","Vêtements  enfant","10 000CFA","Dakar, Sénégal","https://images.coinafrique.com/thumb_2422404_uploaded_image1_1594379097.jpg"
"1771242858-557","https://sn.coinafrique.com/categorie/vetements-enfants?page=14","Vêtements  enfant","Prix sur demande","Dakar, Sénégal","https://images.coinafrique.com/thumb_2421022_uploaded_image1_1594339623.jpg"
"1771242858-558","https://sn.coinafrique.com/categorie/vetements-enfants?page=14","Vêtements  enfant","4 500CFA","Dakar, Sénégal","https://images.coinafrique.com/thumb_2421019_uploaded_image1_1594339575.jpg"
"1771242858-559","https://sn.coinafrique.com/categorie/vetements-enfants?page=14","Robes","14 000CFA","Dakar, Sénégal","https://images.coinafrique.com/thumb_2420338_uploaded_image1_1594327532.jpg"
"1771242858-560","https://sn.coinafrique.com/categorie/vetements-enfants?page=14","Vêtements enfant","14 000CFA","Dakar, Sénégal","https://images.coinafrique.com/thumb_2419780_uploaded_image1_1594317202.jpg"
"1771242858-561","https://sn.coinafrique.com/categorie/vetements-enfants?page=14","Vêtements enfant","Prix sur demande","HLM, Dakar, Sénégal","https://images.coinafrique.com/thumb_2419535_uploaded_image1_1594313257.jpg"
"1771242858-562","https://sn.coinafrique.com/categorie/vetements-enfants?page=14","Vêtements enfant","11 000CFA","Dakar, Sénégal","https://images.coinafrique.com/thumb_2419444_uploaded_image1_1594311993.jpg"
"1771242858-563","https://sn.coinafrique.com/categorie/vetements-enfants?page=14","Robé bébé","Prix sur demande","Dakar, Sénégal","https://images.coinafrique.com/thumb_2419428_uploaded_image1_1594311733.jpg"
"1771242858-564","https://sn.coinafrique.com/categorie/vetements-enfants?page=14","Robes","11 000CFA","Dakar, Sénégal","https://images.coinafrique.com/thumb_2419413_uploaded_image1_1594312294.jpg"
"1771242858-565","https://sn.coinafrique.com/categorie/vetements-enfants?page=14","Robes enfants","6 000CFA","Dakar, Sénégal","https://images.coinafrique.com/thumb_2419208_uploaded_image1_1594309374.jpg"
"1771242858-566","https://sn.coinafrique.com/categorie/vetements-enfants?page=14","Vêtements enfants","4 500CFA","Dakar, Sénégal","https://images.coinafrique.com/thumb_2415238_uploaded_image1_1594237696.jpg"
"1771242858-567","https://sn.coinafrique.com/categorie/vetements-enfants?page=14","Vêtements enfants","4 500CFA","Dakar, Sénégal","https://images.coinafrique.com/thumb_2415237_uploaded_image1_1594237651.jpg"
"1771242858-568","https://sn.coinafrique.com/categorie/vetements-enfants?page=14","Ensemble Vêtements enfants","4 500CFA","Dakar, Sénégal","https://images.coinafrique.com/thumb_2415228_uploaded_image1_1594237577.jpg"
"1771242858-569","https://sn.coinafrique.com/categorie/vetements-enfants?page=14","Pantalons  bébé","1 000CFA","Sicap Liberté, Dakar, Sénégal","https://images.coinafrique.com/thumb_2415021_uploaded_image1_1594235048.jpg"
"1771242858-570","https://sn.coinafrique.com/categorie/vetements-enfants?page=14","Sous vêtements bébé 0 à 3 mois","1 000CFA","Sicap Liberté, Dakar, Sénégal","https://images.coinafrique.com/thumb_2415013_uploaded_image1_1594234978.jpg"
"1771242858-571","https://sn.coinafrique.com/categorie/vetements-enfants?page=14","Ensemble Pantalon Body pour enfant","2 500CFA","Sicap Liberté, Dakar, Sénégal","https://images.coinafrique.com/thumb_2414999_uploaded_image1_1594234822.jpg"
"1771242858-572","https://sn.coinafrique.com/categorie/vetements-enfants?page=14","Grenouillères bébé","2 000CFA","Sicap Liberté, Dakar, Sénégal","https://images.coinafrique.com/thumb_2414977_uploaded_image1_1594234621.jpg"
"1771242858-573","https://sn.coinafrique.com/categorie/vetements-enfants?page=14","Vêtements enfant","10 000CFA","Dakar, Sénégal","https://images.coinafrique.com/thumb_2411915_uploaded_image1_1594201292.jpg"
"1771242858-574","https://sn.coinafrique.com/categorie/vetements-enfants?page=14","Vêtements  enfant","4 500CFA","Dakar, Sénégal","https://images.coinafrique.com/thumb_2410573_uploaded_image1_1594169822.jpg"
"1771242858-575","https://sn.coinafrique.com/categorie/vetements-enfants?page=14","Vêtements  enfant","4 500CFA","Dakar, Sénégal","https://images.coinafrique.com/thumb_2410569_uploaded_image1_1594169738.jpg"
"1771242858-576","https://sn.coinafrique.com/categorie/vetements-enfants?page=14","Vêtements  enfant","4 500CFA","Dakar, Sénégal","https://images.coinafrique.com/thumb_2410559_uploaded_image1_1594169589.jpg"
"1771242858-577","https://sn.coinafrique.com/categorie/vetements-enfants?page=14","Vêtements  enfant","4 500CFA","Dakar, Sénégal","https://images.coinafrique.com/thumb_2410557_uploaded_image2_1594169560.jpeg"
"1771242858-578","https://sn.coinafrique.com/categorie/vetements-enfants?page=14","Vêtements  enfant","4 500CFA","Dakar, Sénégal","https://images.coinafrique.com/thumb_2410556_uploaded_image1_1594169528.jpg"
"1771242858-579","https://sn.coinafrique.com/categorie/vetements-enfants?page=14","Vêtements  enfant","4 500CFA","Dakar, Sénégal","https://images.coinafrique.com/thumb_2410554_uploaded_image1_1594169491.jpg"
"1771242858-580","https://sn.coinafrique.com/categorie/vetements-enfants?page=14","Vêtements  enfant","4 500CFA","Dakar, Sénégal","https://images.coinafrique.com/thumb_2410552_uploaded_image1_1594169465.jpg"
"1771242858-581","https://sn.coinafrique.com/categorie/vetements-enfants?page=14","Robes  enfant","7 000CFA","Grand Yoff, Dakar, Sénégal","https://images.coinafrique.com/thumb_2408739_uploaded_image1_1594145324.jpg"
"1771242858-582","https://sn.coinafrique.com/categorie/vetements-enfants?page=14","Tenues enfant","25 000CFA","Dakar, Sénégal","https://images.coinafrique.com/thumb_2406190_uploaded_image1_1594118891.jpg"
"1771242858-583","https://sn.coinafrique.com/categorie/vetements-enfants?page=14","Vêtements enfants","35 000CFA","Dakar, Sénégal","https://images.coinafrique.com/thumb_2406187_uploaded_image1_1594118848.jpg"
"1771242858-584","https://sn.coinafrique.com/categorie/vetements-enfants?page=14","Vêtements  enfant","4 500CFA","Dakar, Sénégal","https://images.coinafrique.com/thumb_2404463_uploaded_image1_1594080933.jpg"
"1771242858-585","https://sn.coinafrique.com/categorie/vetements-enfants?page=14","Vêtements  enfant","4 500CFA","Dakar, Sénégal","https://images.coinafrique.com/thumb_2404462_uploaded_image1_1594080885.jpg"
"1771242858-586","https://sn.coinafrique.com/categorie/vetements-enfants?page=14","Vêtements  enfant","4 500CFA","Dakar, Sénégal","https://images.coinafrique.com/thumb_2404457_uploaded_image1_1594080848.jpg"
"1771242858-587","https://sn.coinafrique.com/categorie/vetements-enfants?page=14","Habits enfants","4 500CFA","Dakar, Sénégal","https://images.coinafrique.com/thumb_2404455_uploaded_image1_1594080809.jpg"
"1771242858-588","https://sn.coinafrique.com/categorie/vetements-enfants?page=14","Vêtements  enfant","4 500CFA","Dakar, Sénégal","https://images.coinafrique.com/thumb_2404451_uploaded_image1_1594080760.jpg"
"1771242866-589","https://sn.coinafrique.com/categorie/vetements-enfants?page=13","Ensembles t-shirt & short casquettes","16 000CFA","Dakar, Sénégal","https://images.coinafrique.com/thumb_2574025_uploaded_image1_1598343777.jpg"
"1771242866-590","https://sn.coinafrique.com/categorie/vetements-enfants?page=13","Vêtements enfant","3 000CFA","Dakar, Sénégal","https://images.coinafrique.com/thumb_2566343_uploaded_image1_1598094052.jpg"
"1771242866-591","https://sn.coinafrique.com/categorie/vetements-enfants?page=13","Vêtements Enfant","5 000CFA","Dakar, Sénégal","https://images.coinafrique.com/thumb_2566079_uploaded_image1_1598087758.jpg"
"1771242866-592","https://sn.coinafrique.com/categorie/vetements-enfants?page=13","Vêtements enfants","12 000CFA","Dakar, Sénégal","https://images.coinafrique.com/thumb_2554146_uploaded_image1_1597760452.jpg"
"1771242866-593","https://sn.coinafrique.com/categorie/vetements-enfants?page=13","Vêtements enfants","10 000CFA","Ouakam, Dakar, Sénégal","https://images.coinafrique.com/thumb_2554116_uploaded_image1_1597759869.jpg"
"1771242866-594","https://sn.coinafrique.com/categorie/vetements-enfants?page=13","Ensemble bébé","Prix sur demande","HLM, Dakar, Sénégal","https://images.coinafrique.com/thumb_2550783_uploaded_image1_1597672533.jpg"
"1771242866-595","https://sn.coinafrique.com/categorie/vetements-enfants?page=13","Robe coton fille / 2 pièces","3 000CFA","HLM, Dakar, Sénégal","https://images.coinafrique.com/thumb_2550779_uploaded_image1_1597672383.jpg"
"1771242866-596","https://sn.coinafrique.com/categorie/vetements-enfants?page=13","Vêtement enfant","12 000CFA","Ouakam, Dakar, Sénégal","https://images.coinafrique.com/thumb_2543170_uploaded_image1_1597411515.jpg"
"1771242866-597","https://sn.coinafrique.com/categorie/vetements-enfants?page=13","Vêtement enfant","12 000CFA","Ouakam, Dakar, Sénégal","https://images.coinafrique.com/thumb_2543160_uploaded_image1_1597411364.jpg"
"1771242866-598","https://sn.coinafrique.com/categorie/vetements-enfants?page=13","Vêtement enfant","9 000CFA","Ouakam, Dakar, Sénégal","https://images.coinafrique.com/thumb_2543149_uploaded_image1_1597411204.jpg"
"1771242866-599","https://sn.coinafrique.com/categorie/vetements-enfants?page=13","Vêtement enfant","9 000CFA","Ouakam, Dakar, Sénégal","https://images.coinafrique.com/thumb_2543140_uploaded_image1_1597411001.jpg"
"1771242866-600","https://sn.coinafrique.com/categorie/vetements-enfants?page=13","Caleçon enfant","7 000CFA","Patte d'Oie, Dakar, Sénégal","https://images.coinafrique.com/thumb_2543074_uploaded_image1_1597409717.16.jpeg"
"1771242866-601","https://sn.coinafrique.com/categorie/vetements-enfants?page=13","Vêtements bébé","6 000CFA","Yoff, Dakar, Sénégal","https://images.coinafrique.com/thumb_2542568_uploaded_image2_1597401581.jpeg"
"1771242866-602","https://sn.coinafrique.com/categorie/vetements-enfants?page=13","Barboteuses fille - garçon","4 000CFA","Dakar, Sénégal","https://images.coinafrique.com/thumb_2538073_uploaded_image1_1597259159.jpg"
"1771242866-603","https://sn.coinafrique.com/categorie/vetements-enfants?page=13","Ensemble chemise - short fille","6 000CFA","Dakar, Sénégal","https://images.coinafrique.com/thumb_2538023_uploaded_image1_1597258278.jpg"
"1771242866-604","https://sn.coinafrique.com/categorie/vetements-enfants?page=13","Ensemble bas - robe fille","3 500CFA","Dakar, Sénégal","https://images.coinafrique.com/thumb_2537979_uploaded_image1_1597257740.jpg"
"1771242866-605","https://sn.coinafrique.com/categorie/vetements-enfants?page=13","Body bébé - débardeur - t-shirt","2 000CFA","Dakar, Sénégal","https://images.coinafrique.com/thumb_2537930_uploaded_image1_1597257058.jpg"
"1771242866-606","https://sn.coinafrique.com/categorie/vetements-enfants?page=13","Ensemble short - t-shirt bébé","1 500CFA","Dakar, Sénégal","https://images.coinafrique.com/thumb_2537913_uploaded_image1_1597256749.jpg"
"1771242866-607","https://sn.coinafrique.com/categorie/vetements-enfants?page=13","Ensemble short - t-shirt bébé","1 500CFA","Dakar, Sénégal","https://images.coinafrique.com/thumb_2537901_uploaded_image1_1597256514.jpg"
"1771242866-608","https://sn.coinafrique.com/categorie/vetements-enfants?page=13","Ensemble short - lacoste bébé","4 000CFA","Dakar, Sénégal","https://images.coinafrique.com/thumb_2537892_uploaded_image1_1597256343.jpg"
"1771242866-609","https://sn.coinafrique.com/categorie/vetements-enfants?page=13","Ensemble short - débardeur  bébé","2 000CFA","Dakar, Sénégal","https://images.coinafrique.com/thumb_2537884_uploaded_image1_1597256116.jpg"
"1771242866-610","https://sn.coinafrique.com/categorie/vetements-enfants?page=13","Ensemble short - t-shirt bébé","1 500CFA","Dakar, Sénégal","https://images.coinafrique.com/thumb_2537870_uploaded_image1_1597255834.jpg"
"1771242866-611","https://sn.coinafrique.com/categorie/vetements-enfants?page=13","Ensemble short + débardeur bébé","2 500CFA","Dakar, Sénégal","https://images.coinafrique.com/thumb_2537778_uploaded_image1_1597253935.jpg"
"1771242866-612","https://sn.coinafrique.com/categorie/vetements-enfants?page=13","Bonnets de tête pour enfants","2 500CFA","Dieuppeul-Derklé, Dakar, Sénégal","https://images.coinafrique.com/thumb_2530456_uploaded_image1_1597074397.jpg"
"1771242866-613","https://sn.coinafrique.com/categorie/vetements-enfants?page=13","Slip enfant","4 000CFA","Dakar, Sénégal","https://images.coinafrique.com/thumb_2527176_uploaded_image1_1596983400.jpg"
"1771242866-614","https://sn.coinafrique.com/categorie/vetements-enfants?page=13","Slip enfants","3 000CFA","Dakar, Sénégal","https://images.coinafrique.com/thumb_2527169_uploaded_image1_1596983251.jpg"
"1771242866-615","https://sn.coinafrique.com/categorie/vetements-enfants?page=13","Vêtements enfants","Prix sur demande","Dakar, Sénégal","https://images.coinafrique.com/thumb_2525974_uploaded_image1_1596928495.jpg"
"1771242866-616","https://sn.coinafrique.com/categorie/vetements-enfants?page=13","Vêtements enfants","Prix sur demande","Dakar, Sénégal","https://images.coinafrique.com/thumb_2525970_uploaded_image1_1596928454.jpg"
"1771242866-617","https://sn.coinafrique.com/categorie/vetements-enfants?page=13","Vêtements enfants","Prix sur demande","HLM, Dakar, Sénégal","https://images.coinafrique.com/thumb_2512739_uploaded_image1_1596568468.jpg"
"1771242866-618","https://sn.coinafrique.com/categorie/vetements-enfants?page=13","Vetements enfants","Prix sur demande","HLM, Dakar, Sénégal","https://images.coinafrique.com/thumb_2512733_uploaded_image1_1596568364.jpg"
"1771242866-619","https://sn.coinafrique.com/categorie/vetements-enfants?page=13","Vêtements enfants","Prix sur demande","HLM, Dakar, Sénégal","https://images.coinafrique.com/thumb_2512730_uploaded_image2_1596568314.jpeg"
"1771242866-620","https://sn.coinafrique.com/categorie/vetements-enfants?page=13","Vêtements enfants","Prix sur demande","HLM, Dakar, Sénégal","https://images.coinafrique.com/thumb_2512725_uploaded_image1_1596568218.jpg"
"1771242866-621","https://sn.coinafrique.com/categorie/vetements-enfants?page=13","Vêtements  enfants","Prix sur demande","HLM, Dakar, Sénégal","https://images.coinafrique.com/thumb_2512722_uploaded_image1_1596568112.jpg"
"1771242866-622","https://sn.coinafrique.com/categorie/vetements-enfants?page=13","Vêtements enfants","Prix sur demande","HLM, Dakar, Sénégal","https://images.coinafrique.com/thumb_2512713_uploaded_image1_1596567863.jpg"
"1771242866-623","https://sn.coinafrique.com/categorie/vetements-enfants?page=13","Couvre bébé +20 pièces habits","30 000CFA","Sicap Liberté, Dakar, Sénégal","https://images.coinafrique.com/thumb_2495080_uploaded_image1_1596022500.jpg"
"1771242866-624","https://sn.coinafrique.com/categorie/vetements-enfants?page=13","Ensemble short jean","5 000CFA","Dakar, Sénégal","https://images.coinafrique.com/thumb_2492364_uploaded_image1_1595948610.jpg"
"1771242866-625","https://sn.coinafrique.com/categorie/vetements-enfants?page=13","Ensemble pantalon court","4 000CFA","Dakar, Sénégal","https://images.coinafrique.com/thumb_2492355_uploaded_image1_1595948509.jpg"
"1771242866-626","https://sn.coinafrique.com/categorie/vetements-enfants?page=13","Ensemble pantalon court","4 000CFA","Dakar, Sénégal","https://images.coinafrique.com/thumb_2492350_uploaded_image1_1595948379.jpg"
"1771242866-627","https://sn.coinafrique.com/categorie/vetements-enfants?page=13","Veste africaine","12 000CFA","Biscuiterie, Dakar, Sénégal","https://images.coinafrique.com/thumb_2490006_uploaded_image1_1595887562.jpg"
"1771242866-628","https://sn.coinafrique.com/categorie/vetements-enfants?page=13","Vêtements enfants","12 000CFA","Biscuiterie, Dakar, Sénégal","https://images.coinafrique.com/thumb_2488144_uploaded_image1_1595852520.jpg"
"1771242866-629","https://sn.coinafrique.com/categorie/vetements-enfants?page=13","Serviette de bains","2 000CFA","Dakar, Sénégal","https://images.coinafrique.com/thumb_2486708_uploaded_image1_1595810422.jpg"
"1771242866-630","https://sn.coinafrique.com/categorie/vetements-enfants?page=13","Ensemble short fille","5 000CFA","Dakar, Sénégal","https://images.coinafrique.com/thumb_2486701_uploaded_image1_1595810301.jpg"
"1771242866-631","https://sn.coinafrique.com/categorie/vetements-enfants?page=13","Ensemble short fille","5 000CFA","Dakar, Sénégal","https://images.coinafrique.com/thumb_2486699_uploaded_image1_1595810182.jpg"
"1771242866-632","https://sn.coinafrique.com/categorie/vetements-enfants?page=13","Ensemble fille","5 000CFA","Dakar, Sénégal","https://images.coinafrique.com/thumb_2486698_uploaded_image1_1595810128.jpg"
"1771242866-633","https://sn.coinafrique.com/categorie/vetements-enfants?page=13","Vêtements bébé","1 300CFA","Dakar, Sénégal","https://images.coinafrique.com/thumb_2486689_uploaded_image1_1595809961.jpg"
"1771242866-634","https://sn.coinafrique.com/categorie/vetements-enfants?page=13","Ensemble coton bébé","3 500CFA","Dakar, Sénégal","https://images.coinafrique.com/thumb_2486678_uploaded_image1_1595809672.jpg"
"1771242866-635","https://sn.coinafrique.com/categorie/vetements-enfants?page=13","Ensemble coton bébé","3 500CFA","Dakar, Sénégal","https://images.coinafrique.com/thumb_2486676_uploaded_image1_1595809607.jpg"
"1771242866-636","https://sn.coinafrique.com/categorie/vetements-enfants?page=13","Ensemble  bébé","3 500CFA","Dakar, Sénégal","https://images.coinafrique.com/thumb_2486671_uploaded_image1_1595809497.jpg"
"1771242866-637","https://sn.coinafrique.com/categorie/vetements-enfants?page=13","Ensemble enfant","Prix sur demande","Parcelle Assainies, Dakar, Sénégal","https://images.coinafrique.com/thumb_2486047_uploaded_image1_1595792209.jpg"
"1771242866-638","https://sn.coinafrique.com/categorie/vetements-enfants?page=13","Ensemble enfant","20 000CFA","Parcelle Assainies, Dakar, Sénégal","https://images.coinafrique.com/thumb_2486029_uploaded_image1_1595791947.jpg"
"1771242866-639","https://sn.coinafrique.com/categorie/vetements-enfants?page=13","Ensemble enfant","Prix sur demande","Parcelle Assainies, Dakar, Sénégal","https://images.coinafrique.com/thumb_2485978_uploaded_image1_1595790880.jpg"
"1771242866-640","https://sn.coinafrique.com/categorie/vetements-enfants?page=13","Ensemble Enfants","20 000CFA","Parcelle Assainies, Dakar, Sénégal","https://images.coinafrique.com/thumb_2485966_uploaded_image1_1595790569.jpg"
"1771242866-641","https://sn.coinafrique.com/categorie/vetements-enfants?page=13","Ensemble enfants","20 000CFA","Parcelle Assainies, Dakar, Sénégal","https://images.coinafrique.com/thumb_2485908_uploaded_image1_1595789527.jpg"
"1771242866-642","https://sn.coinafrique.com/categorie/vetements-enfants?page=13","Ensemble enfants","20 000CFA","Parcelle Assainies, Dakar, Sénégal","https://images.coinafrique.com/thumb_2485870_uploaded_image1_1595788499.jpg"
"1771242866-643","https://sn.coinafrique.com/categorie/vetements-enfants?page=13","Ensembles enfant","20 000CFA","Parcelle Assainies, Dakar, Sénégal","https://images.coinafrique.com/thumb_2485396_uploaded_image1_1595777462.jpg"
"1771242866-644","https://sn.coinafrique.com/categorie/vetements-enfants?page=13","Robe pour enfants","7 000CFA","Parcelle Assainies, Dakar, Sénégal","https://images.coinafrique.com/thumb_2485385_uploaded_image1_1595777191.jpg"
"1771242866-645","https://sn.coinafrique.com/categorie/vetements-enfants?page=13","Ensemble Enfants","Prix sur demande","Parcelle Assainies, Dakar, Sénégal","https://images.coinafrique.com/thumb_2485300_uploaded_image1_1595775002.jpg"
"1771242866-646","https://sn.coinafrique.com/categorie/vetements-enfants?page=13","Ensemble enfant","20 000CFA","Parcelle Assainies, Dakar, Sénégal","https://images.coinafrique.com/thumb_2485283_uploaded_image1_1595774718.jpg"
"1771242866-647","https://sn.coinafrique.com/categorie/vetements-enfants?page=13","Ensemble enfants","20 000CFA","Parcelle Assainies, Dakar, Sénégal","https://images.coinafrique.com/thumb_2485185_uploaded_image1_1595771583.jpg"
"1771242866-648","https://sn.coinafrique.com/categorie/vetements-enfants?page=13","Veste africaine","12 000CFA","Biscuiterie, Dakar, Sénégal","https://images.coinafrique.com/thumb_2484591_uploaded_image1_1595757564.jpg"
"1771242866-649","https://sn.coinafrique.com/categorie/vetements-enfants?page=13","Vêtements enfants","4 500CFA","Dakar, Sénégal","https://images.coinafrique.com/thumb_2483313_uploaded_image1_1595708086.jpg"
"1771242866-650","https://sn.coinafrique.com/categorie/vetements-enfants?page=13","Vêtements enfants","4 500CFA","Dakar, Sénégal","https://images.coinafrique.com/thumb_2483311_uploaded_image1_1595708050.jpg"
"1771242866-651","https://sn.coinafrique.com/categorie/vetements-enfants?page=13","Vêtements enfants","4 500CFA","Dakar, Sénégal","https://images.coinafrique.com/thumb_2483310_uploaded_image1_1595708015.jpg"
"1771242866-652","https://sn.coinafrique.com/categorie/vetements-enfants?page=13","Robe de princesse","7 500CFA","Grand Yoff, Dakar, Sénégal","https://images.coinafrique.com/thumb_2482674_uploaded_image1_1595692597.jpg"
"1771242866-653","https://sn.coinafrique.com/categorie/vetements-enfants?page=13","Vêtements enfant","12 000CFA","Biscuiterie, Dakar, Sénégal","https://images.coinafrique.com/thumb_2478222_uploaded_image1_1595596044.jpg"
"1771242866-654","https://sn.coinafrique.com/categorie/vetements-enfants?page=13","Robe  enfant","7 000CFA","Parcelle Assainies, Dakar, Sénégal","https://images.coinafrique.com/thumb_2474908_uploaded_image1_1595521453.jpg"
"1771242866-655","https://sn.coinafrique.com/categorie/vetements-enfants?page=13","Robes pour enfants","7 000CFA","Parcelle Assainies, Dakar, Sénégal","https://images.coinafrique.com/thumb_2474793_uploaded_image1_1595519536.jpg"
"1771242866-656","https://sn.coinafrique.com/categorie/vetements-enfants?page=13","Robe   enfant","7 000CFA","Parcelle Assainies, Dakar, Sénégal","https://images.coinafrique.com/thumb_2474774_uploaded_image1_1595519256.jpg"
"1771242866-657","https://sn.coinafrique.com/categorie/vetements-enfants?page=13","Ensemble enfants","20 000CFA","Parcelle Assainies, Dakar, Sénégal","https://images.coinafrique.com/thumb_2474321_uploaded_image1_1595512774.jpg"
"1771242866-658","https://sn.coinafrique.com/categorie/vetements-enfants?page=13","Robes enfants","7 000CFA","HLM, Dakar, Sénégal","https://images.coinafrique.com/thumb_2471587_uploaded_image1_1595451519.jpg"
"1771242866-659","https://sn.coinafrique.com/categorie/vetements-enfants?page=13","Robes enfants","10 000CFA","Biscuiterie, Dakar, Sénégal","https://images.coinafrique.com/thumb_2471047_uploaded_image1_1595441350.jpg"
"1771242866-660","https://sn.coinafrique.com/categorie/vetements-enfants?page=13","Vêtements  pour bébé","10 000CFA","HLM, Dakar, Sénégal","https://images.coinafrique.com/thumb_2469036_uploaded_image1_1595412627.jpg"
"1771242866-661","https://sn.coinafrique.com/categorie/vetements-enfants?page=13","Vêtements  enfant","10 000CFA","HLM, Dakar, Sénégal","https://images.coinafrique.com/thumb_2469028_uploaded_image1_1595412561.jpg"
"1771242866-662","https://sn.coinafrique.com/categorie/vetements-enfants?page=13","Vêtements  enfant","7 500CFA","Grand Yoff, Dakar, Sénégal","https://images.coinafrique.com/thumb_2461597_uploaded_image1_1595251230.jpg"
"1771242866-663","https://sn.coinafrique.com/categorie/vetements-enfants?page=13","Vêtements enfant","7 000CFA","Biscuiterie, Dakar, Sénégal","https://images.coinafrique.com/thumb_2461460_uploaded_image1_1595248808.jpg"
"1771242866-664","https://sn.coinafrique.com/categorie/vetements-enfants?page=13","Vêtements  enfant","10 000CFA","Biscuiterie, Dakar, Sénégal","https://images.coinafrique.com/thumb_2460853_uploaded_image2_1595241915.jpeg"
"1771242866-665","https://sn.coinafrique.com/categorie/vetements-enfants?page=13","Robes","10 000CFA","Biscuiterie, Dakar, Sénégal","https://images.coinafrique.com/thumb_2458370_uploaded_image1_1595176858.jpg"
"1771242866-666","https://sn.coinafrique.com/categorie/vetements-enfants?page=13","Robe enfants","10 000CFA","Biscuiterie, Dakar, Sénégal","https://images.coinafrique.com/thumb_2456218_uploaded_image2_1595109156.jpeg"
"1771242866-667","https://sn.coinafrique.com/categorie/vetements-enfants?page=13","Valise de maternité","Prix sur demande","Rufisque, Sénégal","https://images.coinafrique.com/thumb_2454758_uploaded_image1_1595077065.jpg"
"1771242866-668","https://sn.coinafrique.com/categorie/vetements-enfants?page=13","Panier cadeau naissance","Prix sur demande","Rufisque, Sénégal","https://images.coinafrique.com/thumb_2454705_uploaded_image1_1595076484.jpg"
"1771242866-669","https://sn.coinafrique.com/categorie/vetements-enfants?page=13","Vêtements enfants","4 500CFA","Dakar, Sénégal","https://images.coinafrique.com/thumb_2453244_uploaded_image1_1595031125.jpg"
"1771242866-670","https://sn.coinafrique.com/categorie/vetements-enfants?page=13","Vêtements enfants","4 500CFA","Dakar, Sénégal","https://images.coinafrique.com/thumb_2453243_uploaded_image1_1595031083.jpg"
"1771242866-671","https://sn.coinafrique.com/categorie/vetements-enfants?page=13","Vêtements enfants","4 500CFA","Dakar, Sénégal","https://images.coinafrique.com/thumb_2448811_uploaded_image2_1594942797.jpeg"
"1771242866-672","https://sn.coinafrique.com/categorie/vetements-enfants?page=13","Vêtements enfants","4 500CFA","Dakar, Sénégal","https://images.coinafrique.com/thumb_2448810_uploaded_image1_1594942751.jpg"
"1771242873-673","https://sn.coinafrique.com/categorie/vetements-enfants?page=12","Vêtement Enfants","Prix sur demande","Yoff, Dakar, Sénégal","https://images.coinafrique.com/thumb_2710757_uploaded_image1_1603327694.jpg"
"1771242873-674","https://sn.coinafrique.com/categorie/vetements-enfants?page=12","Vêtements enfants","Prix sur demande","Yoff, Dakar, Sénégal","https://images.coinafrique.com/thumb_2710755_uploaded_image1_1603327619.jpg"
"1771242873-675","https://sn.coinafrique.com/categorie/vetements-enfants?page=12","Vêtement Enfants","Prix sur demande","Yoff, Dakar, Sénégal","https://images.coinafrique.com/thumb_2710752_uploaded_image1_1603327525.jpg"
"1771242873-676","https://sn.coinafrique.com/categorie/vetements-enfants?page=12","Grenouillère enfants","6 000CFA","HLM, Dakar, Sénégal","https://images.coinafrique.com/thumb_2707354_uploaded_image1_1603199058.jpg"
"1771242873-677","https://sn.coinafrique.com/categorie/vetements-enfants?page=12","Vêtements enfants","3 000CFA","Dieuppeul-Derklé, Dakar, Sénégal","https://images.coinafrique.com/thumb_2701503_uploaded_image1_1602949247.jpg"
"1771242873-678","https://sn.coinafrique.com/categorie/vetements-enfants?page=12","Vêtement bébé","Prix sur demande","Mermoz-Sacré Coeur, Dakar, Sénégal","https://images.coinafrique.com/thumb_2699126_uploaded_image1_1602854657.jpg"
"1771242873-679","https://sn.coinafrique.com/categorie/vetements-enfants?page=12","Robe enfant","5 000CFA","Parcelle Assainies, Dakar, Sénégal","https://images.coinafrique.com/thumb_2697563_uploaded_image1_1602786967.jpg"
"1771242873-680","https://sn.coinafrique.com/categorie/vetements-enfants?page=12","Robe enfant","5 000CFA","Cambérène, Dakar, Sénégal","https://images.coinafrique.com/thumb_2697206_uploaded_image1_1602775399.jpg"
"1771242873-681","https://sn.coinafrique.com/categorie/vetements-enfants?page=12","Robe fillette","5 000CFA","Dakar, Sénégal","https://images.coinafrique.com/thumb_2695762_uploaded_image2_1602719919.jpeg"
"1771242873-682","https://sn.coinafrique.com/categorie/vetements-enfants?page=12","Robe fillette","7 000CFA","Dakar, Sénégal","https://images.coinafrique.com/thumb_2695741_uploaded_image1_1602719623.jpg"
"1771242873-683","https://sn.coinafrique.com/categorie/vetements-enfants?page=12","Robe fillette","7 000CFA","Dakar, Sénégal","https://images.coinafrique.com/thumb_2695739_uploaded_image1_1602719569.jpg"
"1771242873-684","https://sn.coinafrique.com/categorie/vetements-enfants?page=12","Vêtement Enfants","7 000CFA","HLM, Dakar, Sénégal","https://images.coinafrique.com/thumb_2694916_uploaded_image1_1602694530.jpg"
"1771242873-685","https://sn.coinafrique.com/categorie/vetements-enfants?page=12","Vêtement Enfants","3 500CFA","HLM, Dakar, Sénégal","https://images.coinafrique.com/thumb_2694887_uploaded_image1_1602693769.jpg"
"1771242873-686","https://sn.coinafrique.com/categorie/vetements-enfants?page=12","Ban pour bébé","550 000CFA","HLM, Dakar, Sénégal","https://images.coinafrique.com/thumb_2694878_uploaded_image1_1602693491.jpg"
"1771242873-687","https://sn.coinafrique.com/categorie/vetements-enfants?page=12","Ensemble grenouillère  bébé","6 500CFA","HLM, Dakar, Sénégal","https://images.coinafrique.com/thumb_2694850_uploaded_image1_1602692637.jpg"
"1771242873-688","https://sn.coinafrique.com/categorie/vetements-enfants?page=12","Ensemble coton","5 000CFA","Parcelle Assainies, Dakar, Sénégal","https://images.coinafrique.com/thumb_2693101_uploaded_image1_1602631694.jpg"
"1771242873-689","https://sn.coinafrique.com/categorie/vetements-enfants?page=12","Robe fillette","5 000CFA","Dakar, Sénégal","https://images.coinafrique.com/thumb_2693060_uploaded_image1_1602629609.jpg"
"1771242873-690","https://sn.coinafrique.com/categorie/vetements-enfants?page=12","Vêtement Enfants","Prix sur demande","Mermoz-Sacré Coeur, Dakar, Sénégal","https://images.coinafrique.com/thumb_2691978_uploaded_image1_1602599660.jpg"
"1771242873-691","https://sn.coinafrique.com/categorie/vetements-enfants?page=12","Robe fillette","7 000CFA","Dakar, Sénégal","https://images.coinafrique.com/thumb_2690343_uploaded_image1_1602538458.jpg"
"1771242873-692","https://sn.coinafrique.com/categorie/vetements-enfants?page=12","Robe fillette","5 000CFA","Dakar, Sénégal","https://images.coinafrique.com/thumb_2690337_uploaded_image1_1602538344.jpg"
"1771242873-693","https://sn.coinafrique.com/categorie/vetements-enfants?page=12","Robe fillette","5 000CFA","Dakar, Sénégal","https://images.coinafrique.com/thumb_2690335_uploaded_image1_1602538207.jpg"
"1771242873-694","https://sn.coinafrique.com/categorie/vetements-enfants?page=12","Robe fillette","5 000CFA","Dakar, Sénégal","https://images.coinafrique.com/thumb_2687946_uploaded_image1_1602453048.jpg"
"1771242873-695","https://sn.coinafrique.com/categorie/vetements-enfants?page=12","Vêtements enfants","Prix sur demande","Mermoz-Sacré Coeur, Dakar, Sénégal","https://images.coinafrique.com/thumb_2682971_uploaded_image1_1602249018.jpg"
"1771242873-696","https://sn.coinafrique.com/categorie/vetements-enfants?page=12","Vêtements enfants","Prix sur demande","Mermoz-Sacré Coeur, Dakar, Sénégal","https://images.coinafrique.com/thumb_2682964_uploaded_image1_1602248790.jpg"
"1771242873-697","https://sn.coinafrique.com/categorie/vetements-enfants?page=12","Robe fillette","7 000CFA","Rufisque, Sénégal","https://images.coinafrique.com/thumb_2667508_uploaded_image1_1601664466.jpg"
"1771242873-698","https://sn.coinafrique.com/categorie/vetements-enfants?page=12","Vêtements enfants","13 000CFA","Dakar, Sénégal","https://images.coinafrique.com/thumb_2667426_uploaded_image1_1601662405.jpg"
"1771242873-699","https://sn.coinafrique.com/categorie/vetements-enfants?page=12","Short enfant","4 000CFA","Dakar Plateau, Dakar, Sénégal","https://images.coinafrique.com/thumb_2660423_uploaded_image1_1601431822.jpg"
"1771242873-700","https://sn.coinafrique.com/categorie/vetements-enfants?page=12","Short enfant","4 000CFA","Dakar Plateau, Dakar, Sénégal","https://images.coinafrique.com/thumb_2660422_uploaded_image1_1601431777.jpg"
"1771242873-701","https://sn.coinafrique.com/categorie/vetements-enfants?page=12","Short Enfant","4 000CFA","Dakar Plateau, Dakar, Sénégal","https://images.coinafrique.com/thumb_2660421_uploaded_image1_1601431711.jpg"
"1771242873-702","https://sn.coinafrique.com/categorie/vetements-enfants?page=12","Short Enfant","4 000CFA","Dakar Plateau, Dakar, Sénégal","https://images.coinafrique.com/thumb_2659615_uploaded_image1_1601398361.jpg"
"1771242873-703","https://sn.coinafrique.com/categorie/vetements-enfants?page=12","Culotte enfant","5 000CFA","Dakar Plateau, Dakar, Sénégal","https://images.coinafrique.com/thumb_2659602_uploaded_image1_1601398098.jpg"
"1771242873-704","https://sn.coinafrique.com/categorie/vetements-enfants?page=12","Short","4 000CFA","Dakar Plateau, Dakar, Sénégal","https://images.coinafrique.com/thumb_2659599_uploaded_image1_1601398051.jpg"
"1771242873-705","https://sn.coinafrique.com/categorie/vetements-enfants?page=12","Vêtement enfants","5 000CFA","Dakar Plateau, Dakar, Sénégal","https://images.coinafrique.com/thumb_2658970_uploaded_image1_1601383402.jpg"
"1771242873-706","https://sn.coinafrique.com/categorie/vetements-enfants?page=12","Vêtements  enfants","Prix sur demande","Point E, Dakar, Sénégal","https://images.coinafrique.com/thumb_2658681_uploaded_image1_1601376941.jpg"
"1771242873-707","https://sn.coinafrique.com/categorie/vetements-enfants?page=12","Salopettes","Prix sur demande","Mermoz-Sacré Coeur, Dakar, Sénégal","https://images.coinafrique.com/thumb_2654013_uploaded_image1_1601156188.jpg"
"1771242873-708","https://sn.coinafrique.com/categorie/vetements-enfants?page=12","Vêtements enfants","Prix sur demande","Mermoz-Sacré Coeur, Dakar, Sénégal","https://images.coinafrique.com/thumb_2654009_uploaded_image1_1601156114.jpg"
"1771242873-709","https://sn.coinafrique.com/categorie/vetements-enfants?page=12","Vêtements enfants","Prix sur demande","Mermoz-Sacré Coeur, Dakar, Sénégal","https://images.coinafrique.com/thumb_2653964_uploaded_image1_1601155030.jpg"
"1771242873-710","https://sn.coinafrique.com/categorie/vetements-enfants?page=12","Robe enfant","Prix sur demande","Mermoz-Sacré Coeur, Dakar, Sénégal","https://images.coinafrique.com/thumb_2653961_uploaded_image1_1601154916.jpg"
"1771242873-711","https://sn.coinafrique.com/categorie/vetements-enfants?page=12","Robes enfants","Prix sur demande","Mermoz-Sacré Coeur, Dakar, Sénégal","https://images.coinafrique.com/thumb_2653580_uploaded_image1_1601140441.jpg"
"1771242873-712","https://sn.coinafrique.com/categorie/vetements-enfants?page=12","Vêtements enfants","Prix sur demande","Mermoz-Sacré Coeur, Dakar, Sénégal","https://images.coinafrique.com/thumb_2653367_uploaded_image1_1601132930.jpg"
"1771242873-713","https://sn.coinafrique.com/categorie/vetements-enfants?page=12","Vêtements enfants","Prix sur demande","Mermoz-Sacré Coeur, Dakar, Sénégal","https://images.coinafrique.com/thumb_2653361_uploaded_image1_1601132708.jpg"
"1771242873-714","https://sn.coinafrique.com/categorie/vetements-enfants?page=12","Petit bateau débardeur","2 000CFA","Grand Yoff, Dakar, Sénégal","https://images.coinafrique.com/thumb_2650397_uploaded_image1_1601010666.jpg"
"1771242873-715","https://sn.coinafrique.com/categorie/vetements-enfants?page=12","Body bébé","11 000CFA","Dakar, Sénégal","https://images.coinafrique.com/thumb_2648630_uploaded_image1_1600945109.jpg"
"1771242873-716","https://sn.coinafrique.com/categorie/vetements-enfants?page=12","Ensemble vêtement Enfant","13 000CFA","Dakar, Sénégal","https://images.coinafrique.com/thumb_2646607_uploaded_image1_1600865356.jpg"
"1771242873-717","https://sn.coinafrique.com/categorie/vetements-enfants?page=12","Ensemble enfants","13 000CFA","Dakar, Sénégal","https://images.coinafrique.com/thumb_2646594_uploaded_image1_1600865046.jpg"
"1771242873-718","https://sn.coinafrique.com/categorie/vetements-enfants?page=12","Vêtement enfants","4 500CFA","Dakar, Sénégal","https://images.coinafrique.com/thumb_2645901_uploaded_image1_1600850118.jpg"
"1771242873-719","https://sn.coinafrique.com/categorie/vetements-enfants?page=12","Robe de princesse","Prix sur demande","Ziguinchor, Sénégal","https://images.coinafrique.com/thumb_2628801_uploaded_image1_1600205245.jpg"
"1771242873-720","https://sn.coinafrique.com/categorie/vetements-enfants?page=12","Robe de princesse","Prix sur demande","Ziguinchor, Sénégal","https://images.coinafrique.com/thumb_2628798_uploaded_image1_1600205166.jpg"
"1771242873-721","https://sn.coinafrique.com/categorie/vetements-enfants?page=12","Robe de princesse","Prix sur demande","Ziguinchor, Sénégal","https://images.coinafrique.com/thumb_2628794_uploaded_image1_1600205100.jpg"
"1771242873-722","https://sn.coinafrique.com/categorie/vetements-enfants?page=12","Robe de princesse","Prix sur demande","Ziguinchor, Sénégal","https://images.coinafrique.com/thumb_2628790_uploaded_image1_1600205022.jpg"
"1771242873-723","https://sn.coinafrique.com/categorie/vetements-enfants?page=12","Jolie robe de princesse","Prix sur demande","Ziguinchor, Sénégal","https://images.coinafrique.com/thumb_2628786_uploaded_image1_1600204938.jpg"
"1771242873-724","https://sn.coinafrique.com/categorie/vetements-enfants?page=12","Robe princesse","Prix sur demande","Ziguinchor, Sénégal","https://images.coinafrique.com/thumb_2628780_uploaded_image1_1600204858.jpg"
"1771242873-725","https://sn.coinafrique.com/categorie/vetements-enfants?page=12","Robe de princesse","Prix sur demande","Ziguinchor, Sénégal","https://images.coinafrique.com/thumb_2628777_uploaded_image1_1600204761.jpg"
"1771242873-726","https://sn.coinafrique.com/categorie/vetements-enfants?page=12","Robe de princesse","Prix sur demande","Ziguinchor, Sénégal","https://images.coinafrique.com/thumb_2628774_uploaded_image1_1600204667.jpg"
"1771242873-727","https://sn.coinafrique.com/categorie/vetements-enfants?page=12","Robe de princesse","Prix sur demande","Ziguinchor, Sénégal","https://images.coinafrique.com/thumb_2628773_uploaded_image1_1600204577.jpg"
"1771242873-728","https://sn.coinafrique.com/categorie/vetements-enfants?page=12","Robe de princesse","Prix sur demande","Ziguinchor, Sénégal","https://images.coinafrique.com/thumb_2628769_uploaded_image1_1600204489.jpg"
"1771242873-729","https://sn.coinafrique.com/categorie/vetements-enfants?page=12","Robes enfants","3 000CFA","HLM, Dakar, Sénégal","https://images.coinafrique.com/thumb_2628037_uploaded_image1_1600183966.jpg"
"1771242873-730","https://sn.coinafrique.com/categorie/vetements-enfants?page=12","Vêtements  bébé","Prix sur demande","Ngor, Dakar, Sénégal","https://images.coinafrique.com/thumb_2621771_uploaded_image1_1599939161.jpg"
"1771242873-731","https://sn.coinafrique.com/categorie/vetements-enfants?page=12","Ensemble enfant","3 500CFA","Sicap Liberté, Dakar, Sénégal","https://images.coinafrique.com/thumb_2617661_uploaded_image1_1599791176.jpg"
"1771242873-732","https://sn.coinafrique.com/categorie/vetements-enfants?page=12","Ensemble Vêtement enfant","1 500CFA","Dakar, Sénégal","https://images.coinafrique.com/thumb_2617201_uploaded_image1_1599768241.jpg"
"1771242873-733","https://sn.coinafrique.com/categorie/vetements-enfants?page=12","Vêtement enfant","4 500CFA","Dakar, Sénégal","https://images.coinafrique.com/thumb_2616461_uploaded_image2_1599750823.jpeg"
"1771242873-734","https://sn.coinafrique.com/categorie/vetements-enfants?page=12","Robe enfant - 1 à  2 ans","5 000CFA","Mermoz-Sacré Coeur, Dakar, Sénégal","https://images.coinafrique.com/thumb_2611679_uploaded_image2_1599603919.jpeg"
"1771242873-735","https://sn.coinafrique.com/categorie/vetements-enfants?page=12","Vêtements bébés 0 à 9 mois","1 400CFA","HLM, Dakar, Sénégal","https://images.coinafrique.com/thumb_2611304_uploaded_image1_1599592896.jpg"
"1771242873-736","https://sn.coinafrique.com/categorie/vetements-enfants?page=12","Vêtements enfants","2 500CFA","Colobane, Dakar, Sénégal","https://images.coinafrique.com/thumb_2607386_uploaded_image1_1599484905.jpg"
"1771242873-737","https://sn.coinafrique.com/categorie/vetements-enfants?page=12","Vêtements enfants","Prix sur demande","Colobane, Dakar, Sénégal","https://images.coinafrique.com/thumb_2607379_uploaded_image1_1599484725.jpg"
"1771242873-738","https://sn.coinafrique.com/categorie/vetements-enfants?page=12","Vêtements enfants friperie","2 000CFA","Colobane, Dakar, Sénégal","https://images.coinafrique.com/thumb_2605712_uploaded_image1_1599422903.jpg"
"1771242873-739","https://sn.coinafrique.com/categorie/vetements-enfants?page=12","Vêtements friperie pour enfants","Prix sur demande","Colobane, Dakar, Sénégal","https://images.coinafrique.com/thumb_2603714_uploaded_image1_1599334883.jpg"
"1771242873-740","https://sn.coinafrique.com/categorie/vetements-enfants?page=12","Vêtements friperie pour enfants","2 000CFA","Colobane, Dakar, Sénégal","https://images.coinafrique.com/thumb_2603709_uploaded_image1_1599334622.jpg"
"1771242873-741","https://sn.coinafrique.com/categorie/vetements-enfants?page=12","Vêtements friperie pour enfants","6 000CFA","Colobane, Dakar, Sénégal","https://images.coinafrique.com/thumb_2603708_uploaded_image1_1599334512.jpg"
"1771242873-742","https://sn.coinafrique.com/categorie/vetements-enfants?page=12","Vêtements friperie pour enfants","2 500CFA","Colobane, Dakar, Sénégal","https://images.coinafrique.com/thumb_2603705_uploaded_image1_1599334420.jpg"
"1771242873-743","https://sn.coinafrique.com/categorie/vetements-enfants?page=12","Vêtements friperie pour enfants","2 000CFA","Colobane, Dakar, Sénégal","https://images.coinafrique.com/thumb_2603703_uploaded_image1_1599334219.jpg"
"1771242873-744","https://sn.coinafrique.com/categorie/vetements-enfants?page=12","Vêtements enfant","2 500CFA","Colobane, Dakar, Sénégal","https://images.coinafrique.com/thumb_2601672_uploaded_image1_1599258938.jpg"
"1771242873-745","https://sn.coinafrique.com/categorie/vetements-enfants?page=12","Vêtements Friperie","1 500CFA","Colobane, Dakar, Sénégal","https://images.coinafrique.com/thumb_2601355_uploaded_image1_1599249904.jpg"
"1771242873-746","https://sn.coinafrique.com/categorie/vetements-enfants?page=12","Vêtements enfant","4 500CFA","Dakar, Sénégal","https://images.coinafrique.com/thumb_2599887_uploaded_image1_1599213423.jpg"
"1771242873-747","https://sn.coinafrique.com/categorie/vetements-enfants?page=12","Boxer enfant","Prix sur demande","Dakar, Sénégal","https://images.coinafrique.com/thumb_2597317_uploaded_image1_1599130395.jpg"
"1771242873-748","https://sn.coinafrique.com/categorie/vetements-enfants?page=12","Friperie bébé","1 000CFA","Ouakam, Dakar, Sénégal","https://images.coinafrique.com/thumb_2589301_uploaded_image1_1598898362.jpg"
"1771242873-749","https://sn.coinafrique.com/categorie/vetements-enfants?page=12","Vêtements de friperie","Prix sur demande","Dakar, Sénégal","https://images.coinafrique.com/thumb_2589235_uploaded_image1_1598896806.jpg"
"1771242873-750","https://sn.coinafrique.com/categorie/vetements-enfants?page=12","Robe en wax","4 000CFA","Ouakam, Dakar, Sénégal","https://images.coinafrique.com/thumb_2584760_uploaded_image1_1598717223.jpg"
"1771242873-751","https://sn.coinafrique.com/categorie/vetements-enfants?page=12","Vêtements  enfants","15 000CFA","Dakar, Sénégal","https://images.coinafrique.com/thumb_2584569_uploaded_image1_1598712873.jpg"
"1771242873-752","https://sn.coinafrique.com/categorie/vetements-enfants?page=12","Chemise","5 000CFA","Ouakam, Dakar, Sénégal","https://images.coinafrique.com/thumb_2580779_uploaded_image1_1598550877.jpg"
"1771242873-753","https://sn.coinafrique.com/categorie/vetements-enfants?page=12","Chaussettes","750CFA","Dakar, Sénégal","https://images.coinafrique.com/thumb_2579587_uploaded_image2_1598523144.jpeg"
"1771242873-754","https://sn.coinafrique.com/categorie/vetements-enfants?page=12","Chemise","5 000CFA","Ouakam, Dakar, Sénégal","https://images.coinafrique.com/thumb_2576496_uploaded_image1_1598396141.jpg"
"1771242873-755","https://sn.coinafrique.com/categorie/vetements-enfants?page=12","Robe  bébé","3 500CFA","Ouakam, Dakar, Sénégal","https://images.coinafrique.com/thumb_2576480_uploaded_image1_1598395445.jpg"
"1771242873-756","https://sn.coinafrique.com/categorie/vetements-enfants?page=12","Pantalon Jean","6 000CFA","Ngor, Dakar, Sénégal","https://images.coinafrique.com/thumb_2576138_uploaded_image1_1598386302.jpg"
"1771242886-757","https://sn.coinafrique.com/categorie/vetements-enfants?page=10","Ensemble enfants","15 000CFA","Mermoz-Sacré Coeur, Dakar, Sénégal","https://images.coinafrique.com/thumb_3038014_uploaded_image1_1617463542.jpg"
"1771242886-758","https://sn.coinafrique.com/categorie/vetements-enfants?page=10","Vêtements enfants","15 000CFA","Mermoz-Sacré Coeur, Dakar, Sénégal","https://images.coinafrique.com/thumb_3038010_uploaded_image1_1617463363.jpg"
"1771242886-759","https://sn.coinafrique.com/categorie/vetements-enfants?page=10","Ensemble enfant","15 000CFA","Mermoz-Sacré Coeur, Dakar, Sénégal","https://images.coinafrique.com/thumb_3037998_uploaded_image1_1617463131.jpg"
"1771242886-760","https://sn.coinafrique.com/categorie/vetements-enfants?page=10","Grenouillère","1 000CFA","Ouakam, Dakar, Sénégal","https://images.coinafrique.com/thumb_3037698_uploaded_image1_1617454183.jpg"
"1771242886-761","https://sn.coinafrique.com/categorie/vetements-enfants?page=10","Body enfant","500CFA","Ouakam, Dakar, Sénégal","https://images.coinafrique.com/thumb_3037697_uploaded_image1_1617454125.jpg"
"1771242886-762","https://sn.coinafrique.com/categorie/vetements-enfants?page=10","Ensembles enfant + chapeau","1 500CFA","Ouakam, Dakar, Sénégal","https://images.coinafrique.com/thumb_3037692_uploaded_image1_1617454021.jpg"
"1771242886-763","https://sn.coinafrique.com/categorie/vetements-enfants?page=10","Ensemble enfant","2 500CFA","Ouakam, Dakar, Sénégal","https://images.coinafrique.com/thumb_3037689_uploaded_image1_1617453933.jpg"
"1771242886-764","https://sn.coinafrique.com/categorie/vetements-enfants?page=10","Ensemble bébé","9 000CFA","HLM, Dakar, Sénégal","https://images.coinafrique.com/thumb_3035855_uploaded_image1_1617379859.jpg"
"1771242886-765","https://sn.coinafrique.com/categorie/vetements-enfants?page=10","Ensemble blouson enfant","8 000CFA","Parcelle Assainies, Dakar, Sénégal","https://images.coinafrique.com/thumb_3035799_uploaded_image2_1617378839.jpeg"
"1771242886-766","https://sn.coinafrique.com/categorie/vetements-enfants?page=10","Barboteuse","1 000CFA","Ouakam, Dakar, Sénégal","https://images.coinafrique.com/thumb_3033102_uploaded_image1_1617286526.jpg"
"1771242886-767","https://sn.coinafrique.com/categorie/vetements-enfants?page=10","Ensemble enfant","2 000CFA","Ouakam, Dakar, Sénégal","https://images.coinafrique.com/thumb_3033057_uploaded_image1_1617285824.jpg"
"1771242886-768","https://sn.coinafrique.com/categorie/vetements-enfants?page=10","Robe fille","11 500CFA","HLM, Dakar, Sénégal","https://images.coinafrique.com/thumb_3032229_uploaded_image1_1617269385.jpg"
"1771242886-769","https://sn.coinafrique.com/categorie/vetements-enfants?page=10","Ensemble bébé","6 000CFA","HLM, Dakar, Sénégal","https://images.coinafrique.com/thumb_3032224_uploaded_image1_1617269304.jpg"
"1771242886-770","https://sn.coinafrique.com/categorie/vetements-enfants?page=10","Ensemble pour bébé","9 500CFA","HLM, Dakar, Sénégal","https://images.coinafrique.com/thumb_3024581_uploaded_image1_1616870758.jpg"
"1771242886-771","https://sn.coinafrique.com/categorie/vetements-enfants?page=10","Vêtements pour enfant de 0 à 13ans","Prix sur demande","Dakar, Sénégal","https://images.coinafrique.com/thumb_3019124_uploaded_image1_1616606467.jpg"
"1771242886-772","https://sn.coinafrique.com/categorie/vetements-enfants?page=10","Ensemble chemise - pantalon enfant","2 000CFA","Colobane, Dakar, Sénégal","https://images.coinafrique.com/thumb_3017358_uploaded_image1_1616523355.jpg"
"1771242886-773","https://sn.coinafrique.com/categorie/vetements-enfants?page=10","Pantalon jeans enfants","2 000CFA","Colobane, Dakar, Sénégal","https://images.coinafrique.com/thumb_3017355_uploaded_image1_1616523288.jpg"
"1771242886-774","https://sn.coinafrique.com/categorie/vetements-enfants?page=10","Vêtements enfant","3 000CFA","Mermoz-Sacré Coeur, Dakar, Sénégal","https://images.coinafrique.com/thumb_3013660_uploaded_image1_1616353788.jpg"
"1771242886-775","https://sn.coinafrique.com/categorie/vetements-enfants?page=10","Vêtements bébé","3 500CFA","Mermoz-Sacré Coeur, Dakar, Sénégal","https://images.coinafrique.com/thumb_3013647_uploaded_image1_1616353124.jpg"
"1771242886-776","https://sn.coinafrique.com/categorie/vetements-enfants?page=10","Pantalon jeans friperie enfants","6 000CFA","Colobane, Dakar, Sénégal","https://images.coinafrique.com/thumb_3012395_uploaded_image1_1616265641.jpg"
"1771242886-777","https://sn.coinafrique.com/categorie/vetements-enfants?page=10","Ensemble chemise - pantalon jeans friperie","5 000CFA","Colobane, Dakar, Sénégal","https://images.coinafrique.com/thumb_3012391_uploaded_image1_1616265553.jpg"
"1771242886-778","https://sn.coinafrique.com/categorie/vetements-enfants?page=10","Pantalon jeans friperie","3 000CFA","Colobane, Dakar, Sénégal","https://images.coinafrique.com/thumb_3012387_uploaded_image1_1616265415.jpg"
"1771242886-779","https://sn.coinafrique.com/categorie/vetements-enfants?page=10","Grenouillère bébé","Prix sur demande","HLM, Dakar, Sénégal","https://images.coinafrique.com/thumb_3008320_uploaded_image1_1616068246.jpg"
"1771242886-780","https://sn.coinafrique.com/categorie/vetements-enfants?page=10","Lot de vêtements friperie de 0 à 12ans","Prix sur demande","Dakar, Sénégal","https://images.coinafrique.com/thumb_3000888_uploaded_image1_1615698089.jpg"
"1771242886-781","https://sn.coinafrique.com/categorie/vetements-enfants?page=10","Ensemble maillots enfants","8 000CFA","Dieuppeul-Derklé, Dakar, Sénégal","https://images.coinafrique.com/thumb_2997124_uploaded_image1_1615491439.jpg"
"1771242886-782","https://sn.coinafrique.com/categorie/vetements-enfants?page=10","Robes filles","15 000CFA","Parcelle Assainies, Dakar, Sénégal","https://images.coinafrique.com/thumb_2991324_uploaded_image1_1615228431.jpg"
"1771242886-783","https://sn.coinafrique.com/categorie/vetements-enfants?page=10","Vêtements  bébé","5 000CFA","Grand Yoff, Dakar, Sénégal","https://images.coinafrique.com/thumb_2983859_uploaded_image1_1614848831.jpg"
"1771242886-784","https://sn.coinafrique.com/categorie/vetements-enfants?page=10","Vêtements enfants","Prix sur demande","Dieuppeul-Derklé, Dakar, Sénégal","https://images.coinafrique.com/thumb_2981375_uploaded_image1_1614732549.jpg"
"1771242886-785","https://sn.coinafrique.com/categorie/vetements-enfants?page=10","Vêtements enfants","Prix sur demande","Patte d'oie, Dakar, Sénégal","https://images.coinafrique.com/thumb_2979283_uploaded_image1_1614675070.jpg"
"1771242886-786","https://sn.coinafrique.com/categorie/vetements-enfants?page=10","Vêtements bébé","7 000CFA","Hann Bel-Air, Dakar, Sénégal","https://images.coinafrique.com/thumb_2971081_uploaded_image1_1614264447.jpg"
"1771242886-787","https://sn.coinafrique.com/categorie/vetements-enfants?page=10","Caleçon enfant","1 500CFA","Fass, Dakar, Sénégal","https://images.coinafrique.com/thumb_2970911_uploaded_image1_1614259523.jpg"
"1771242886-788","https://sn.coinafrique.com/categorie/vetements-enfants?page=10","Ensemble enfant","5 000CFA","HLM, Dakar, Sénégal","https://images.coinafrique.com/thumb_2970729_uploaded_image1_1614253943.jpg"
"1771242886-789","https://sn.coinafrique.com/categorie/vetements-enfants?page=10","Vêtements enfants","Prix sur demande","Ouakam, Dakar, Sénégal","https://images.coinafrique.com/thumb_2961090_uploaded_image1_1613766742.jpg"
"1771242886-790","https://sn.coinafrique.com/categorie/vetements-enfants?page=10","Vêtements bébé","Prix sur demande","Ouakam, Dakar, Sénégal","https://images.coinafrique.com/thumb_2961086_uploaded_image1_1613766640.jpg"
"1771242886-791","https://sn.coinafrique.com/categorie/vetements-enfants?page=10","Vêtements enfants","Prix sur demande","Ouakam, Dakar, Sénégal","https://images.coinafrique.com/thumb_2961083_uploaded_image1_1613766533.jpg"
"1771242886-792","https://sn.coinafrique.com/categorie/vetements-enfants?page=10","Vêtements pour nouveau né","Prix sur demande","Ouakam, Dakar, Sénégal","https://images.coinafrique.com/thumb_2959262_uploaded_image1_1613679806.jpg"
"1771242886-793","https://sn.coinafrique.com/categorie/vetements-enfants?page=10","Vêtements enfants","Prix sur demande","Ouakam, Dakar, Sénégal","https://images.coinafrique.com/thumb_2959258_uploaded_image1_1613679707.jpg"
"1771242886-794","https://sn.coinafrique.com/categorie/vetements-enfants?page=10","Vêtements nouveau-né","Prix sur demande","Ouakam, Dakar, Sénégal","https://images.coinafrique.com/thumb_2959257_uploaded_image1_1613679631.jpg"
"1771242886-795","https://sn.coinafrique.com/categorie/vetements-enfants?page=10","Vêtements  bébé","Prix sur demande","Ouakam, Dakar, Sénégal","https://images.coinafrique.com/thumb_2959255_uploaded_image1_1613679558.jpg"
"1771242886-796","https://sn.coinafrique.com/categorie/vetements-enfants?page=10","Vêtements bébé","Prix sur demande","Ouakam, Dakar, Sénégal","https://images.coinafrique.com/thumb_2959248_uploaded_image2_1613679445.jpeg"
"1771242886-797","https://sn.coinafrique.com/categorie/vetements-enfants?page=10","Kit de prière pour garçon","20 000CFA","Dakar, Sénégal","https://images.coinafrique.com/thumb_2959193_uploaded_image1_1613676990.jpg"
"1771242886-798","https://sn.coinafrique.com/categorie/vetements-enfants?page=10","Kit de prière pour fille","20 000CFA","Dakar, Sénégal","https://images.coinafrique.com/thumb_2959180_uploaded_image1_1613676547.jpg"
"1771242886-799","https://sn.coinafrique.com/categorie/vetements-enfants?page=10","Vêtements bébé","3 000CFA","Dakar, Sénégal","https://images.coinafrique.com/thumb_2958974_uploaded_image1_1613669656.jpg"
"1771242886-800","https://sn.coinafrique.com/categorie/vetements-enfants?page=10","Vêtement bébé","3 000CFA","Dakar, Sénégal","https://images.coinafrique.com/thumb_2958970_uploaded_image1_1613669538.jpg"
"1771242886-801","https://sn.coinafrique.com/categorie/vetements-enfants?page=10","Sous vêtements fille","3 500CFA","Dakar, Sénégal","https://images.coinafrique.com/thumb_2956441_uploaded_image1_1613569974.jpg"
"1771242886-802","https://sn.coinafrique.com/categorie/vetements-enfants?page=10","Robe pour filles","6 000CFA","Dakar, Sénégal","https://images.coinafrique.com/thumb_2956437_uploaded_image1_1613569866.jpg"
"1771242886-803","https://sn.coinafrique.com/categorie/vetements-enfants?page=10","Ensemble enfants","10 000CFA","Dieuppeul-Derklé, Dakar, Sénégal","https://images.coinafrique.com/thumb_2951605_uploaded_image1_1613355841.jpg"
"1771242886-804","https://sn.coinafrique.com/categorie/vetements-enfants?page=10","Vêtements enfants","Prix sur demande","Dakar, Sénégal","https://images.coinafrique.com/thumb_2942141_uploaded_image1_1612893757.jpg"
"1771242886-805","https://sn.coinafrique.com/categorie/vetements-enfants?page=10","Shorts garçon","Prix sur demande","Dakar, Sénégal","https://images.coinafrique.com/thumb_2940112_uploaded_image1_1612814516.jpg"
"1771242886-806","https://sn.coinafrique.com/categorie/vetements-enfants?page=10","Habits enfants","5 000CFA","Dakar, Sénégal","https://images.coinafrique.com/thumb_2939878_uploaded_image1_1612807579.jpg"
"1771242886-807","https://sn.coinafrique.com/categorie/vetements-enfants?page=10","Vêtements friperie enfants","Prix sur demande","Colobane, Dakar, Sénégal","https://images.coinafrique.com/thumb_2939012_uploaded_image1_1612783880.jpg"
"1771242886-808","https://sn.coinafrique.com/categorie/vetements-enfants?page=10","Vêtement enfant","2 000CFA","Colobane, Dakar, Sénégal","https://images.coinafrique.com/thumb_2938994_uploaded_image1_1612783471.jpg"
"1771242886-809","https://sn.coinafrique.com/categorie/vetements-enfants?page=10","Friperie enfants","2 000CFA","Colobane, Dakar, Sénégal","https://images.coinafrique.com/thumb_2938990_uploaded_image1_1612783368.jpg"
"1771242886-810","https://sn.coinafrique.com/categorie/vetements-enfants?page=10","Vêtements friperie enfants","1 500CFA","Colobane, Dakar, Sénégal","https://images.coinafrique.com/thumb_2938986_uploaded_image1_1612783292.jpg"
"1771242886-811","https://sn.coinafrique.com/categorie/vetements-enfants?page=10","Friperie enfants","Prix sur demande","Colobane, Dakar, Sénégal","https://images.coinafrique.com/thumb_2938981_uploaded_image1_1612783153.jpg"
"1771242886-812","https://sn.coinafrique.com/categorie/vetements-enfants?page=10","Vêtement enfants","Prix sur demande","Colobane, Dakar, Sénégal","https://images.coinafrique.com/thumb_2938979_uploaded_image1_1612783091.jpg"
"1771242886-813","https://sn.coinafrique.com/categorie/vetements-enfants?page=10","Vêtement enfant","3 000CFA","Colobane, Dakar, Sénégal","https://images.coinafrique.com/thumb_2938975_uploaded_image1_1612782982.jpg"
"1771242886-814","https://sn.coinafrique.com/categorie/vetements-enfants?page=10","Vêtement enfants","3 000CFA","Colobane, Dakar, Sénégal","https://images.coinafrique.com/thumb_2938684_uploaded_image1_1612774217.jpg"
"1771242886-815","https://sn.coinafrique.com/categorie/vetements-enfants?page=10","Vêtement enfants","2 500CFA","Colobane, Dakar, Sénégal","https://images.coinafrique.com/thumb_2938680_uploaded_image1_1612774159.jpg"
"1771242886-816","https://sn.coinafrique.com/categorie/vetements-enfants?page=10","Vêtements enfant","Prix sur demande","Colobane, Dakar, Sénégal","https://images.coinafrique.com/thumb_2938653_uploaded_image1_1612773067.jpg"
"1771242886-817","https://sn.coinafrique.com/categorie/vetements-enfants?page=10","Ensembles enfant","Prix sur demande","Dieuppeul-Derklé, Dakar, Sénégal","https://images.coinafrique.com/thumb_2933246_uploaded_image1_1612515788.jpg"
"1771242886-818","https://sn.coinafrique.com/categorie/vetements-enfants?page=10","Vêtements enfants","6 000CFA","Dakar, Sénégal","https://images.coinafrique.com/thumb_2925176_uploaded_image1_1612218065.jpg"
"1771242886-819","https://sn.coinafrique.com/categorie/vetements-enfants?page=10","Ensembles blouson enfants","Prix sur demande","Dieuppeul-Derklé, Dakar, Sénégal","https://images.coinafrique.com/thumb_2923009_uploaded_image1_1612168840.jpg"
"1771242886-820","https://sn.coinafrique.com/categorie/vetements-enfants?page=10","Ensemble bébé sortie de bain","8 000CFA","HLM, Dakar, Sénégal","https://images.coinafrique.com/thumb_2920795_uploaded_image1_1612023107.jpg"
"1771242886-821","https://sn.coinafrique.com/categorie/vetements-enfants?page=10","Ensembles blousons","Prix sur demande","Dieuppeul-Derklé, Dakar, Sénégal","https://images.coinafrique.com/thumb_2919804_uploaded_image1_1611967516.jpg"
"1771242886-822","https://sn.coinafrique.com/categorie/vetements-enfants?page=10","Ensemble bébé","4 000CFA","HLM, Dakar, Sénégal","https://images.coinafrique.com/thumb_2913239_uploaded_image1_1611677309.jpg"
"1771242886-823","https://sn.coinafrique.com/categorie/vetements-enfants?page=10","Vêtement enfant","2 000CFA","Dakar, Sénégal","https://images.coinafrique.com/thumb_2904738_uploaded_image1_1611251495.jpg"
"1771242886-824","https://sn.coinafrique.com/categorie/vetements-enfants?page=10","Vêtement enfant","3 000CFA","Dakar, Sénégal","https://images.coinafrique.com/thumb_2904731_uploaded_image1_1611251346.jpg"
"1771242886-825","https://sn.coinafrique.com/categorie/vetements-enfants?page=10","Tenue mardi gras","5 000CFA","Saly, Sénégal","https://images.coinafrique.com/thumb_2904713_uploaded_image1_1611250923.jpg"
"1771242886-826","https://sn.coinafrique.com/categorie/vetements-enfants?page=10","Pull","8 500CFA","Dakar, Sénégal","https://images.coinafrique.com/thumb_2898864_uploaded_image1_1611023219.jpg"
"1771242886-827","https://sn.coinafrique.com/categorie/vetements-enfants?page=10","Ensemble veste","15 000CFA","HLM, Dakar, Sénégal","https://images.coinafrique.com/thumb_2894368_uploaded_image1_1610800978.jpg"
"1771242886-828","https://sn.coinafrique.com/categorie/vetements-enfants?page=10","Ensemble de fille","11 000CFA","Grand Yoff, Dakar, Sénégal","https://images.coinafrique.com/thumb_2879908_uploaded_image1_1610201702.jpg"
"1771242886-829","https://sn.coinafrique.com/categorie/vetements-enfants?page=10","Ensemble de fille nouveau né","10 000CFA","Grand Yoff, Dakar, Sénégal","https://images.coinafrique.com/thumb_2879903_uploaded_image1_1610201519.jpg"
"1771242886-830","https://sn.coinafrique.com/categorie/vetements-enfants?page=10","Ensembles blousons","12 000CFA","Dieuppeul-Derklé, Dakar, Sénégal","https://images.coinafrique.com/thumb_2877447_uploaded_image1_1610105451.jpg"
"1771242886-831","https://sn.coinafrique.com/categorie/vetements-enfants?page=10","Tenue mardi gras","2 000CFA","Saly, Sénégal","https://images.coinafrique.com/thumb_2862996_uploaded_image1_1609531083.jpg"
"1771242886-832","https://sn.coinafrique.com/categorie/vetements-enfants?page=10","Tenue mardi gras","7 000CFA","Saly, Sénégal","https://images.coinafrique.com/thumb_2862982_uploaded_image1_1609530664.jpg"
"1771242886-833","https://sn.coinafrique.com/categorie/vetements-enfants?page=10","Tenue mardi gras","5 000CFA","Saly, Sénégal","https://images.coinafrique.com/thumb_2862977_uploaded_image1_1609530409.jpg"
"1771242886-834","https://sn.coinafrique.com/categorie/vetements-enfants?page=10","Tenue mardi gras","5 000CFA","Saly, Sénégal","https://images.coinafrique.com/thumb_2862973_uploaded_image1_1609530217.jpg"
"1771242886-835","https://sn.coinafrique.com/categorie/vetements-enfants?page=10","Tenues mardi gras","8 000CFA","Mbour, Sénégal","https://images.coinafrique.com/thumb_2862971_uploaded_image1_1609530110.jpg"
"1771242886-836","https://sn.coinafrique.com/categorie/vetements-enfants?page=10","Ensemble blouson-pantalon","12 000CFA","Dieuppeul-Derklé, Dakar, Sénégal","https://images.coinafrique.com/thumb_2855625_uploaded_image1_1609119933.jpg"
"1771242886-837","https://sn.coinafrique.com/categorie/vetements-enfants?page=10","Ensemble blouson-pantalon","12 000CFA","Dieuppeul-Derklé, Dakar, Sénégal","https://images.coinafrique.com/thumb_2855622_uploaded_image1_1609119638.jpg"
"1771242886-838","https://sn.coinafrique.com/categorie/vetements-enfants?page=10","Vêtements enfants","7 000CFA","Parcelle Assainies, Dakar, Sénégal","https://images.coinafrique.com/thumb_2851844_uploaded_image1_1608894466.jpg"
"1771242886-839","https://sn.coinafrique.com/categorie/vetements-enfants?page=10","Robe enfant","Prix sur demande","Rufisque, Sénégal","https://images.coinafrique.com/thumb_2850857_uploaded_image1_1608821060.jpg"
"1771242886-840","https://sn.coinafrique.com/categorie/vetements-enfants?page=10","Robes de fées","25 000CFA","Grand Yoff, Dakar, Sénégal","https://images.coinafrique.com/thumb_2848670_uploaded_image1_1608723432.jpg"
"1771242894-841","https://sn.coinafrique.com/categorie/vetements-enfants?page=9","Jeans de friperie","2 000CFA","Colobane, Dakar, Sénégal","https://images.coinafrique.com/thumb_3174201_uploaded_image1_1623782246.jpg"
"1771242894-842","https://sn.coinafrique.com/categorie/vetements-enfants?page=9","Ensemble chemises + pantalon friperie enfants","3 000CFA","Colobane, Dakar, Sénégal","https://images.coinafrique.com/thumb_3174199_uploaded_image2_1623782190.jpeg"
"1771242894-843","https://sn.coinafrique.com/categorie/vetements-enfants?page=9","Robe fillette","7 000CFA","Cambérène, Dakar, Sénégal","https://images.coinafrique.com/thumb_3172225_uploaded_image1_1623704262.jpg"
"1771242894-844","https://sn.coinafrique.com/categorie/vetements-enfants?page=9","Vêtements enfants","4 000CFA","Dakar, Sénégal","https://images.coinafrique.com/thumb_3163009_uploaded_image1_1623254458.jpg"
"1771242894-845","https://sn.coinafrique.com/categorie/vetements-enfants?page=9","Vêtement enfant","30 000CFA","Toubab Dialao, Sénégal","https://images.coinafrique.com/thumb_3160326_uploaded_image1_1623155200.jpg"
"1771242894-846","https://sn.coinafrique.com/categorie/vetements-enfants?page=9","Ensemble bébé été","5 500CFA","Grand Yoff, Dakar, Sénégal","https://images.coinafrique.com/thumb_3156533_uploaded_image1_1622995117.jpg"
"1771242894-847","https://sn.coinafrique.com/categorie/vetements-enfants?page=9","Ensemble été avec bavoir bébé","5 500CFA","Grand Yoff, Dakar, Sénégal","https://images.coinafrique.com/thumb_3156529_uploaded_image1_1622995007.jpg"
"1771242894-848","https://sn.coinafrique.com/categorie/vetements-enfants?page=9","Ensemble bébé","4 000CFA","HLM, Dakar, Sénégal","https://images.coinafrique.com/thumb_3153951_uploaded_image1_1622847447.jpg"
"1771242894-849","https://sn.coinafrique.com/categorie/vetements-enfants?page=9","Robe  enfant","15 000CFA","Mbao, Dakar, Sénégal","https://images.coinafrique.com/thumb_3147894_uploaded_image1_1622636034.jpg"
"1771242894-850","https://sn.coinafrique.com/categorie/vetements-enfants?page=9","Vêtement enfant","1 500CFA","Colobane, Dakar, Sénégal","https://images.coinafrique.com/thumb_3138756_uploaded_image2_1622223312.jpeg"
"1771242894-851","https://sn.coinafrique.com/categorie/vetements-enfants?page=9","Vêtements enfants","1 500CFA","Colobane, Dakar, Sénégal","https://images.coinafrique.com/thumb_3138754_uploaded_image1_1622223222.jpg"
"1771242894-852","https://sn.coinafrique.com/categorie/vetements-enfants?page=9","Vêtement enfant","1 500CFA","Colobane, Dakar, Sénégal","https://images.coinafrique.com/thumb_3138750_uploaded_image1_1622223144.jpg"
"1771242894-853","https://sn.coinafrique.com/categorie/vetements-enfants?page=9","Vêtement enfant","Prix sur demande","Colobane, Dakar, Sénégal","https://images.coinafrique.com/thumb_3138747_uploaded_image1_1622223048.jpg"
"1771242894-854","https://sn.coinafrique.com/categorie/vetements-enfants?page=9","Ensemble  pour garçon","4 000CFA","HLM, Dakar, Sénégal","https://images.coinafrique.com/thumb_3137963_uploaded_image1_1622193150.jpg"
"1771242894-855","https://sn.coinafrique.com/categorie/vetements-enfants?page=9","Chemises garçon","7 000CFA","Dakar Plateau, Dakar, Sénégal","https://images.coinafrique.com/thumb_3125676_uploaded_image1_1621537910.jpg"
"1771242894-856","https://sn.coinafrique.com/categorie/vetements-enfants?page=9","Robes enfants","7 000CFA","Dakar Plateau, Dakar, Sénégal","https://images.coinafrique.com/thumb_3125619_uploaded_image1_1621534794.jpg"
"1771242894-857","https://sn.coinafrique.com/categorie/vetements-enfants?page=9","Robe pour enfants","15 000CFA","Dieuppeul-Derklé, Dakar, Sénégal","https://images.coinafrique.com/thumb_3117591_uploaded_image2_1621167673.jpeg"
"1771242894-858","https://sn.coinafrique.com/categorie/vetements-enfants?page=9","Robe enfant","20 000CFA","Guediawaye, Dakar, Sénégal","https://images.coinafrique.com/thumb_3113417_uploaded_image1_1620899489.jpg"
"1771242894-859","https://sn.coinafrique.com/categorie/vetements-enfants?page=9","Robe","15 000CFA","Biscuiterie, Dakar, Sénégal","https://images.coinafrique.com/thumb_3110386_uploaded_image1_1620737846.jpg"
"1771242894-860","https://sn.coinafrique.com/categorie/vetements-enfants?page=9","Robe","15 000CFA","Biscuiterie, Dakar, Sénégal","https://images.coinafrique.com/thumb_3110145_uploaded_image1_1620730955.jpg"
"1771242894-861","https://sn.coinafrique.com/categorie/vetements-enfants?page=9","Robe princesse","5 000CFA","Almadies, Dakar, Sénégal","https://images.coinafrique.com/thumb_3106812_uploaded_image1_1620581452.jpg"
"1771242894-862","https://sn.coinafrique.com/categorie/vetements-enfants?page=9","Robe bazin riche brodé fait main","15 000CFA","Biscuiterie, Dakar, Sénégal","https://images.coinafrique.com/thumb_3106119_uploaded_image1_1620547487.jpg"
"1771242894-863","https://sn.coinafrique.com/categorie/vetements-enfants?page=9","Vêtements friperie enfants","Prix sur demande","Colobane, Dakar, Sénégal","https://images.coinafrique.com/thumb_3104022_uploaded_image1_1620427612.jpg"
"1771242894-864","https://sn.coinafrique.com/categorie/vetements-enfants?page=9","Vêtements enfants friperie","Prix sur demande","Colobane, Dakar, Sénégal","https://images.coinafrique.com/thumb_3104018_uploaded_image1_1620427485.jpg"
"1771242894-865","https://sn.coinafrique.com/categorie/vetements-enfants?page=9","Vêtements enfants","12 000CFA","Dakar, Sénégal","https://images.coinafrique.com/thumb_3103497_uploaded_image1_1620407250.jpg"
"1771242894-866","https://sn.coinafrique.com/categorie/vetements-enfants?page=9","Vêtements enfants","Prix sur demande","Parcelle Assainies, Dakar, Sénégal","https://images.coinafrique.com/thumb_3101212_uploaded_image1_1620313045.jpg"
"1771242894-867","https://sn.coinafrique.com/categorie/vetements-enfants?page=9","Prêt à porter enfants","10 000CFA","HLM, Dakar, Sénégal","https://images.coinafrique.com/thumb_3100941_uploaded_image1_1620306624.jpg"
"1771242894-868","https://sn.coinafrique.com/categorie/vetements-enfants?page=9","Vêtements enfant","Prix sur demande","Geule Tapée, Dakar, Sénégal","https://images.coinafrique.com/thumb_3100042_uploaded_image1_1620266770.jpg"
"1771242894-869","https://sn.coinafrique.com/categorie/vetements-enfants?page=9","Robe pour bébé","Prix sur demande","Grand Yoff, Dakar, Sénégal","https://images.coinafrique.com/thumb_3098724_uploaded_image1_1620219131.jpg"
"1771242894-870","https://sn.coinafrique.com/categorie/vetements-enfants?page=9","Ensemble enfants","Prix sur demande","Dakar, Sénégal","https://images.coinafrique.com/thumb_3098344_uploaded_image1_1620209550.jpg"
"1771242894-871","https://sn.coinafrique.com/categorie/vetements-enfants?page=9","Robes enfant","Prix sur demande","Dakar, Sénégal","https://images.coinafrique.com/thumb_3098340_uploaded_image1_1620209467.jpg"
"1771242894-872","https://sn.coinafrique.com/categorie/vetements-enfants?page=9","Ensembles enfants","Prix sur demande","Dakar, Sénégal","https://images.coinafrique.com/thumb_3097531_uploaded_image1_1620165477.jpg"
"1771242894-873","https://sn.coinafrique.com/categorie/vetements-enfants?page=9","Robes enfants","Prix sur demande","Dakar, Sénégal","https://images.coinafrique.com/thumb_3097522_uploaded_image1_1620165342.jpg"
"1771242894-874","https://sn.coinafrique.com/categorie/vetements-enfants?page=9","Robes enfants","Prix sur demande","Dakar, Sénégal","https://images.coinafrique.com/thumb_3097519_uploaded_image1_1620165230.jpg"
"1771242894-875","https://sn.coinafrique.com/categorie/vetements-enfants?page=9","Ensembles pour enfants","Prix sur demande","Dakar, Sénégal","https://images.coinafrique.com/thumb_3097512_uploaded_image1_1620164877.jpg"
"1771242894-876","https://sn.coinafrique.com/categorie/vetements-enfants?page=9","Bazin riche avec broderie","18 000CFA","Yoff, Dakar, Sénégal","https://images.coinafrique.com/thumb_3092548_uploaded_image1_1619979222.jpg"
"1771242894-877","https://sn.coinafrique.com/categorie/vetements-enfants?page=9","Robe enfant","8 000CFA","Dakar, Sénégal","https://images.coinafrique.com/thumb_3091601_uploaded_image1_1619937730.jpg"
"1771242894-878","https://sn.coinafrique.com/categorie/vetements-enfants?page=9","Vêtements Enfants","7 000CFA","Dakar, Sénégal","https://images.coinafrique.com/thumb_3091599_uploaded_image3_1619937608.jpeg"
"1771242894-879","https://sn.coinafrique.com/categorie/vetements-enfants?page=9","Ensemble enfant","10 000CFA","Dakar, Sénégal","https://images.coinafrique.com/thumb_3091597_uploaded_image1_1619937516.jpg"
"1771242894-880","https://sn.coinafrique.com/categorie/vetements-enfants?page=9","Polo Enfant","10 000CFA","Dakar, Sénégal","https://images.coinafrique.com/thumb_3091593_uploaded_image1_1619937425.jpg"
"1771242894-881","https://sn.coinafrique.com/categorie/vetements-enfants?page=9","Ensemble enfant","10 000CFA","Dakar, Sénégal","https://images.coinafrique.com/thumb_3091582_uploaded_image1_1619937100.jpg"
"1771242894-882","https://sn.coinafrique.com/categorie/vetements-enfants?page=9","Robes enfant","10 000CFA","Dakar Plateau, Dakar, Sénégal","https://images.coinafrique.com/thumb_3091576_uploaded_image1_1619936893.jpg"
"1771242894-883","https://sn.coinafrique.com/categorie/vetements-enfants?page=9","Vêtements Enfants","Prix sur demande","Dakar, Sénégal","https://images.coinafrique.com/thumb_3091356_uploaded_image1_1619918393.jpg"
"1771242894-884","https://sn.coinafrique.com/categorie/vetements-enfants?page=9","Vêtements Enfants","3 500CFA","Dakar, Sénégal","https://images.coinafrique.com/thumb_3091353_uploaded_image1_1619918261.jpg"
"1771242894-885","https://sn.coinafrique.com/categorie/vetements-enfants?page=9","Pantalons jeans enfants","6 000CFA","Dakar, Sénégal","https://images.coinafrique.com/thumb_3091181_uploaded_image1_1619912235.jpg"
"1771242894-886","https://sn.coinafrique.com/categorie/vetements-enfants?page=9","Ensemble petit garçon","Prix sur demande","Parcelle Assainies, Dakar, Sénégal","https://images.coinafrique.com/thumb_3088972_uploaded_image1_1619825459.jpg"
"1771242894-887","https://sn.coinafrique.com/categorie/vetements-enfants?page=9","Robe enfant","Prix sur demande","Les Parcelles Assainies, Dakar, Sénégal","https://images.coinafrique.com/thumb_3088723_uploaded_image1_1619814031.jpg"
"1771242894-888","https://sn.coinafrique.com/categorie/vetements-enfants?page=9","Tunique enfant","Prix sur demande","Rufisque, Sénégal","https://images.coinafrique.com/thumb_3087733_uploaded_image1_1619763855.jpg"
"1771242894-889","https://sn.coinafrique.com/categorie/vetements-enfants?page=9","Vêtements friperie enfants","1 000CFA","Grand Yoff, Dakar, Sénégal","https://images.coinafrique.com/thumb_3087186_uploaded_image1_1619724786.jpg"
"1771242894-890","https://sn.coinafrique.com/categorie/vetements-enfants?page=9","Chemise enfant","2 500CFA","Colobane, Dakar, Sénégal","https://images.coinafrique.com/thumb_3086775_uploaded_image1_1619710616.jpg"
"1771242894-891","https://sn.coinafrique.com/categorie/vetements-enfants?page=9","Vêtement enfants","2 500CFA","Colobane, Dakar, Sénégal","https://images.coinafrique.com/thumb_3086774_uploaded_image1_1619710562.jpg"
"1771242894-892","https://sn.coinafrique.com/categorie/vetements-enfants?page=9","Chemise enfant","2 500CFA","Colobane, Dakar, Sénégal","https://images.coinafrique.com/thumb_3086770_uploaded_image1_1619710501.jpg"
"1771242894-893","https://sn.coinafrique.com/categorie/vetements-enfants?page=9","Robe fillette","Prix sur demande","Rufisque, Sénégal","https://images.coinafrique.com/thumb_3086234_uploaded_image1_1619695623.jpg"
"1771242894-894","https://sn.coinafrique.com/categorie/vetements-enfants?page=9","Robe fillette","Prix sur demande","Rufisque, Sénégal","https://images.coinafrique.com/thumb_3086230_uploaded_image1_1619695571.jpg"
"1771242894-895","https://sn.coinafrique.com/categorie/vetements-enfants?page=9","Robe fillette","Prix sur demande","Rufisque, Sénégal","https://images.coinafrique.com/thumb_3086229_uploaded_image1_1619695508.jpg"
"1771242894-896","https://sn.coinafrique.com/categorie/vetements-enfants?page=9","Robe fillette","Prix sur demande","Rufisque, Sénégal","https://images.coinafrique.com/thumb_3086225_uploaded_image1_1619695446.jpg"
"1771242894-897","https://sn.coinafrique.com/categorie/vetements-enfants?page=9","Robe fillette","Prix sur demande","Rufisque, Sénégal","https://images.coinafrique.com/thumb_3086220_uploaded_image1_1619695388.jpg"
"1771242894-898","https://sn.coinafrique.com/categorie/vetements-enfants?page=9","Robe fillette","Prix sur demande","Rufisque, Sénégal","https://images.coinafrique.com/thumb_3083787_uploaded_image1_1619562155.jpg"
"1771242894-899","https://sn.coinafrique.com/categorie/vetements-enfants?page=9","Ensemble enfants","1 300CFA","Dakar, Sénégal","https://images.coinafrique.com/thumb_3083311_uploaded_image1_1619543622.jpg"
"1771242894-900","https://sn.coinafrique.com/categorie/vetements-enfants?page=9","Vêtements enfants","10 000CFA","Rufisque, Sénégal","https://images.coinafrique.com/thumb_3079390_uploaded_image3_1619366149.jpeg"
"1771242894-901","https://sn.coinafrique.com/categorie/vetements-enfants?page=9","Boxer enfant","6 500CFA","Parcelle Assainies, Dakar, Sénégal","https://images.coinafrique.com/thumb_3077069_uploaded_image1_1619214743.jpg"
"1771242894-902","https://sn.coinafrique.com/categorie/vetements-enfants?page=9","Ensemble fille","2 000CFA","Sicap Liberté, Dakar, Sénégal","https://images.coinafrique.com/thumb_3072126_uploaded_image1_1619012521.jpg"
"1771242894-903","https://sn.coinafrique.com/categorie/vetements-enfants?page=9","Ensemble fille","2 000CFA","Sicap Liberté, Dakar, Sénégal","https://images.coinafrique.com/thumb_3072113_uploaded_image1_1619012309.jpg"
"1771242894-904","https://sn.coinafrique.com/categorie/vetements-enfants?page=9","Vêtements enfant","15 000CFA","Parcelle Assainies, Dakar, Sénégal","https://images.coinafrique.com/thumb_3067708_uploaded_image1_1618829674.jpg"
"1771242894-905","https://sn.coinafrique.com/categorie/vetements-enfants?page=9","Body bébé","10 000CFA","Rufisque, Sénégal","https://images.coinafrique.com/thumb_3067317_uploaded_image1_1618813231.jpg"
"1771242894-906","https://sn.coinafrique.com/categorie/vetements-enfants?page=9","Grenouillère bébé","3 000CFA","Rufisque, Sénégal","https://images.coinafrique.com/thumb_3067315_uploaded_image1_1618813047.jpg"
"1771242894-907","https://sn.coinafrique.com/categorie/vetements-enfants?page=9","Ensemble enfant","7 000CFA","HLM, Dakar, Sénégal","https://images.coinafrique.com/thumb_3061627_uploaded_image1_1618503756.jpg"
"1771242894-908","https://sn.coinafrique.com/categorie/vetements-enfants?page=9","Ensemble vêtement enfant","7 000CFA","HLM, Dakar, Sénégal","https://images.coinafrique.com/thumb_3061615_uploaded_image1_1618503481.jpg"
"1771242894-909","https://sn.coinafrique.com/categorie/vetements-enfants?page=9","Ensemble bébé","7 000CFA","HLM, Dakar, Sénégal","https://images.coinafrique.com/thumb_3061601_uploaded_image1_1618503055.jpg"
"1771242894-910","https://sn.coinafrique.com/categorie/vetements-enfants?page=9","Lacoste enfant","5 000CFA","Dakar, Sénégal","https://images.coinafrique.com/thumb_3057300_uploaded_image1_1618332021.jpg"
"1771242894-911","https://sn.coinafrique.com/categorie/vetements-enfants?page=9","Pantalon enfant","3 000CFA","Colobane, Dakar, Sénégal","https://images.coinafrique.com/thumb_3056602_uploaded_image1_1618315072.jpg"
"1771242894-912","https://sn.coinafrique.com/categorie/vetements-enfants?page=9","Vêtements enfants","3 000CFA","Colobane, Dakar, Sénégal","https://images.coinafrique.com/thumb_3056595_uploaded_image1_1618314916.jpg"
"1771242894-913","https://sn.coinafrique.com/categorie/vetements-enfants?page=9","Pantalon enfant","2 500CFA","Colobane, Dakar, Sénégal","https://images.coinafrique.com/thumb_3056588_uploaded_image1_1618314847.jpg"
"1771242894-914","https://sn.coinafrique.com/categorie/vetements-enfants?page=9","Robe enfant","3 000CFA","Colobane, Dakar, Sénégal","https://images.coinafrique.com/thumb_3056583_uploaded_image1_1618314776.jpg"
"1771242894-915","https://sn.coinafrique.com/categorie/vetements-enfants?page=9","Robe enfant","2 000CFA","Colobane, Dakar, Sénégal","https://images.coinafrique.com/thumb_3056578_uploaded_image1_1618314619.jpg"
"1771242894-916","https://sn.coinafrique.com/categorie/vetements-enfants?page=9","T-shirt enfant","2 000CFA","Colobane, Dakar, Sénégal","https://images.coinafrique.com/thumb_3056575_uploaded_image1_1618314552.jpg"
"1771242894-917","https://sn.coinafrique.com/categorie/vetements-enfants?page=9","Vêtement enfant","3 000CFA","Colobane, Dakar, Sénégal","https://images.coinafrique.com/thumb_3056574_uploaded_image1_1618314483.jpg"
"1771242894-918","https://sn.coinafrique.com/categorie/vetements-enfants?page=9","Ensemble blouson enfant","6 500CFA","Dieuppeul-Derklé, Dakar, Sénégal","https://images.coinafrique.com/thumb_3053772_uploaded_image1_1618187520.jpg"
"1771242894-919","https://sn.coinafrique.com/categorie/vetements-enfants?page=9","T-shirt enfant","10 000CFA","Dakar, Sénégal","https://images.coinafrique.com/thumb_3051993_uploaded_image1_1618077955.jpg"
"1771242894-920","https://sn.coinafrique.com/categorie/vetements-enfants?page=9","Ensemble  body et collant","2 500CFA","Ouakam, Dakar, Sénégal","https://images.coinafrique.com/thumb_3043879_uploaded_image1_1617740872.jpg"
"1771242894-921","https://sn.coinafrique.com/categorie/vetements-enfants?page=9","Vêtements enfants","500CFA","Ouakam, Dakar, Sénégal","https://images.coinafrique.com/thumb_3041195_uploaded_image1_1617633853.jpg"
"1771242894-922","https://sn.coinafrique.com/categorie/vetements-enfants?page=9","Vêtements enfants","1 000CFA","Ouakam, Dakar, Sénégal","https://images.coinafrique.com/thumb_3041189_uploaded_image1_1617633624.jpg"
"1771242894-923","https://sn.coinafrique.com/categorie/vetements-enfants?page=9","Ensembles pour enfants","Prix sur demande","Dakar Plateau, Dakar, Sénégal","https://images.coinafrique.com/thumb_3038305_uploaded_image1_1617474792.jpg"
"1771242894-924","https://sn.coinafrique.com/categorie/vetements-enfants?page=9","Set de baptême","15 000CFA","Dakar, Sénégal","https://images.coinafrique.com/thumb_3038303_uploaded_image1_1617474759.jpg"
"1771242902-925","https://sn.coinafrique.com/categorie/vetements-enfants?page=8","Combinaison surf pour enfant","8 000CFA","Dakar, Sénégal","https://images.coinafrique.com/thumb_3420805_uploaded_image1_1636035011.jpg"
"1771242902-926","https://sn.coinafrique.com/categorie/vetements-enfants?page=8","Ensemble enfant","13 500CFA","Dakar, Sénégal","https://images.coinafrique.com/thumb_3416581_uploaded_image1_1635864100.jpg"
"1771242902-927","https://sn.coinafrique.com/categorie/vetements-enfants?page=8","Blouson Poir Pour Enfant","8 000CFA","Dakar Plateau, Dakar, Sénégal","https://images.coinafrique.com/thumb_3414761_uploaded_image1_1635795193.jpg"
"1771242902-928","https://sn.coinafrique.com/categorie/vetements-enfants?page=8","Caleçons coton enfant -  12 pièces","6 500CFA","Dakar, Sénégal","https://images.coinafrique.com/thumb_3412103_uploaded_image1_1635684897.jpg"
"1771242902-929","https://sn.coinafrique.com/categorie/vetements-enfants?page=8","Robe de princesse","30 000CFA","Patte d'oie, Dakar, Sénégal","https://images.coinafrique.com/thumb_3410760_uploaded_image1_1635583935.jpg"
"1771242902-930","https://sn.coinafrique.com/categorie/vetements-enfants?page=8","Ensemble garçon","15 000CFA","Grand Yoff, Dakar, Sénégal","https://images.coinafrique.com/thumb_3405987_uploaded_image1_1635327202.jpg"
"1771242902-931","https://sn.coinafrique.com/categorie/vetements-enfants?page=8","Robes enfant","15 000CFA","Grand Yoff, Dakar, Sénégal","https://images.coinafrique.com/thumb_3405969_uploaded_image1_1635326776.jpg"
"1771242902-932","https://sn.coinafrique.com/categorie/vetements-enfants?page=8","Vêtements enfants","Prix sur demande","Mbao, Dakar, Sénégal","https://images.coinafrique.com/thumb_3404857_uploaded_image1_1635260273.jpg"
"1771242902-933","https://sn.coinafrique.com/categorie/vetements-enfants?page=8","Vêtements enfants","Prix sur demande","Mermoz-Sacré Coeur, Dakar, Sénégal","https://images.coinafrique.com/thumb_3404666_uploaded_image1_1635254147.jpg"
"1771242902-934","https://sn.coinafrique.com/categorie/vetements-enfants?page=8","Robe de princesse","10 000CFA","Patte d'oie, Dakar, Sénégal","https://images.coinafrique.com/thumb_3401212_uploaded_image1_1635078924.jpg"
"1771242902-935","https://sn.coinafrique.com/categorie/vetements-enfants?page=8","Robe de princesse","10 000CFA","Patte d'oie, Dakar, Sénégal","https://images.coinafrique.com/thumb_3401211_uploaded_image1_1635078841.jpg"
"1771242902-936","https://sn.coinafrique.com/categorie/vetements-enfants?page=8","Vêtement bébé","Prix sur demande","HLM, Dakar, Sénégal","https://images.coinafrique.com/thumb_3398130_uploaded_image1_1634894756.jpg"
"1771242902-937","https://sn.coinafrique.com/categorie/vetements-enfants?page=8","Vêtement bébé","3 500CFA","HLM, Dakar, Sénégal","https://images.coinafrique.com/thumb_3396665_uploaded_image1_1634813452.jpg"
"1771242902-938","https://sn.coinafrique.com/categorie/vetements-enfants?page=8","Ensemble bébé","7 000CFA","HLM, Dakar, Sénégal","https://images.coinafrique.com/thumb_3396563_uploaded_image1_1634810875.jpg"
"1771242902-939","https://sn.coinafrique.com/categorie/vetements-enfants?page=8","Grenouillère bébé","6 000CFA","HLM, Dakar, Sénégal","https://images.coinafrique.com/thumb_3374507_uploaded_image1_1633645210.jpg"
"1771242902-940","https://sn.coinafrique.com/categorie/vetements-enfants?page=8","Articles bébés","Prix sur demande","HLM, Dakar, Sénégal","https://images.coinafrique.com/thumb_3395767_uploaded_image1_1634755870.jpg"
"1771242902-941","https://sn.coinafrique.com/categorie/vetements-enfants?page=8","Robe bébé","1 000CFA","HLM, Dakar, Sénégal","https://images.coinafrique.com/thumb_3395494_uploaded_image1_1634745752.jpg"
"1771242902-942","https://sn.coinafrique.com/categorie/vetements-enfants?page=8","Vêtement bébé","1 000CFA","HLM, Dakar, Sénégal","https://images.coinafrique.com/thumb_3395485_uploaded_image3_1634745594.jpeg"
"1771242902-943","https://sn.coinafrique.com/categorie/vetements-enfants?page=8","Vêtements enfants","2 000CFA","HLM, Dakar, Sénégal","https://images.coinafrique.com/thumb_3395480_uploaded_image1_1634745484.jpg"
"1771242902-944","https://sn.coinafrique.com/categorie/vetements-enfants?page=8","Grenouillère bébé","Prix sur demande","HLM, Dakar, Sénégal","https://images.coinafrique.com/thumb_3340891_uploaded_image1_1631956848.jpg"
"1771242902-945","https://sn.coinafrique.com/categorie/vetements-enfants?page=8","Grenouillère bébé","Prix sur demande","HLM, Dakar, Sénégal","https://images.coinafrique.com/thumb_3340897_uploaded_image1_1631956928.jpg"
"1771242902-946","https://sn.coinafrique.com/categorie/vetements-enfants?page=8","Vêtements enfant","Prix sur demande","Ouakam, Dakar, Sénégal","https://images.coinafrique.com/thumb_3384909_uploaded_image1_1634171727.jpg"
"1771242902-947","https://sn.coinafrique.com/categorie/vetements-enfants?page=8","Short de friperie enfants","Prix sur demande","Colobane, Dakar, Sénégal","https://images.coinafrique.com/thumb_3365569_uploaded_image1_1633264344.jpg"
"1771242902-948","https://sn.coinafrique.com/categorie/vetements-enfants?page=8","Jeans de friperie enfants","Prix sur demande","Colobane, Dakar, Sénégal","https://images.coinafrique.com/thumb_3365568_uploaded_image1_1633264290.jpg"
"1771242902-949","https://sn.coinafrique.com/categorie/vetements-enfants?page=8","Jeans de friperie enfants","Prix sur demande","Colobane, Dakar, Sénégal","https://images.coinafrique.com/thumb_3365566_uploaded_image1_1633264236.jpg"
"1771242902-950","https://sn.coinafrique.com/categorie/vetements-enfants?page=8","Jeans de friperie enfants","Prix sur demande","Colobane, Dakar, Sénégal","https://images.coinafrique.com/thumb_3365564_uploaded_image1_1633264163.jpg"
"1771242902-951","https://sn.coinafrique.com/categorie/vetements-enfants?page=8","Short de friperie","Prix sur demande","Colobane, Dakar, Sénégal","https://images.coinafrique.com/thumb_3365562_uploaded_image1_1633264117.jpg"
"1771242902-952","https://sn.coinafrique.com/categorie/vetements-enfants?page=8","Caleçon enfant","Prix sur demande","Mermoz-Sacré Coeur, Dakar, Sénégal","https://images.coinafrique.com/thumb_3347857_uploaded_image1_1632316849.jpg"
"1771242902-953","https://sn.coinafrique.com/categorie/vetements-enfants?page=8","Tee-shirt enfant","4 000CFA","Tambacounda, Sénégal","https://images.coinafrique.com/thumb_3344999_uploaded_image1_1632183344.jpg"
"1771242902-954","https://sn.coinafrique.com/categorie/vetements-enfants?page=8","Ensemble pour bébé","Prix sur demande","Mermoz-Sacré Coeur, Dakar, Sénégal","https://images.coinafrique.com/thumb_3342098_uploaded_image1_1632007227.jpg"
"1771242902-955","https://sn.coinafrique.com/categorie/vetements-enfants?page=8","Vêtements enfant","4 000CFA","Mermoz-Sacré Coeur, Dakar, Sénégal","https://images.coinafrique.com/thumb_3339695_uploaded_image1_1631884032.jpg"
"1771242902-956","https://sn.coinafrique.com/categorie/vetements-enfants?page=8","Robe enfant","Prix sur demande","Dakar, Sénégal","https://images.coinafrique.com/thumb_3338087_uploaded_image1_1631803844.jpg"
"1771242902-957","https://sn.coinafrique.com/categorie/vetements-enfants?page=8","Pantalon enfant","5 000CFA","Mermoz-Sacré Coeur, Dakar, Sénégal","https://images.coinafrique.com/thumb_3334446_uploaded_image1_1631630022.jpg"
"1771242902-958","https://sn.coinafrique.com/categorie/vetements-enfants?page=8","Pantalon enfant","5 000CFA","Mermoz-Sacré Coeur, Dakar, Sénégal","https://images.coinafrique.com/thumb_3334439_uploaded_image1_1631629866.jpg"
"1771242902-959","https://sn.coinafrique.com/categorie/vetements-enfants?page=8","Vêtements enfants","Prix sur demande","Dakar, Sénégal","https://images.coinafrique.com/thumb_3330818_uploaded_image1_1631454754.jpg"
"1771242902-960","https://sn.coinafrique.com/categorie/vetements-enfants?page=8","Maillot enfant","Prix sur demande","Dakar, Sénégal","https://images.coinafrique.com/thumb_3323046_uploaded_image1_1631093504.jpg"
"1771242902-961","https://sn.coinafrique.com/categorie/vetements-enfants?page=8","Hijab  enfant","1 500CFA","Sicap Liberté, Dakar, Sénégal","https://images.coinafrique.com/thumb_3319762_uploaded_image1_1630942932.jpg"
"1771242902-962","https://sn.coinafrique.com/categorie/vetements-enfants?page=8","Ensemble garçon","15 000CFA","Dakar, Sénégal","https://images.coinafrique.com/thumb_3312390_uploaded_image1_1630601676.jpg"
"1771242902-963","https://sn.coinafrique.com/categorie/vetements-enfants?page=8","Ensemble garçon","10 000CFA","Dakar, Sénégal","https://images.coinafrique.com/thumb_3312388_uploaded_image1_1630601614.jpg"
"1771242902-964","https://sn.coinafrique.com/categorie/vetements-enfants?page=8","Ensemble   garçon","15 000CFA","Dakar, Sénégal","https://images.coinafrique.com/thumb_3312381_uploaded_image1_1630601429.jpg"
"1771242902-965","https://sn.coinafrique.com/categorie/vetements-enfants?page=8","Ensemble costume garçon","22 500CFA","Dakar, Sénégal","https://images.coinafrique.com/thumb_3312379_uploaded_image1_1630601374.jpg"
"1771242902-966","https://sn.coinafrique.com/categorie/vetements-enfants?page=8","Robes","6 000CFA","Grand Yoff, Dakar, Sénégal","https://images.coinafrique.com/thumb_3309778_uploaded_image1_1630514175.jpg"
"1771242902-967","https://sn.coinafrique.com/categorie/vetements-enfants?page=8","Robe enfant","3 000CFA","Sicap Liberté, Dakar, Sénégal","https://images.coinafrique.com/thumb_3308950_uploaded_image1_1630499428.jpg"
"1771242902-968","https://sn.coinafrique.com/categorie/vetements-enfants?page=8","Vêtements enfant","Prix sur demande","Dakar, Sénégal","https://images.coinafrique.com/thumb_3306671_uploaded_image1_1630416750.jpg"
"1771242902-969","https://sn.coinafrique.com/categorie/vetements-enfants?page=8","Chemises Pimkie","2 500CFA","Colobane, Dakar, Sénégal","https://images.coinafrique.com/thumb_3303661_uploaded_image1_1630249960.jpg"
"1771242902-970","https://sn.coinafrique.com/categorie/vetements-enfants?page=8","Caleçons pour enfants","Prix sur demande","Mermoz-Sacré Coeur, Dakar, Sénégal","https://images.coinafrique.com/thumb_3298165_uploaded_image1_1629920561.jpg"
"1771242902-971","https://sn.coinafrique.com/categorie/vetements-enfants?page=8","Robe wax enfant","12 000CFA","Ngor, Dakar, Sénégal","https://images.coinafrique.com/thumb_3292897_uploaded_image1_1629649247.jpg"
"1771242902-972","https://sn.coinafrique.com/categorie/vetements-enfants?page=8","Robe fille","6 000CFA","Dakar, Sénégal","https://images.coinafrique.com/thumb_3292529_uploaded_image1_1629627801.jpg"
"1771242902-973","https://sn.coinafrique.com/categorie/vetements-enfants?page=8","Robes fille","6 000CFA","Dakar, Sénégal","https://images.coinafrique.com/thumb_3292525_uploaded_image1_1629627694.jpg"
"1771242902-974","https://sn.coinafrique.com/categorie/vetements-enfants?page=8","Ensemble 3 pièces garçon","15 000CFA","Dakar, Sénégal","https://images.coinafrique.com/thumb_3288163_uploaded_image1_1629374065.jpg"
"1771242902-975","https://sn.coinafrique.com/categorie/vetements-enfants?page=8","Ensemble 3 pièces garçons","15 000CFA","Dakar, Sénégal","https://images.coinafrique.com/thumb_3288161_uploaded_image1_1629373998.jpg"
"1771242902-976","https://sn.coinafrique.com/categorie/vetements-enfants?page=8","Vêtements enfant","Prix sur demande","Parcelle Assainies, Dakar, Sénégal","https://images.coinafrique.com/thumb_3284080_uploaded_image1_1629189917.jpg"
"1771242902-977","https://sn.coinafrique.com/categorie/vetements-enfants?page=8","Vêtements friperies enfants","Prix sur demande","Hann Bel-Air, Dakar, Sénégal","https://images.coinafrique.com/thumb_3269998_uploaded_image1_1628452686.jpg"
"1771242902-978","https://sn.coinafrique.com/categorie/vetements-enfants?page=8","Ensemble combinaison enfant 2 pièces","7 000CFA","Grand Yoff, Dakar, Sénégal","https://images.coinafrique.com/thumb_3268417_uploaded_image1_1628359055.jpg"
"1771242902-979","https://sn.coinafrique.com/categorie/vetements-enfants?page=8","Robes enfant","4 000CFA","HLM, Dakar, Sénégal","https://images.coinafrique.com/thumb_3266560_uploaded_image1_1628269772.jpg"
"1771242902-980","https://sn.coinafrique.com/categorie/vetements-enfants?page=8","Vêtements de friperie","Prix sur demande","Hann Bel-Air, Dakar, Sénégal","https://images.coinafrique.com/thumb_3252830_uploaded_image1_1627680137.jpg"
"1771242902-981","https://sn.coinafrique.com/categorie/vetements-enfants?page=8","Sous vêtements enfants","Prix sur demande","Keur Massar, Sénégal","https://images.coinafrique.com/thumb_3250923_uploaded_image1_1627575838.jpg"
"1771242902-982","https://sn.coinafrique.com/categorie/vetements-enfants?page=8","Robe enfant","12 000CFA","Ngor, Dakar, Sénégal","https://images.coinafrique.com/thumb_3246336_uploaded_image1_1627341068.jpg"
"1771242902-983","https://sn.coinafrique.com/categorie/vetements-enfants?page=8","Maillot de bain enfant","5 000CFA","Grand Yoff, Dakar, Sénégal","https://images.coinafrique.com/thumb_3243385_uploaded_image1_1627145773.jpg"
"1771242902-984","https://sn.coinafrique.com/categorie/vetements-enfants?page=8","Ensemble short fille","8 000CFA","Grand Yoff, Dakar, Sénégal","https://images.coinafrique.com/thumb_3243381_uploaded_image1_1627145505.jpg"
"1771242902-985","https://sn.coinafrique.com/categorie/vetements-enfants?page=8","Ensemble enfants","Prix sur demande","Mbao, Dakar, Sénégal","https://images.coinafrique.com/thumb_3225642_uploaded_image1_1626171489.jpg"
"1771242902-986","https://sn.coinafrique.com/categorie/vetements-enfants?page=8","Robe   enfant","Prix sur demande","HLM, Dakar, Sénégal","https://images.coinafrique.com/thumb_3223803_uploaded_image1_1626088912.jpg"
"1771242902-987","https://sn.coinafrique.com/categorie/vetements-enfants?page=8","Robe enfant","Prix sur demande","HLM, Dakar, Sénégal","https://images.coinafrique.com/thumb_3223798_uploaded_image1_1626088863.jpg"
"1771242902-988","https://sn.coinafrique.com/categorie/vetements-enfants?page=8","Robe enfant","Prix sur demande","HLM, Dakar, Sénégal","https://images.coinafrique.com/thumb_3223774_uploaded_image1_1626088433.jpg"
"1771242902-989","https://sn.coinafrique.com/categorie/vetements-enfants?page=8","Robe enfant","3 000CFA","Colobane, Dakar, Sénégal","https://images.coinafrique.com/thumb_3222211_uploaded_image1_1626008052.jpg"
"1771242902-990","https://sn.coinafrique.com/categorie/vetements-enfants?page=8","Ensemble enfant","Prix sur demande","HLM, Dakar, Sénégal","https://images.coinafrique.com/thumb_3221637_uploaded_image1_1625954553.jpg"
"1771242902-991","https://sn.coinafrique.com/categorie/vetements-enfants?page=8","Djellaba enfant","5 000CFA","Grand Yoff, Dakar, Sénégal","https://images.coinafrique.com/thumb_3201236_uploaded_image1_1625141023.jpg"
"1771242902-992","https://sn.coinafrique.com/categorie/vetements-enfants?page=8","Vêtement enfant","2 500CFA","Ziguinchor, Sénégal","https://images.coinafrique.com/thumb_3199217_uploaded_image1_1625065031.jpg"
"1771242902-993","https://sn.coinafrique.com/categorie/vetements-enfants?page=8","Boubou enfant","1 000CFA","Ziguinchor, Sénégal","https://images.coinafrique.com/thumb_3199201_uploaded_image1_1625064316.jpg"
"1771242902-994","https://sn.coinafrique.com/categorie/vetements-enfants?page=8","Sous-vêtement Enfant","Prix sur demande","Fass, Dakar, Sénégal","https://images.coinafrique.com/thumb_3198270_uploaded_image1_1625015464.jpg"
"1771242902-995","https://sn.coinafrique.com/categorie/vetements-enfants?page=8","Habits bébé","Prix sur demande","Mermoz-Sacré Coeur, Dakar, Sénégal","https://images.coinafrique.com/thumb_3192618_uploaded_image1_1624700331.jpg"
"1771242902-996","https://sn.coinafrique.com/categorie/vetements-enfants?page=8","Ensemble vêtements","Prix sur demande","Parcelle Assainies, Dakar, Sénégal","https://images.coinafrique.com/thumb_3186865_uploaded_image1_1624408771.jpg"
"1771242902-997","https://sn.coinafrique.com/categorie/vetements-enfants?page=8","Sous vêtement enfants","5 000CFA","Grand Yoff, Dakar, Sénégal","https://images.coinafrique.com/thumb_3186113_uploaded_image1_1624378022.jpg"
"1771242902-998","https://sn.coinafrique.com/categorie/vetements-enfants?page=8","T-shirt enfant","1 500CFA","Grand Yoff, Dakar, Sénégal","https://images.coinafrique.com/thumb_3186107_uploaded_image1_1624377710.jpg"
"1771242902-999","https://sn.coinafrique.com/categorie/vetements-enfants?page=8","Robe pour fillette","12 000CFA","Parcelle Assainies, Dakar, Sénégal","https://images.coinafrique.com/thumb_3178371_uploaded_image1_1623973004.jpg"
"1771242902-1000","https://sn.coinafrique.com/categorie/vetements-enfants?page=8","Robes enfant","Prix sur demande","Dakar, Sénégal","https://images.coinafrique.com/thumb_3176544_uploaded_image1_1623885930.jpg"
"1771242902-1001","https://sn.coinafrique.com/categorie/vetements-enfants?page=8","Jeans de friperie enfant","2 000CFA","Colobane, Dakar, Sénégal","https://images.coinafrique.com/thumb_3174226_uploaded_image1_1623782700.jpg"
"1771242902-1002","https://sn.coinafrique.com/categorie/vetements-enfants?page=8","Robe de friperie enfants","2 000CFA","Colobane, Dakar, Sénégal","https://images.coinafrique.com/thumb_3174224_uploaded_image1_1623782622.jpg"
"1771242902-1003","https://sn.coinafrique.com/categorie/vetements-enfants?page=8","Robes de friperie enfants","2 000CFA","Colobane, Dakar, Sénégal","https://images.coinafrique.com/thumb_3174220_uploaded_image1_1623782572.jpg"
"1771242902-1004","https://sn.coinafrique.com/categorie/vetements-enfants?page=8","Robe de friperie enfants","2 000CFA","Colobane, Dakar, Sénégal","https://images.coinafrique.com/thumb_3174219_uploaded_image1_1623782525.jpg"
"1771242902-1005","https://sn.coinafrique.com/categorie/vetements-enfants?page=8","Ensemble enfants","3 000CFA","Colobane, Dakar, Sénégal","https://images.coinafrique.com/thumb_3174216_uploaded_image1_1623782453.jpg"
"1771242902-1006","https://sn.coinafrique.com/categorie/vetements-enfants?page=8","Robe de friperie - enfants","2 000CFA","Colobane, Dakar, Sénégal","https://images.coinafrique.com/thumb_3174214_uploaded_image1_1623782405.jpg"
"1771242902-1007","https://sn.coinafrique.com/categorie/vetements-enfants?page=8","Ensemble enfants","3 000CFA","Colobane, Dakar, Sénégal","https://images.coinafrique.com/thumb_3174209_uploaded_image1_1623782334.jpg"
"1771242902-1008","https://sn.coinafrique.com/categorie/vetements-enfants?page=8","Jeans friperie enfants","2 000CFA","Colobane, Dakar, Sénégal","https://images.coinafrique.com/thumb_3174207_uploaded_image1_1623782291.jpg"
"1771242910-1009","https://sn.coinafrique.com/categorie/vetements-enfants?page=7","Maillot Sénégal enfants","10 000CFA","Dieuppeul-Derklé, Dakar, Sénégal","https://images.coinafrique.com/thumb_3637250_uploaded_image1_1649076487.jpg"
"1771242910-1010","https://sn.coinafrique.com/categorie/vetements-enfants?page=7","Vêtement enfant","Prix sur demande","HLM, Dakar, Sénégal","https://images.coinafrique.com/thumb_3600844_uploaded_image1_1646833560.jpg"
"1771242910-1011","https://sn.coinafrique.com/categorie/vetements-enfants?page=7","Maillots sénégal enfants","10 000CFA","Dakar Plateau, Dakar, Sénégal","https://images.coinafrique.com/thumb_3633429_uploaded_image1_1648859214.jpg"
"1771242910-1012","https://sn.coinafrique.com/categorie/vetements-enfants?page=7","Robe enfant","5 000CFA","Ouakam, Dakar, Sénégal","https://images.coinafrique.com/thumb_3628406_uploaded_image1_1648592474.jpg"
"1771242910-1013","https://sn.coinafrique.com/categorie/vetements-enfants?page=7","Robes enfants","Prix sur demande","Saint Louis, Sénégal","https://images.coinafrique.com/thumb_3625258_uploaded_image3_1648390340.jpeg"
"1771242910-1014","https://sn.coinafrique.com/categorie/vetements-enfants?page=7","Tenue mardi gras","Prix sur demande","Thies, Sénégal","https://images.coinafrique.com/thumb_3582393_uploaded_image1_1645792127.jpg"
"1771242910-1015","https://sn.coinafrique.com/categorie/vetements-enfants?page=7","Tenue mardi gras","Prix sur demande","Thies, Sénégal","https://images.coinafrique.com/thumb_3582375_uploaded_image1_1645791582.jpg"
"1771242910-1016","https://sn.coinafrique.com/categorie/vetements-enfants?page=7","Caleçons homme","4 000CFA","Guediawaye, Dakar, Sénégal","https://images.coinafrique.com/thumb_3620389_uploaded_image3_1648043635.jpeg"
"1771242910-1017","https://sn.coinafrique.com/categorie/vetements-enfants?page=7","Maillots de football enfant","5 000CFA","Colobane, Dakar, Sénégal","https://images.coinafrique.com/thumb_3616215_uploaded_image1_1647769308.jpg"
"1771242910-1018","https://sn.coinafrique.com/categorie/vetements-enfants?page=7","Ensemble enfant","10 000CFA","Dakar, Sénégal","https://images.coinafrique.com/thumb_3613858_uploaded_image2_1647597426.jpeg"
"1771242910-1019","https://sn.coinafrique.com/categorie/vetements-enfants?page=7","Vêtement enfant","1 000CFA","Sicap Liberté, Dakar, Sénégal","https://images.coinafrique.com/thumb_3608114_uploaded_image2_1647271341.jpeg"
"1771242910-1020","https://sn.coinafrique.com/categorie/vetements-enfants?page=7","Vêtements bébé","Prix sur demande","Mermoz-Sacré Coeur, Dakar, Sénégal","https://images.coinafrique.com/thumb_3606160_uploaded_image1_1647123480.jpg"
"1771242910-1021","https://sn.coinafrique.com/categorie/vetements-enfants?page=7","Ensemble enfant","10 000CFA","Parcelle Assainies, Dakar, Sénégal","https://images.coinafrique.com/thumb_3604777_uploaded_image1_1647030491.jpg"
"1771242910-1022","https://sn.coinafrique.com/categorie/vetements-enfants?page=7","Peignoir personnalisé enfant","12 000CFA","Medina, Dakar, Sénégal","https://images.coinafrique.com/thumb_3563684_uploaded_image1_1644584292.jpg"
"1771242910-1023","https://sn.coinafrique.com/categorie/vetements-enfants?page=7","Habits enfants","8 000CFA","Dieuppeul-Derklé, Dakar, Sénégal","https://images.coinafrique.com/thumb_3601827_uploaded_image1_1646873978.jpg"
"1771242910-1024","https://sn.coinafrique.com/categorie/vetements-enfants?page=7","Vêtement enfant","1 500CFA","Colobane, Dakar, Sénégal","https://images.coinafrique.com/thumb_3600538_uploaded_image1_1646825050.jpg"
"1771242910-1025","https://sn.coinafrique.com/categorie/vetements-enfants?page=7","Vêtement enfant","2 000CFA","Colobane, Dakar, Sénégal","https://images.coinafrique.com/thumb_3600535_uploaded_image2_1646824967.jpeg"
"1771242910-1026","https://sn.coinafrique.com/categorie/vetements-enfants?page=7","Vêtements enfants","2 000CFA","Colobane, Dakar, Sénégal","https://images.coinafrique.com/thumb_3600530_uploaded_image2_1646824909.jpeg"
"1771242910-1027","https://sn.coinafrique.com/categorie/vetements-enfants?page=7","Vêtements enfants","Prix sur demande","Colobane, Dakar, Sénégal","https://images.coinafrique.com/thumb_3600527_uploaded_image1_1646824864.jpg"
"1771242910-1028","https://sn.coinafrique.com/categorie/vetements-enfants?page=7","Friperie enfants","Prix sur demande","Colobane, Dakar, Sénégal","https://images.coinafrique.com/thumb_3600524_uploaded_image1_1646824802.jpg"
"1771242910-1029","https://sn.coinafrique.com/categorie/vetements-enfants?page=7","Vêtements bébé","1 500CFA","Yoff, Dakar, Sénégal","https://images.coinafrique.com/thumb_3599090_uploaded_image1_1646743024.jpg"
"1771242910-1030","https://sn.coinafrique.com/categorie/vetements-enfants?page=7","Pantalon Zara enfant","5 000CFA","Dakar, Sénégal","https://images.coinafrique.com/thumb_3598377_uploaded_image1_1646692365.jpg"
"1771242910-1031","https://sn.coinafrique.com/categorie/vetements-enfants?page=7","Ensemble Veste enfant","15 000CFA","Dakar, Sénégal","https://images.coinafrique.com/thumb_3594235_uploaded_image1_1646433088.jpg"
"1771242910-1032","https://sn.coinafrique.com/categorie/vetements-enfants?page=7","Vêtement bébé","10 000CFA","Keur Massar, Sénégal","https://images.coinafrique.com/thumb_3588188_uploaded_image1_1646153533.jpg"
"1771242910-1033","https://sn.coinafrique.com/categorie/vetements-enfants?page=7","Vêtement bébé","10 000CFA","Keur Massar, Sénégal","https://images.coinafrique.com/thumb_3588178_uploaded_image1_1646153368.jpg"
"1771242910-1034","https://sn.coinafrique.com/categorie/vetements-enfants?page=7","Maillot enfant","8 000CFA","Dieuppeul-Derklé, Dakar, Sénégal","https://images.coinafrique.com/thumb_3585164_uploaded_image1_1645997873.jpg"
"1771242910-1035","https://sn.coinafrique.com/categorie/vetements-enfants?page=7","Peignoirs enfants","12 000CFA","Dakar Plateau, Dakar, Sénégal","https://images.coinafrique.com/thumb_3584341_uploaded_image1_1645920047.jpg"
"1771242910-1036","https://sn.coinafrique.com/categorie/vetements-enfants?page=7","Ensemble tenu mardi Gras","20 000CFA","Dieuppeul-Derklé, Dakar, Sénégal","https://images.coinafrique.com/thumb_3582459_uploaded_image1_1645794121.jpg"
"1771242910-1037","https://sn.coinafrique.com/categorie/vetements-enfants?page=7","Vêtement bébé","4 500CFA","Dakar Plateau, Dakar, Sénégal","https://images.coinafrique.com/thumb_3568689_uploaded_image1_1644934911.jpg"
"1771242910-1038","https://sn.coinafrique.com/categorie/vetements-enfants?page=7","Maillot football enfants - Sénégal","8 000CFA","Dieuppeul-Derklé, Dakar, Sénégal","https://images.coinafrique.com/thumb_3566348_uploaded_image3_1644775694.jpeg"
"1771242910-1039","https://sn.coinafrique.com/categorie/vetements-enfants?page=7","Abaya","15 000CFA","Dakar, Sénégal","https://images.coinafrique.com/thumb_3560017_uploaded_image1_1644370671.jpg"
"1771242910-1040","https://sn.coinafrique.com/categorie/vetements-enfants?page=7","Sous vêtements enfant","Prix sur demande","Mermoz-Sacré Coeur, Dakar, Sénégal","https://images.coinafrique.com/thumb_3552570_uploaded_image1_1643898522.jpg"
"1771242910-1041","https://sn.coinafrique.com/categorie/vetements-enfants?page=7","Vêtements enfant  3-6 mois","12 500CFA","Mermoz-Sacré Coeur, Dakar, Sénégal","https://images.coinafrique.com/thumb_3550527_uploaded_image1_1643810579.jpg"
"1771242910-1042","https://sn.coinafrique.com/categorie/vetements-enfants?page=7","Vêtement enfant","9 900CFA","Mermoz-Sacré Coeur, Dakar, Sénégal","https://images.coinafrique.com/thumb_3550501_uploaded_image1_1643809792.jpg"
"1771242910-1043","https://sn.coinafrique.com/categorie/vetements-enfants?page=7","Ensemble pour bébé","18 000CFA","Keur Massar, Sénégal","https://images.coinafrique.com/thumb_3550411_uploaded_image3_1643807273.jpeg"
"1771242910-1044","https://sn.coinafrique.com/categorie/vetements-enfants?page=7","Ensemble fillette","8 500CFA","Guediawaye, Dakar, Sénégal","https://images.coinafrique.com/thumb_3549965_uploaded_image1_1643796780.jpg"
"1771242910-1045","https://sn.coinafrique.com/categorie/vetements-enfants?page=7","Vêtement enfant","12 000CFA","Guediawaye, Dakar, Sénégal","https://images.coinafrique.com/thumb_3549957_uploaded_image1_1643796504.jpg"
"1771242910-1046","https://sn.coinafrique.com/categorie/vetements-enfants?page=7","Vêtement Mardi-gras","20 000CFA","Dakar, Sénégal","https://images.coinafrique.com/thumb_3547360_uploaded_image1_1643703487.jpg"
"1771242910-1047","https://sn.coinafrique.com/categorie/vetements-enfants?page=7","Manteau fille","10 000CFA","Dakar, Sénégal","https://images.coinafrique.com/thumb_3546701_uploaded_image1_1643659342.jpg"
"1771242910-1048","https://sn.coinafrique.com/categorie/vetements-enfants?page=7","Pull bébé","6 000CFA","Dakar, Sénégal","https://images.coinafrique.com/thumb_3546662_uploaded_image1_1643656828.jpg"
"1771242910-1049","https://sn.coinafrique.com/categorie/vetements-enfants?page=7","Robe bébé crochet","10 000CFA","Dakar, Sénégal","https://images.coinafrique.com/thumb_3546633_uploaded_image1_1643655713.jpg"
"1771242910-1050","https://sn.coinafrique.com/categorie/vetements-enfants?page=7","Blouson enfant","7 000CFA","Dakar Plateau, Dakar, Sénégal","https://images.coinafrique.com/thumb_3538747_uploaded_image1_1643124842.jpg"
"1771242910-1051","https://sn.coinafrique.com/categorie/vetements-enfants?page=7","Ensemble enfant","Prix sur demande","Colobane, Dakar, Sénégal","https://images.coinafrique.com/thumb_3536216_uploaded_image1_1642943146.jpg"
"1771242910-1052","https://sn.coinafrique.com/categorie/vetements-enfants?page=7","Robe","25 000CFA","Patte d'oie, Dakar, Sénégal","https://images.coinafrique.com/thumb_3534704_uploaded_image1_1642807674.jpg"
"1771242910-1053","https://sn.coinafrique.com/categorie/vetements-enfants?page=7","Robe enfant","25 000CFA","Patte d'oie, Dakar, Sénégal","https://images.coinafrique.com/thumb_3534701_uploaded_image1_1642807591.jpg"
"1771242910-1054","https://sn.coinafrique.com/categorie/vetements-enfants?page=7","Robe","25 000CFA","Patte d'oie, Dakar, Sénégal","https://images.coinafrique.com/thumb_3534698_uploaded_image1_1642807515.jpg"
"1771242910-1055","https://sn.coinafrique.com/categorie/vetements-enfants?page=7","Ensemble enfant","Prix sur demande","Colobane, Dakar, Sénégal","https://images.coinafrique.com/thumb_3527123_uploaded_image1_1642357733.jpg"
"1771242910-1056","https://sn.coinafrique.com/categorie/vetements-enfants?page=7","Pantalon enfant","Prix sur demande","Colobane, Dakar, Sénégal","https://images.coinafrique.com/thumb_3527122_uploaded_image1_1642357621.jpg"
"1771242910-1057","https://sn.coinafrique.com/categorie/vetements-enfants?page=7","Ensemble enfant","Prix sur demande","Colobane, Dakar, Sénégal","https://images.coinafrique.com/thumb_3527120_uploaded_image1_1642357377.jpg"
"1771242910-1058","https://sn.coinafrique.com/categorie/vetements-enfants?page=7","Boxer fille","8 000CFA","Parcelle Assainies, Dakar, Sénégal","https://images.coinafrique.com/thumb_3516974_uploaded_image1_1641760222.jpg"
"1771242910-1059","https://sn.coinafrique.com/categorie/vetements-enfants?page=7","Caleçons boxers enfants","8 000CFA","Parcelle Assainies, Dakar, Sénégal","https://images.coinafrique.com/thumb_3516897_uploaded_image1_1641755817.jpg"
"1771242910-1060","https://sn.coinafrique.com/categorie/vetements-enfants?page=7","Tenue fillette","8 500CFA","Guediawaye, Dakar, Sénégal","https://images.coinafrique.com/thumb_3516300_uploaded_image1_1641719011.jpg"
"1771242910-1061","https://sn.coinafrique.com/categorie/vetements-enfants?page=7","Ensemble garçon","13 500CFA","Guediawaye, Dakar, Sénégal","https://images.coinafrique.com/thumb_3513877_uploaded_image1_1641564259.jpg"
"1771242910-1062","https://sn.coinafrique.com/categorie/vetements-enfants?page=7","Vêtement bébé","5 000CFA","Guediawaye, Dakar, Sénégal","https://images.coinafrique.com/thumb_3512035_uploaded_image1_1641478303.jpg"
"1771242910-1063","https://sn.coinafrique.com/categorie/vetements-enfants?page=7","Pull friperie enfant","Prix sur demande","Colobane, Dakar, Sénégal","https://images.coinafrique.com/thumb_3502826_uploaded_image1_1640879287.jpg"
"1771242910-1064","https://sn.coinafrique.com/categorie/vetements-enfants?page=7","Ensemble friperie enfant","Prix sur demande","Colobane, Dakar, Sénégal","https://images.coinafrique.com/thumb_3502825_uploaded_image1_1640879211.jpg"
"1771242910-1065","https://sn.coinafrique.com/categorie/vetements-enfants?page=7","Robe princesse","25 000CFA","Patte d'oie, Dakar, Sénégal","https://images.coinafrique.com/thumb_3495993_uploaded_image1_1640295236.jpg"
"1771242910-1066","https://sn.coinafrique.com/categorie/vetements-enfants?page=7","Jeans enfants","6 000CFA","Patte d'oie, Dakar, Sénégal","https://images.coinafrique.com/thumb_3495990_uploaded_image1_1640295017.jpg"
"1771242910-1067","https://sn.coinafrique.com/categorie/vetements-enfants?page=7","Collant enfant","2 000CFA","Sicap Liberté, Dakar, Sénégal","https://images.coinafrique.com/thumb_3492922_uploaded_image1_1640098024.jpg"
"1771242910-1068","https://sn.coinafrique.com/categorie/vetements-enfants?page=7","Vêtements enfant","1 000CFA","Mermoz-Sacré Coeur, Dakar, Sénégal","https://images.coinafrique.com/thumb_3491313_uploaded_image1_1639999946.jpg"
"1771242910-1069","https://sn.coinafrique.com/categorie/vetements-enfants?page=7","Vêtements garçon 0-24 mois","2 500CFA","Mermoz-Sacré Coeur, Dakar, Sénégal","https://images.coinafrique.com/thumb_3491173_uploaded_image1_1639994016.jpg"
"1771242910-1070","https://sn.coinafrique.com/categorie/vetements-enfants?page=7","Vêtement friperie bébé","20 000CFA","Patte d'oie, Dakar, Sénégal","https://images.coinafrique.com/thumb_3491052_uploaded_image1_1639984599.jpg"
"1771242910-1071","https://sn.coinafrique.com/categorie/vetements-enfants?page=7","Ensembles enfant","4 000CFA","HLM, Dakar, Sénégal","https://images.coinafrique.com/thumb_3490179_uploaded_image2_1639899300.jpeg"
"1771242910-1072","https://sn.coinafrique.com/categorie/vetements-enfants?page=7","Collants enfant - 0 à 24 mois","2 000CFA","Grand Yoff, Dakar, Sénégal","https://images.coinafrique.com/thumb_3488219_uploaded_image1_1639747204.jpg"
"1771242910-1073","https://sn.coinafrique.com/categorie/vetements-enfants?page=7","Ensemble  enfant","6 000CFA","HLM, Dakar, Sénégal","https://images.coinafrique.com/thumb_3487929_uploaded_image1_1639736157.jpg"
"1771242910-1074","https://sn.coinafrique.com/categorie/vetements-enfants?page=7","Vêtement enfant","5 000CFA","Grand Yoff, Dakar, Sénégal","https://images.coinafrique.com/thumb_3483054_uploaded_image1_1639471866.jpg"
"1771242910-1075","https://sn.coinafrique.com/categorie/vetements-enfants?page=7","Robe fille","5 000CFA","Grand Yoff, Dakar, Sénégal","https://images.coinafrique.com/thumb_3480133_uploaded_image1_1639253211.jpg"
"1771242910-1076","https://sn.coinafrique.com/categorie/vetements-enfants?page=7","Vêtements enfants","Prix sur demande","Mermoz-Sacré Coeur, Dakar, Sénégal","https://images.coinafrique.com/thumb_3475710_uploaded_image1_1639000859.jpg"
"1771242910-1077","https://sn.coinafrique.com/categorie/vetements-enfants?page=7","Vêtements enfants","15 000CFA","Mermoz-Sacré Coeur, Dakar, Sénégal","https://images.coinafrique.com/thumb_3472103_uploaded_image1_1638829619.jpg"
"1771242910-1078","https://sn.coinafrique.com/categorie/vetements-enfants?page=7","Ensemble enfants","25 000CFA","Guediawaye, Dakar, Sénégal","https://images.coinafrique.com/thumb_3470013_uploaded_image1_1638728238.jpg"
"1771242910-1079","https://sn.coinafrique.com/categorie/vetements-enfants?page=7","Pull capuche enfants","Prix sur demande","Colobane, Dakar, Sénégal","https://images.coinafrique.com/thumb_3468416_uploaded_image1_1638627351.jpg"
"1771242910-1080","https://sn.coinafrique.com/categorie/vetements-enfants?page=7","Vêtement enfants friperie","Prix sur demande","Colobane, Dakar, Sénégal","https://images.coinafrique.com/thumb_3468413_uploaded_image1_1638627289.jpg"
"1771242910-1081","https://sn.coinafrique.com/categorie/vetements-enfants?page=7","Pull capuche enfants friperie","Prix sur demande","Colobane, Dakar, Sénégal","https://images.coinafrique.com/thumb_3468409_uploaded_image1_1638627241.jpg"
"1771242910-1082","https://sn.coinafrique.com/categorie/vetements-enfants?page=7","Robe fille","25 000CFA","Dakar, Sénégal","https://images.coinafrique.com/thumb_3467169_uploaded_image1_1638560609.jpg"
"1771242910-1083","https://sn.coinafrique.com/categorie/vetements-enfants?page=7","Robe de cérémonie","25 000CFA","Patte d'oie, Dakar, Sénégal","https://images.coinafrique.com/thumb_3462842_uploaded_image1_1638387220.jpg"
"1771242910-1084","https://sn.coinafrique.com/categorie/vetements-enfants?page=7","Slip  enfant","7 000CFA","Dakar, Sénégal","https://images.coinafrique.com/thumb_3462374_uploaded_image3_1638371268.jpeg"
"1771242910-1085","https://sn.coinafrique.com/categorie/vetements-enfants?page=7","Pantalon enfant","Prix sur demande","Mermoz-Sacré Coeur, Dakar, Sénégal","https://images.coinafrique.com/thumb_3460818_uploaded_image1_1638313368.jpg"
"1771242910-1086","https://sn.coinafrique.com/categorie/vetements-enfants?page=7","Vêtements enfants","Prix sur demande","Mermoz-Sacré Coeur, Dakar, Sénégal","https://images.coinafrique.com/thumb_3460815_uploaded_image1_1638313292.jpg"
"1771242910-1087","https://sn.coinafrique.com/categorie/vetements-enfants?page=7","Vêtement enfant","Prix sur demande","HLM, Dakar, Sénégal","https://images.coinafrique.com/thumb_3460197_uploaded_image1_1638285384.jpg"
"1771242910-1088","https://sn.coinafrique.com/categorie/vetements-enfants?page=7","Vêtements enfants","Prix sur demande","Medina, Dakar, Sénégal","https://images.coinafrique.com/thumb_3453271_uploaded_image1_1637794848.jpg"
"1771242910-1089","https://sn.coinafrique.com/categorie/vetements-enfants?page=7","Vêtement friperie enfant","Prix sur demande","Colobane, Dakar, Sénégal","https://images.coinafrique.com/thumb_3447441_uploaded_image2_1637437933.jpeg"
"1771242910-1090","https://sn.coinafrique.com/categorie/vetements-enfants?page=7","Culotte friperie enfants","Prix sur demande","Colobane, Dakar, Sénégal","https://images.coinafrique.com/thumb_3447436_uploaded_image1_1637437824.jpg"
"1771242910-1091","https://sn.coinafrique.com/categorie/vetements-enfants?page=7","Bonnet bébé","1 000CFA","HLM, Dakar, Sénégal","https://images.coinafrique.com/thumb_3446293_uploaded_image1_1637361506.jpg"
"1771242910-1092","https://sn.coinafrique.com/categorie/vetements-enfants?page=7","Vêtement enfant","Prix sur demande","HLM, Dakar, Sénégal","https://images.coinafrique.com/thumb_3438481_uploaded_image1_1636971503.jpg"
"1771242917-1093","https://sn.coinafrique.com/categorie/vetements-enfants?page=6","Robes enfant","12 000CFA","Dakar, Sénégal","https://images.coinafrique.com/thumb_3753641_uploaded_image1_1655912626.jpg"
"1771242917-1094","https://sn.coinafrique.com/categorie/vetements-enfants?page=6","Ensemble bébé","4 000CFA","HLM, Dakar, Sénégal","https://images.coinafrique.com/thumb_3768719_uploaded_image1_1656779104.jpg"
"1771242917-1095","https://sn.coinafrique.com/categorie/vetements-enfants?page=6","Vêtement enfant","Prix sur demande","Mermoz-Sacré Coeur, Dakar, Sénégal","https://images.coinafrique.com/thumb_3786149_uploaded_image1_1657906956.jpg"
"1771242917-1096","https://sn.coinafrique.com/categorie/vetements-enfants?page=6","Peignoirs enfants","8 000CFA","Dakar Plateau, Dakar, Sénégal","https://images.coinafrique.com/thumb_3781038_uploaded_image1_1657571200.jpg"
"1771242917-1097","https://sn.coinafrique.com/categorie/vetements-enfants?page=6","Robes enfants","Prix sur demande","Mermoz-Sacré Coeur, Dakar, Sénégal","https://images.coinafrique.com/thumb_3778481_uploaded_image1_1657328456.jpg"
"1771242917-1098","https://sn.coinafrique.com/categorie/vetements-enfants?page=6","Ensemble peignoir pour enfants","10 000CFA","Dakar, Sénégal","https://images.coinafrique.com/thumb_3735826_uploaded_image1_1654860349.jpg"
"1771242917-1099","https://sn.coinafrique.com/categorie/vetements-enfants?page=6","Vêtements bébé","6 000CFA","HLM, Dakar, Sénégal","https://images.coinafrique.com/thumb_3768713_uploaded_image1_1656778816.jpg"
"1771242917-1100","https://sn.coinafrique.com/categorie/vetements-enfants?page=6","Robe enfant","Prix sur demande","Keur Massar, Sénégal","https://images.coinafrique.com/thumb_3761395_uploaded_image3_1656377774.jpeg"
"1771242917-1101","https://sn.coinafrique.com/categorie/vetements-enfants?page=6","Robe enfant","Prix sur demande","Keur Massar, Sénégal","https://images.coinafrique.com/thumb_3761389_uploaded_image2_1656377165.jpeg"
"1771242917-1102","https://sn.coinafrique.com/categorie/vetements-enfants?page=6","Vêtements enfant","5 000CFA","Dakar, Sénégal","https://images.coinafrique.com/thumb_3718353_uploaded_image1_1653956742.jpg"
"1771242917-1103","https://sn.coinafrique.com/categorie/vetements-enfants?page=6","Robes enfants","15 000CFA","Biscuiterie, Dakar, Sénégal","https://images.coinafrique.com/thumb_3758410_uploaded_image1_1656180793.jpg"
"1771242917-1104","https://sn.coinafrique.com/categorie/vetements-enfants?page=6","Sous vêtements bébé","1 500CFA","Dakar, Sénégal","https://images.coinafrique.com/thumb_3715721_uploaded_image1_1653759789.jpg"
"1771242917-1105","https://sn.coinafrique.com/categorie/vetements-enfants?page=6","Ensemble enfants","3 500CFA","Dakar, Sénégal","https://images.coinafrique.com/thumb_3715720_uploaded_image1_1653759706.jpg"
"1771242917-1106","https://sn.coinafrique.com/categorie/vetements-enfants?page=6","Chemise Elhadji enfant","Prix sur demande","Dakar, Sénégal","https://images.coinafrique.com/thumb_3754830_uploaded_image2_1655979401.jpeg"
"1771242917-1107","https://sn.coinafrique.com/categorie/vetements-enfants?page=6","Robe enfant","Prix sur demande","Ouakam, Dakar, Sénégal","https://images.coinafrique.com/thumb_3752169_uploaded_image1_1655824879.jpg"
"1771242917-1108","https://sn.coinafrique.com/categorie/vetements-enfants?page=6","Robe enfant","Prix sur demande","Ouakam, Dakar, Sénégal","https://images.coinafrique.com/thumb_3752164_uploaded_image1_1655824806.jpg"
"1771242917-1109","https://sn.coinafrique.com/categorie/vetements-enfants?page=6","Robe broderie enfant","Prix sur demande","Ouakam, Dakar, Sénégal","https://images.coinafrique.com/thumb_3752161_uploaded_image1_1655824706.jpg"
"1771242917-1110","https://sn.coinafrique.com/categorie/vetements-enfants?page=6","Boubou tabaski fil a fil Getzner","8 000CFA","Ouakam, Dakar, Sénégal","https://images.coinafrique.com/thumb_3748327_uploaded_image1_1655569010.jpg"
"1771242917-1111","https://sn.coinafrique.com/categorie/vetements-enfants?page=6","Boubou enfants  0 à 5ans","8 000CFA","Ouakam, Dakar, Sénégal","https://images.coinafrique.com/thumb_3748323_uploaded_image1_1655568941.jpg"
"1771242917-1112","https://sn.coinafrique.com/categorie/vetements-enfants?page=6","Grenouillère","4 000CFA","HLM, Dakar, Sénégal","https://images.coinafrique.com/thumb_3696815_uploaded_image1_1652610668.jpg"
"1771242917-1113","https://sn.coinafrique.com/categorie/vetements-enfants?page=6","Habits bébé","5 000CFA","HLM, Dakar, Sénégal","https://images.coinafrique.com/thumb_3696811_uploaded_image1_1652610569.jpg"
"1771242917-1114","https://sn.coinafrique.com/categorie/vetements-enfants?page=6","Ensemble jupe + taille basse","13 000CFA","Ouakam, Dakar, Sénégal","https://images.coinafrique.com/thumb_3737365_uploaded_image1_1654951147.jpg"
"1771242917-1115","https://sn.coinafrique.com/categorie/vetements-enfants?page=6","Ensemble femme","13 000CFA","Ouakam, Dakar, Sénégal","https://images.coinafrique.com/thumb_3737301_uploaded_image1_1654947992.jpg"
"1771242917-1116","https://sn.coinafrique.com/categorie/vetements-enfants?page=6","Boubou Magnum Gold enfant","15 000CFA","Ouakam, Dakar, Sénégal","https://images.coinafrique.com/thumb_3737294_uploaded_image1_1654947755.jpg"
"1771242917-1117","https://sn.coinafrique.com/categorie/vetements-enfants?page=6","Friperie enfants","Prix sur demande","Colobane, Dakar, Sénégal","https://images.coinafrique.com/thumb_3733511_uploaded_image1_1654724106.jpg"
"1771242917-1118","https://sn.coinafrique.com/categorie/vetements-enfants?page=6","Vêtement enfants","Prix sur demande","Mermoz-Sacré Coeur, Dakar, Sénégal","https://images.coinafrique.com/thumb_3729543_uploaded_image1_1654534141.jpg"
"1771242917-1119","https://sn.coinafrique.com/categorie/vetements-enfants?page=6","Vêtements bébé","6 000CFA","Keur Massar, Sénégal","https://images.coinafrique.com/thumb_3729345_uploaded_image3_1654526905.jpeg"
"1771242917-1120","https://sn.coinafrique.com/categorie/vetements-enfants?page=6","Pantalon enfant","6 000CFA","Dakar, Sénégal","https://images.coinafrique.com/thumb_3673213_uploaded_image1_1651156015.jpg"
"1771242917-1121","https://sn.coinafrique.com/categorie/vetements-enfants?page=6","Pantalon enfant","6 000CFA","Dakar, Sénégal","https://images.coinafrique.com/thumb_3673212_uploaded_image1_1651155978.jpg"
"1771242917-1122","https://sn.coinafrique.com/categorie/vetements-enfants?page=6","Pantalon enfant","6 000CFA","Dakar, Sénégal","https://images.coinafrique.com/thumb_3673203_uploaded_image1_1651155807.jpg"
"1771242917-1123","https://sn.coinafrique.com/categorie/vetements-enfants?page=6","Pantalon enfant","6 000CFA","Dakar, Sénégal","https://images.coinafrique.com/thumb_3673206_uploaded_image1_1651155861.jpg"
"1771242917-1124","https://sn.coinafrique.com/categorie/vetements-enfants?page=6","Pantalon enfant","6 000CFA","Dakar, Sénégal","https://images.coinafrique.com/thumb_3673211_uploaded_image1_1651155934.jpg"
"1771242917-1125","https://sn.coinafrique.com/categorie/vetements-enfants?page=6","Caleçon enfant","2 000CFA","Colobane, Dakar, Sénégal","https://images.coinafrique.com/thumb_3712737_uploaded_image3_1653571946.jpeg"
"1771242917-1126","https://sn.coinafrique.com/categorie/vetements-enfants?page=6","Vêtements enfants","15 000CFA","Hann Bel-Air, Dakar, Sénégal","https://images.coinafrique.com/thumb_3672756_uploaded_image1_1651141428.jpg"
"1771242917-1127","https://sn.coinafrique.com/categorie/vetements-enfants?page=6","Robes de fête","Prix sur demande","Hann Bel-Air, Dakar, Sénégal","https://images.coinafrique.com/thumb_3672032_uploaded_image1_1651083312.jpg"
"1771242917-1128","https://sn.coinafrique.com/categorie/vetements-enfants?page=6","Pulls enfants","6 000CFA","Hann Bel-Air, Dakar, Sénégal","https://images.coinafrique.com/thumb_3671743_uploaded_image1_1651068678.jpg"
"1771242917-1129","https://sn.coinafrique.com/categorie/vetements-enfants?page=6","Ensemble enfants","2 500CFA","Dakar, Sénégal","https://images.coinafrique.com/thumb_3707988_uploaded_image1_1653309121.jpg"
"1771242917-1130","https://sn.coinafrique.com/categorie/vetements-enfants?page=6","Robes enfants","12 000CFA","HLM, Dakar, Sénégal","https://images.coinafrique.com/thumb_3704629_uploaded_image1_1653065510.jpg"
"1771242917-1131","https://sn.coinafrique.com/categorie/vetements-enfants?page=6","Robes enfants","12 000CFA","HLM, Dakar, Sénégal","https://images.coinafrique.com/thumb_3704614_uploaded_image1_1653065088.jpg"
"1771242917-1132","https://sn.coinafrique.com/categorie/vetements-enfants?page=6","Ensemble enfants","7 500CFA","Dakar, Sénégal","https://images.coinafrique.com/thumb_3662746_uploaded_image1_1650485578.jpg"
"1771242917-1133","https://sn.coinafrique.com/categorie/vetements-enfants?page=6","Robe enfant","4 000CFA","Guediawaye, Dakar, Sénégal","https://images.coinafrique.com/thumb_3688104_uploaded_image1_1652108689.jpg"
"1771242917-1134","https://sn.coinafrique.com/categorie/vetements-enfants?page=6","Ensemble bébé coton","4 000CFA","Rufisque, Sénégal","https://images.coinafrique.com/thumb_3686501_uploaded_image1_1652014242.jpg"
"1771242917-1135","https://sn.coinafrique.com/categorie/vetements-enfants?page=6","Robe princesse fille","5 000CFA","Rufisque, Sénégal","https://images.coinafrique.com/thumb_3686470_uploaded_image1_1652012110.jpg"
"1771242917-1136","https://sn.coinafrique.com/categorie/vetements-enfants?page=6","Sous-vêtements garçon coton - 2 pièces","2 000CFA","Mermoz-Sacré Coeur, Dakar, Sénégal","https://images.coinafrique.com/thumb_3633973_uploaded_image1_1648897973.jpg"
"1771242917-1137","https://sn.coinafrique.com/categorie/vetements-enfants?page=6","Sous-vêtement fille - 2 pièces","2 000CFA","Mermoz-Sacré Coeur, Dakar, Sénégal","https://images.coinafrique.com/thumb_3633963_uploaded_image1_1648897720.jpg"
"1771242917-1138","https://sn.coinafrique.com/categorie/vetements-enfants?page=6","Robe enfant princesse","30 000CFA","Dakar, Sénégal","https://images.coinafrique.com/thumb_3664445_uploaded_image2_1650586926.jpeg"
"1771242917-1139","https://sn.coinafrique.com/categorie/vetements-enfants?page=6","Ensemble enfant","4 000CFA","HLM, Dakar, Sénégal","https://images.coinafrique.com/thumb_3663950_uploaded_image3_1650558634.jpeg"
"1771242917-1140","https://sn.coinafrique.com/categorie/vetements-enfants?page=6","Grenouillère bébé","40 000CFA","HLM, Dakar, Sénégal","https://images.coinafrique.com/thumb_3663943_uploaded_image1_1650558284.jpg"
"1771242917-1141","https://sn.coinafrique.com/categorie/vetements-enfants?page=6","Djellaba enfant","15 000CFA","Grand Dakar, Dakar, Sénégal","https://images.coinafrique.com/thumb_3663604_uploaded_image1_1650545798.jpg"
"1771242917-1142","https://sn.coinafrique.com/categorie/vetements-enfants?page=6","Robe enfant","12 000CFA","Biscuiterie, Dakar, Sénégal","https://images.coinafrique.com/thumb_3663325_uploaded_image1_1650536012.jpg"
"1771242917-1143","https://sn.coinafrique.com/categorie/vetements-enfants?page=6","Robe enfant","12 000CFA","Biscuiterie, Dakar, Sénégal","https://images.coinafrique.com/thumb_3661262_uploaded_image1_1650410534.jpg"
"1771242917-1144","https://sn.coinafrique.com/categorie/vetements-enfants?page=6","Ensemble Short enfant","7 000CFA","Dakar, Sénégal","https://images.coinafrique.com/thumb_3661238_uploaded_image1_1650409347.jpg"
"1771242917-1145","https://sn.coinafrique.com/categorie/vetements-enfants?page=6","Robe enfant","12 000CFA","Biscuiterie, Dakar, Sénégal","https://images.coinafrique.com/thumb_3661021_uploaded_image1_1650399677.jpg"
"1771242917-1146","https://sn.coinafrique.com/categorie/vetements-enfants?page=6","Robes enfant","5 000CFA","Rufisque, Sénégal","https://images.coinafrique.com/thumb_3659985_uploaded_image2_1650360548.jpeg"
"1771242917-1147","https://sn.coinafrique.com/categorie/vetements-enfants?page=6","Bas collant bébé","1 000CFA","Sicap Liberté, Dakar, Sénégal","https://images.coinafrique.com/thumb_3659847_uploaded_image1_1650350885.jpg"
"1771242917-1148","https://sn.coinafrique.com/categorie/vetements-enfants?page=6","Ensemble enfant","4 000CFA","Dakar, Sénégal","https://images.coinafrique.com/thumb_3622517_uploaded_image1_1648156996.jpg"
"1771242917-1149","https://sn.coinafrique.com/categorie/vetements-enfants?page=6","Habits enfant","5 000CFA","Dakar, Sénégal","https://images.coinafrique.com/thumb_3622516_uploaded_image1_1648156919.jpg"
"1771242917-1150","https://sn.coinafrique.com/categorie/vetements-enfants?page=6","Ensemble enfant","8 000CFA","Dakar, Sénégal","https://images.coinafrique.com/thumb_3622512_uploaded_image1_1648156796.jpg"
"1771242917-1151","https://sn.coinafrique.com/categorie/vetements-enfants?page=6","Jeans enfant","5 000CFA","Dakar, Sénégal","https://images.coinafrique.com/thumb_3622513_uploaded_image1_1648156860.jpg"
"1771242917-1152","https://sn.coinafrique.com/categorie/vetements-enfants?page=6","Robe fille","12 000CFA","Biscuiterie, Dakar, Sénégal","https://images.coinafrique.com/thumb_3659452_uploaded_image1_1650315963.jpg"
"1771242917-1153","https://sn.coinafrique.com/categorie/vetements-enfants?page=6","Robe enfant","15 000CFA","Biscuiterie, Dakar, Sénégal","https://images.coinafrique.com/thumb_3658083_uploaded_image1_1650227180.jpg"
"1771242917-1154","https://sn.coinafrique.com/categorie/vetements-enfants?page=6","Robe enfant","8 000CFA","Ouakam, Dakar, Sénégal","https://images.coinafrique.com/thumb_3654419_uploaded_image1_1649975338.jpg"
"1771242917-1155","https://sn.coinafrique.com/categorie/vetements-enfants?page=6","Ensemble 3 pièces enfant","15 000CFA","Ouakam, Dakar, Sénégal","https://images.coinafrique.com/thumb_3654415_uploaded_image1_1649975242.jpg"
"1771242917-1156","https://sn.coinafrique.com/categorie/vetements-enfants?page=6","Robe enfant","5 000CFA","Ouakam, Dakar, Sénégal","https://images.coinafrique.com/thumb_3654413_uploaded_image1_1649975177.jpg"
"1771242917-1157","https://sn.coinafrique.com/categorie/vetements-enfants?page=6","Robe de prière + hijab intégré","3 000CFA","Sicap Liberté, Dakar, Sénégal","https://images.coinafrique.com/thumb_3654182_uploaded_image1_1649961822.jpg"
"1771242917-1158","https://sn.coinafrique.com/categorie/vetements-enfants?page=6","Robe enfant - 0 à 3ans","12 000CFA","Ouakam, Dakar, Sénégal","https://images.coinafrique.com/thumb_3651240_uploaded_image1_1649808230.jpg"
"1771242917-1159","https://sn.coinafrique.com/categorie/vetements-enfants?page=6","Boubou fille","12 000CFA","Ouakam, Dakar, Sénégal","https://images.coinafrique.com/thumb_3651237_uploaded_image1_1649808047.jpg"
"1771242917-1160","https://sn.coinafrique.com/categorie/vetements-enfants?page=6","Boubous enfants en bazin","10 000CFA","Ouakam, Dakar, Sénégal","https://images.coinafrique.com/thumb_3649632_uploaded_image1_1649723814.jpg"
"1771242917-1161","https://sn.coinafrique.com/categorie/vetements-enfants?page=6","Robe enfant","Prix sur demande","Dakar, Sénégal","https://images.coinafrique.com/thumb_3648076_uploaded_image1_1649645654.jpg"
"1771242917-1162","https://sn.coinafrique.com/categorie/vetements-enfants?page=6","Maillots enfant","5 000CFA","Dakar, Sénégal","https://images.coinafrique.com/thumb_3646687_uploaded_image1_1649538934.jpg"
"1771242917-1163","https://sn.coinafrique.com/categorie/vetements-enfants?page=6","Boubou fille","15 000CFA","Ouakam, Dakar, Sénégal","https://images.coinafrique.com/thumb_3646258_uploaded_image1_1649515617.jpg"
"1771242917-1164","https://sn.coinafrique.com/categorie/vetements-enfants?page=6","Ensemble enfant","8 000CFA","Dakar, Sénégal","https://images.coinafrique.com/thumb_3607921_uploaded_image1_1647265445.jpg"
"1771242917-1165","https://sn.coinafrique.com/categorie/vetements-enfants?page=6","Ensemble enfant","8 000CFA","Dakar, Sénégal","https://images.coinafrique.com/thumb_3607932_uploaded_image1_1647265679.jpg"
"1771242917-1166","https://sn.coinafrique.com/categorie/vetements-enfants?page=6","Boubou fille","Prix sur demande","Ouakam, Dakar, Sénégal","https://images.coinafrique.com/thumb_3643965_uploaded_image1_1649372776.jpg"
"1771242917-1167","https://sn.coinafrique.com/categorie/vetements-enfants?page=6","Boubou enfant 3 pièces","15 000CFA","Ouakam, Dakar, Sénégal","https://images.coinafrique.com/thumb_3643960_uploaded_image1_1649372669.jpg"
"1771242917-1168","https://sn.coinafrique.com/categorie/vetements-enfants?page=6","Maillots enfant","5 000CFA","Dakar, Sénégal","https://images.coinafrique.com/thumb_3643824_uploaded_image1_1649366012.jpg"
"1771242917-1169","https://sn.coinafrique.com/categorie/vetements-enfants?page=6","Slips fille","5 500CFA","Parcelle Assainies, Dakar, Sénégal","https://images.coinafrique.com/thumb_3643614_uploaded_image1_1649354564.jpg"
"1771242917-1170","https://sn.coinafrique.com/categorie/vetements-enfants?page=6","Vêtement friperie enfant","Prix sur demande","Sicap foire, Dakar, Sénégal","https://images.coinafrique.com/thumb_3638582_uploaded_image2_1649141754.jpeg"
"1771242917-1171","https://sn.coinafrique.com/categorie/vetements-enfants?page=6","Boubou enfant - 3 pièces","10 000CFA","Ouakam, Dakar, Sénégal","https://images.coinafrique.com/thumb_3638243_uploaded_image1_1649111803.jpg"
"1771242917-1172","https://sn.coinafrique.com/categorie/vetements-enfants?page=6","Combinaison enfant","4 000CFA","Colobane, Dakar, Sénégal","https://images.coinafrique.com/thumb_3638113_uploaded_image1_1649106100.jpg"
"1771242917-1173","https://sn.coinafrique.com/categorie/vetements-enfants?page=6","Ensemble enfant","Prix sur demande","Colobane, Dakar, Sénégal","https://images.coinafrique.com/thumb_3638107_uploaded_image1_1649106005.jpg"
"1771242917-1174","https://sn.coinafrique.com/categorie/vetements-enfants?page=6","Ensemble enfant","Prix sur demande","Colobane, Dakar, Sénégal","https://images.coinafrique.com/thumb_3638104_uploaded_image1_1649105955.jpg"
"1771242917-1175","https://sn.coinafrique.com/categorie/vetements-enfants?page=6","Robe enfant","6 000CFA","HLM, Dakar, Sénégal","https://images.coinafrique.com/thumb_3637687_uploaded_image3_1649089537.jpeg"
"1771242917-1176","https://sn.coinafrique.com/categorie/vetements-enfants?page=6","Robe enfant","6 000CFA","HLM, Dakar, Sénégal","https://images.coinafrique.com/thumb_3637675_uploaded_image3_1649089080.jpeg"
"1771242925-1177","https://sn.coinafrique.com/categorie/vetements-enfants?page=5","Friperie enfants","6 000CFA","Colobane, Dakar, Sénégal","https://images.coinafrique.com/thumb_4072971_uploaded_image1_1675197283.jpg"
"1771242925-1178","https://sn.coinafrique.com/categorie/vetements-enfants?page=5","Vêtements enfants","8 500CFA","Colobane, Dakar, Sénégal","https://images.coinafrique.com/thumb_4034624_uploaded_image1_1672861115.jpg"
"1771242925-1179","https://sn.coinafrique.com/categorie/vetements-enfants?page=5","Vêtements enfant","8 000CFA","Colobane, Dakar, Sénégal","https://images.coinafrique.com/thumb_4033667_uploaded_image1_1672829952.jpg"
"1771242925-1180","https://sn.coinafrique.com/categorie/vetements-enfants?page=5","Vêtements enfants","8 000CFA","Colobane, Dakar, Sénégal","https://images.coinafrique.com/thumb_4033672_uploaded_image1_1672830064.jpg"
"1771242925-1181","https://sn.coinafrique.com/categorie/vetements-enfants?page=5","Ensemble enfants","7 000CFA","Dakar Plateau, Dakar, Sénégal","https://images.coinafrique.com/thumb_4028243_uploaded_image1_1672407438.jpg"
"1771242925-1182","https://sn.coinafrique.com/categorie/vetements-enfants?page=5","Vêtements  enfant","1 000CFA","Almadies, Dakar, Sénégal","https://images.coinafrique.com/thumb_4061049_uploaded_image1_1674420676.jpg"
"1771242925-1183","https://sn.coinafrique.com/categorie/vetements-enfants?page=5","Vêtements enfants","1 000CFA","Almadies, Dakar, Sénégal","https://images.coinafrique.com/thumb_4061042_uploaded_image1_1674420399.jpg"
"1771242925-1184","https://sn.coinafrique.com/categorie/vetements-enfants?page=5","Fliperies enfants","500CFA","Almadies, Dakar, Sénégal","https://images.coinafrique.com/thumb_4061027_uploaded_image1_1674419234.jpg"
"1771242925-1185","https://sn.coinafrique.com/categorie/vetements-enfants?page=5","Ensemble enfants","3 000CFA","Thies, Sénégal","https://images.coinafrique.com/thumb_4054351_uploaded_image1_1673991497.jpg"
"1771242925-1186","https://sn.coinafrique.com/categorie/vetements-enfants?page=5","Ensemble enfant","8 000CFA","Dakar Plateau, Dakar, Sénégal","https://images.coinafrique.com/thumb_4011467_uploaded_image1_1671194364.jpg"
"1771242925-1187","https://sn.coinafrique.com/categorie/vetements-enfants?page=5","Ensemble enfant","Prix sur demande","Dakar Plateau, Dakar, Sénégal","https://images.coinafrique.com/thumb_4010007_uploaded_image1_1671112400.jpg"
"1771242925-1188","https://sn.coinafrique.com/categorie/vetements-enfants?page=5","Blouson enfant","Prix sur demande","Colobane, Dakar, Sénégal","https://images.coinafrique.com/thumb_3997872_uploaded_image1_1670412272.jpg"
"1771242925-1189","https://sn.coinafrique.com/categorie/vetements-enfants?page=5","Blouson enfant","Prix sur demande","Colobane, Dakar, Sénégal","https://images.coinafrique.com/thumb_3996986_uploaded_image1_1670352146.jpg"
"1771242925-1190","https://sn.coinafrique.com/categorie/vetements-enfants?page=5","Ensemble enfants","8 000CFA","Dakar Plateau, Dakar, Sénégal","https://images.coinafrique.com/thumb_3993222_uploaded_image1_1670158523.jpg"
"1771242925-1191","https://sn.coinafrique.com/categorie/vetements-enfants?page=5","Ensemble enfants","8 000CFA","Dakar Plateau, Dakar, Sénégal","https://images.coinafrique.com/thumb_3992649_uploaded_image1_1670106947.jpg"
"1771242925-1192","https://sn.coinafrique.com/categorie/vetements-enfants?page=5","T-shirts enfants","Prix sur demande","Dakar Plateau, Dakar, Sénégal","https://images.coinafrique.com/thumb_3985573_uploaded_image1_1669758455.jpg"
"1771242925-1193","https://sn.coinafrique.com/categorie/vetements-enfants?page=5","Ensemble enfant","7 000CFA","Dakar Plateau, Dakar, Sénégal","https://images.coinafrique.com/thumb_3980382_uploaded_image1_1669402241.jpg"
"1771242925-1194","https://sn.coinafrique.com/categorie/vetements-enfants?page=5","Ensemble velours enfant","7 500CFA","Colobane, Dakar, Sénégal","https://images.coinafrique.com/thumb_3981018_uploaded_image1_1669456009.jpg"
"1771242925-1195","https://sn.coinafrique.com/categorie/vetements-enfants?page=5","Ensemble en velours","7 500CFA","Colobane, Dakar, Sénégal","https://images.coinafrique.com/thumb_3980114_uploaded_image1_1669389815.jpg"
"1771242925-1196","https://sn.coinafrique.com/categorie/vetements-enfants?page=5","Habits enfants","3 000CFA","Bambey, Sénégal","https://images.coinafrique.com/thumb_4010206_uploaded_image1_1671121329.jpg"
"1771242925-1197","https://sn.coinafrique.com/categorie/vetements-enfants?page=5","Ensemble enfant","8 000CFA","Dakar Plateau, Dakar, Sénégal","https://images.coinafrique.com/thumb_3963440_uploaded_image1_1668361934.jpg"
"1771242925-1198","https://sn.coinafrique.com/categorie/vetements-enfants?page=5","Ensemble enfant","8 000CFA","Dakar Plateau, Dakar, Sénégal","https://images.coinafrique.com/thumb_3963439_uploaded_image1_1668361869.jpg"
"1771242925-1199","https://sn.coinafrique.com/categorie/vetements-enfants?page=5","Ensemble enfant friperie","1 000CFA","Colobane, Dakar, Sénégal","https://images.coinafrique.com/thumb_4000087_uploaded_image1_1670513612.jpg"
"1771242925-1200","https://sn.coinafrique.com/categorie/vetements-enfants?page=5","Pull enfant friperie","Prix sur demande","Colobane, Dakar, Sénégal","https://images.coinafrique.com/thumb_4000076_uploaded_image2_1670513327.jpeg"
"1771242925-1201","https://sn.coinafrique.com/categorie/vetements-enfants?page=5","Maillots Sénégal enfants","10 000CFA","Dieuppeul-Derklé, Dakar, Sénégal","https://images.coinafrique.com/thumb_3991237_uploaded_image1_1670029654.jpg"
"1771242925-1202","https://sn.coinafrique.com/categorie/vetements-enfants?page=5","Ensemble Robe enfants","28 000CFA","Dakar, Sénégal","https://images.coinafrique.com/thumb_3990865_uploaded_image1_1670005692.jpg"
"1771242925-1203","https://sn.coinafrique.com/categorie/vetements-enfants?page=5","Costume garçon","27 000CFA","Dakar, Sénégal","https://images.coinafrique.com/thumb_3990863_uploaded_image1_1670005513.jpg"
"1771242925-1204","https://sn.coinafrique.com/categorie/vetements-enfants?page=5","Costume garçon","28 000CFA","Dakar, Sénégal","https://images.coinafrique.com/thumb_3990860_uploaded_image1_1670005358.jpg"
"1771242925-1205","https://sn.coinafrique.com/categorie/vetements-enfants?page=5","Vêtements enfant","Prix sur demande","Guediawaye, Dakar, Sénégal","https://images.coinafrique.com/thumb_3981315_uploaded_image1_1669469071.jpg"
"1771242925-1206","https://sn.coinafrique.com/categorie/vetements-enfants?page=5","Vêtements Enfant","Prix sur demande","Dakar, Sénégal","https://images.coinafrique.com/thumb_3933191_uploaded_image1_1666560773.jpg"
"1771242925-1207","https://sn.coinafrique.com/categorie/vetements-enfants?page=5","Vêtements friperies  enfant","Prix sur demande","Colobane, Dakar, Sénégal","https://images.coinafrique.com/thumb_3968398_uploaded_image1_1668639636.jpg"
"1771242925-1208","https://sn.coinafrique.com/categorie/vetements-enfants?page=5","Maillots Sénégal enfant","10 000CFA","Dieuppeul-Derklé, Dakar, Sénégal","https://images.coinafrique.com/thumb_3954905_uploaded_image1_1667839511.jpg"
"1771242925-1209","https://sn.coinafrique.com/categorie/vetements-enfants?page=5","Ensemble enfants","8 500CFA","Dakar, Sénégal","https://images.coinafrique.com/thumb_3913283_uploaded_image1_1665352048.jpg"
"1771242925-1210","https://sn.coinafrique.com/categorie/vetements-enfants?page=5","Vêtements enfants","Prix sur demande","Dakar, Sénégal","https://images.coinafrique.com/thumb_3913279_uploaded_image1_1665351880.jpg"
"1771242925-1211","https://sn.coinafrique.com/categorie/vetements-enfants?page=5","Ensembles pull  enfants","4 000CFA","Cambérène, Dakar, Sénégal","https://images.coinafrique.com/thumb_3941399_uploaded_image1_1667092572.jpg"
"1771242925-1212","https://sn.coinafrique.com/categorie/vetements-enfants?page=5","Polo pour enfants","8 500CFA","Dakar, Sénégal","https://images.coinafrique.com/thumb_3883008_uploaded_image1_1663536149.jpg"
"1771242925-1213","https://sn.coinafrique.com/categorie/vetements-enfants?page=5","Robes  enfant","9 000CFA","Medina, Dakar, Sénégal","https://images.coinafrique.com/thumb_3919617_uploaded_image1_1665702485.jpg"
"1771242925-1214","https://sn.coinafrique.com/categorie/vetements-enfants?page=5","Vêtements enfant","10 000CFA","Medina, Dakar, Sénégal","https://images.coinafrique.com/thumb_3919579_uploaded_image1_1665700272.jpg"
"1771242925-1215","https://sn.coinafrique.com/categorie/vetements-enfants?page=5","Grenouillères","2 000CFA","Medina, Dakar, Sénégal","https://images.coinafrique.com/thumb_3919556_uploaded_image2_1665704351.jpeg"
"1771242925-1216","https://sn.coinafrique.com/categorie/vetements-enfants?page=5","Polos enfants","5 000CFA","Dakar, Sénégal","https://images.coinafrique.com/thumb_3913936_uploaded_image1_1665405195.jpg"
"1771242925-1217","https://sn.coinafrique.com/categorie/vetements-enfants?page=5","Grenouillère","7 500CFA","Dakar, Sénégal","https://images.coinafrique.com/thumb_3913465_uploaded_image3_1665377950.jpeg"
"1771242925-1218","https://sn.coinafrique.com/categorie/vetements-enfants?page=5","Coffret nouveaux née","10 000CFA","Dakar, Sénégal","https://images.coinafrique.com/thumb_3913427_uploaded_image1_1665364741.jpg"
"1771242925-1219","https://sn.coinafrique.com/categorie/vetements-enfants?page=5","Ensemble Robe Turquie","11 000CFA","Dakar, Sénégal","https://images.coinafrique.com/thumb_3913424_uploaded_image1_1665364359.jpg"
"1771242925-1220","https://sn.coinafrique.com/categorie/vetements-enfants?page=5","Peignoir bébé","9 000CFA","HLM, Dakar, Sénégal","https://images.coinafrique.com/thumb_3861861_uploaded_image1_1662248159.jpg"
"1771242925-1221","https://sn.coinafrique.com/categorie/vetements-enfants?page=5","Ensembles enfants","7 000CFA","Parcelle Assainies, Dakar, Sénégal","https://images.coinafrique.com/thumb_3899030_uploaded_image1_1664501471.jpg"
"1771242925-1222","https://sn.coinafrique.com/categorie/vetements-enfants?page=5","Ensemble enfants","6 500CFA","Parcelle Assainies, Dakar, Sénégal","https://images.coinafrique.com/thumb_3899029_uploaded_image1_1664501377.jpg"
"1771242925-1223","https://sn.coinafrique.com/categorie/vetements-enfants?page=5","Accessoires et vetements bébé","Prix sur demande","HLM, Dakar, Sénégal","https://images.coinafrique.com/thumb_3858243_uploaded_image1_1662081635.jpg"
"1771242925-1224","https://sn.coinafrique.com/categorie/vetements-enfants?page=5","Ensemble  3 pièces enfants","16 000CFA","Dakar, Sénégal","https://images.coinafrique.com/thumb_3895855_uploaded_image1_1664312610.jpg"
"1771242925-1225","https://sn.coinafrique.com/categorie/vetements-enfants?page=5","Barboteuse","6 000CFA","Dakar, Sénégal","https://images.coinafrique.com/thumb_3874861_uploaded_image1_1662992831.jpg"
"1771242925-1226","https://sn.coinafrique.com/categorie/vetements-enfants?page=5","Pantalon","5 000CFA","Dakar, Sénégal","https://images.coinafrique.com/thumb_3874843_uploaded_image1_1662992214.jpg"
"1771242925-1227","https://sn.coinafrique.com/categorie/vetements-enfants?page=5","Vêtements enfant","16 000CFA","Dakar, Sénégal","https://images.coinafrique.com/thumb_3886071_uploaded_image2_1663709027.jpeg"
"1771242925-1228","https://sn.coinafrique.com/categorie/vetements-enfants?page=5","Ensemble enfants","Prix sur demande","Dakar, Sénégal","https://images.coinafrique.com/thumb_3836735_uploaded_image1_1660867040.jpg"
"1771242925-1229","https://sn.coinafrique.com/categorie/vetements-enfants?page=5","Ensemble enfants","5 000CFA","Dakar, Sénégal","https://images.coinafrique.com/thumb_3829807_uploaded_image1_1660481871.jpg"
"1771242925-1230","https://sn.coinafrique.com/categorie/vetements-enfants?page=5","Ensemble enfants","5 500CFA","Dakar, Sénégal","https://images.coinafrique.com/thumb_3826455_uploaded_image1_1660258744.jpg"
"1771242925-1231","https://sn.coinafrique.com/categorie/vetements-enfants?page=5","Vêtements bébé fille","3 000CFA","Keur Massar, Sénégal","https://images.coinafrique.com/thumb_3871259_uploaded_image1_1662747991.jpg"
"1771242925-1232","https://sn.coinafrique.com/categorie/vetements-enfants?page=5","Vêtements bébé","3 000CFA","Keur Massar, Sénégal","https://images.coinafrique.com/thumb_3871253_uploaded_image1_1662747853.jpg"
"1771242925-1233","https://sn.coinafrique.com/categorie/vetements-enfants?page=5","Vêtements enfant","5 500CFA","Dakar, Sénégal","https://images.coinafrique.com/thumb_3818666_uploaded_image1_1659825338.jpg"
"1771242925-1234","https://sn.coinafrique.com/categorie/vetements-enfants?page=5","Costumes héros","Prix sur demande","Almadies, Dakar, Sénégal","https://images.coinafrique.com/thumb_3862904_uploaded_image1_1662326635.jpg"
"1771242925-1235","https://sn.coinafrique.com/categorie/vetements-enfants?page=5","Robe d’anniversaire fille","10 000CFA","Dakar Plateau, Dakar, Sénégal","https://images.coinafrique.com/thumb_3853493_uploaded_image1_1661883220.jpg"
"1771242925-1236","https://sn.coinafrique.com/categorie/vetements-enfants?page=5","Robe d’anniversaire fille","7 000CFA","Dakar Plateau, Dakar, Sénégal","https://images.coinafrique.com/thumb_3853488_uploaded_image1_1661883039.jpg"
"1771242925-1237","https://sn.coinafrique.com/categorie/vetements-enfants?page=5","Ensemble bandeaux chaussettes","1 500CFA","Dakar, Sénégal","https://images.coinafrique.com/thumb_3813301_uploaded_image1_1659543149.jpg"
"1771242925-1238","https://sn.coinafrique.com/categorie/vetements-enfants?page=5","Barboteuse","5 000CFA","Dakar, Sénégal","https://images.coinafrique.com/thumb_3813274_uploaded_image1_1659542533.jpg"
"1771242925-1239","https://sn.coinafrique.com/categorie/vetements-enfants?page=5","Boubou bazin riche","Prix sur demande","Mermoz-Sacré Coeur, Dakar, Sénégal","https://images.coinafrique.com/thumb_3808232_uploaded_image1_1659347593.jpg"
"1771242925-1240","https://sn.coinafrique.com/categorie/vetements-enfants?page=5","Dessous enfants","Prix sur demande","Mermoz-Sacré Coeur, Dakar, Sénégal","https://images.coinafrique.com/thumb_3848809_uploaded_image1_1661581124.jpg"
"1771242925-1241","https://sn.coinafrique.com/categorie/vetements-enfants?page=5","Vêtements bébé","3 000CFA","HLM, Dakar, Sénégal","https://images.coinafrique.com/thumb_3841152_uploaded_image1_1661173639.jpg"
"1771242925-1242","https://sn.coinafrique.com/categorie/vetements-enfants?page=5","Vêtements bébé","6 000CFA","HLM, Dakar, Sénégal","https://images.coinafrique.com/thumb_3841108_uploaded_image1_1661172378.jpg"
"1771242925-1243","https://sn.coinafrique.com/categorie/vetements-enfants?page=5","Vêtements enfants","Prix sur demande","Guediawaye, Dakar, Sénégal","https://images.coinafrique.com/thumb_3831624_uploaded_image1_1660600357.jpg"
"1771242925-1244","https://sn.coinafrique.com/categorie/vetements-enfants?page=5","Habits enfants","3 000CFA","Dakar, Sénégal","https://images.coinafrique.com/thumb_3785558_uploaded_image1_1657883008.jpg"
"1771242925-1245","https://sn.coinafrique.com/categorie/vetements-enfants?page=5","Robe petite fille","8 000CFA","Dakar, Sénégal","https://images.coinafrique.com/thumb_3785563_uploaded_image1_1657883218.jpg"
"1771242925-1246","https://sn.coinafrique.com/categorie/vetements-enfants?page=5","Jeans enfants","8 000CFA","Dakar, Sénégal","https://images.coinafrique.com/thumb_3785562_uploaded_image1_1657883147.jpg"
"1771242925-1247","https://sn.coinafrique.com/categorie/vetements-enfants?page=5","Vêtements enfants","8 000CFA","Dakar, Sénégal","https://images.coinafrique.com/thumb_3785559_uploaded_image1_1657883070.jpg"
"1771242925-1248","https://sn.coinafrique.com/categorie/vetements-enfants?page=5","Habits enfants","7 000CFA","Dakar, Sénégal","https://images.coinafrique.com/thumb_3785557_uploaded_image1_1657882962.jpg"
"1771242925-1249","https://sn.coinafrique.com/categorie/vetements-enfants?page=5","Robe d'été enfants","2 000CFA","Dakar, Sénégal","https://images.coinafrique.com/thumb_3825327_uploaded_image1_1660216212.jpg"
"1771242925-1250","https://sn.coinafrique.com/categorie/vetements-enfants?page=5","Ensembles enfants","Prix sur demande","Dakar, Sénégal","https://images.coinafrique.com/thumb_3778201_uploaded_image1_1657304423.jpg"
"1771242925-1251","https://sn.coinafrique.com/categorie/vetements-enfants?page=5","Ensemble enfants","Prix sur demande","Dakar, Sénégal","https://images.coinafrique.com/thumb_3775607_uploaded_image1_1657150534.jpg"
"1771242925-1252","https://sn.coinafrique.com/categorie/vetements-enfants?page=5","Vêtement enfant","Prix sur demande","Mermoz-Sacré Coeur, Dakar, Sénégal","https://images.coinafrique.com/thumb_3799617_uploaded_image1_1658807678.jpg"
"1771242925-1253","https://sn.coinafrique.com/categorie/vetements-enfants?page=5","Costume garçon  - 4 pièces","27 000CFA","Dakar, Sénégal","https://images.coinafrique.com/thumb_3795696_uploaded_image1_1658520434.jpg"
"1771242925-1254","https://sn.coinafrique.com/categorie/vetements-enfants?page=5","Maillots Sénégal  enfant","10 000CFA","Dieuppeul-Derklé, Dakar, Sénégal","https://images.coinafrique.com/thumb_3794471_uploaded_image1_1658452420.jpg"
"1771242925-1255","https://sn.coinafrique.com/categorie/vetements-enfants?page=5","Protège-tête","Prix sur demande","Patte d'oie, Dakar, Sénégal","https://images.coinafrique.com/thumb_3794079_uploaded_image1_1658423773.jpg"
"1771242925-1256","https://sn.coinafrique.com/categorie/vetements-enfants?page=5","Robe enfant","8 000CFA","Dakar, Sénégal","https://images.coinafrique.com/thumb_3754887_uploaded_image1_1655981354.jpg"
"1771242925-1257","https://sn.coinafrique.com/categorie/vetements-enfants?page=5","Robe enfant","7 000CFA","Dakar, Sénégal","https://images.coinafrique.com/thumb_3754885_uploaded_image1_1655981294.jpg"
"1771242925-1258","https://sn.coinafrique.com/categorie/vetements-enfants?page=5","Robe enfant","8 000CFA","Dakar, Sénégal","https://images.coinafrique.com/thumb_3754884_uploaded_image1_1655981242.jpg"
"1771242925-1259","https://sn.coinafrique.com/categorie/vetements-enfants?page=5","Robe enfant","8 000CFA","Dakar, Sénégal","https://images.coinafrique.com/thumb_3754882_uploaded_image1_1655981151.jpg"
"1771242925-1260","https://sn.coinafrique.com/categorie/vetements-enfants?page=5","Vêtement enfant","5 000CFA","Dakar, Sénégal","https://images.coinafrique.com/thumb_3753646_uploaded_image1_1655912715.jpg"
"1771242933-1261","https://sn.coinafrique.com/categorie/vetements-enfants?page=4","Vêtement enfant","4 500CFA","Dakar Plateau, Dakar, Sénégal","https://images.coinafrique.com/thumb_4394813_uploaded_image1_1695942485.jpg"
"1771242933-1262","https://sn.coinafrique.com/categorie/vetements-enfants?page=4","Jeans  pour enfants","6 000CFA","Colobane, Dakar, Sénégal","https://images.coinafrique.com/thumb_4397937_uploaded_image1_1696183097.jpg"
"1771242933-1263","https://sn.coinafrique.com/categorie/vetements-enfants?page=4","Robe enfant","15 000CFA","Dakar, Sénégal","https://images.coinafrique.com/thumb_4430601_uploaded_image1_1698283193.jpg"
"1771242933-1264","https://sn.coinafrique.com/categorie/vetements-enfants?page=4","Robe de prière enfant","2 500CFA","Dakar, Sénégal","https://images.coinafrique.com/thumb_4421455_uploaded_image1_1697627353.jpg"
"1771242933-1265","https://sn.coinafrique.com/categorie/vetements-enfants?page=4","Bambinerie enfant","Prix sur demande","Mermoz-Sacré Coeur, Dakar, Sénégal","https://images.coinafrique.com/thumb_4416818_uploaded_image3_1697296868.jpeg"
"1771242933-1266","https://sn.coinafrique.com/categorie/vetements-enfants?page=4","Pantalon pour enfants","2 500CFA","Dakar, Sénégal","https://images.coinafrique.com/thumb_4405127_uploaded_image1_1696582094.jpg"
"1771242933-1267","https://sn.coinafrique.com/categorie/vetements-enfants?page=4","Polo Lacoste enfant","1 500CFA","Dakar, Sénégal","https://images.coinafrique.com/thumb_4405119_uploaded_image1_1696581900.jpg"
"1771242933-1268","https://sn.coinafrique.com/categorie/vetements-enfants?page=4","Ensemble enfant","13 000CFA","Dakar, Sénégal","https://images.coinafrique.com/thumb_4402991_uploaded_image1_1696452237.jpg"
"1771242933-1269","https://sn.coinafrique.com/categorie/vetements-enfants?page=4","Ensemble 2 pièces pour fille","14 000CFA","Dakar, Sénégal","https://images.coinafrique.com/thumb_4402284_uploaded_image1_1696423054.jpg"
"1771242933-1270","https://sn.coinafrique.com/categorie/vetements-enfants?page=4","Vêtements fille","4 000CFA","Dakar Plateau, Dakar, Sénégal","https://images.coinafrique.com/thumb_4350530_uploaded_image1_1692994986.jpg"
"1771242933-1271","https://sn.coinafrique.com/categorie/vetements-enfants?page=4","Short enfant","Prix sur demande","Colobane, Dakar, Sénégal","https://images.coinafrique.com/thumb_4381693_uploaded_image1_1695062191.jpg"
"1771242933-1272","https://sn.coinafrique.com/categorie/vetements-enfants?page=4","Robe enfant","9 300CFA","Ngor, Dakar, Sénégal","https://images.coinafrique.com/thumb_4342288_uploaded_image1_1692460517.jpg"
"1771242933-1273","https://sn.coinafrique.com/categorie/vetements-enfants?page=4","Vêtements enfants","Prix sur demande","Colobane, Dakar, Sénégal","https://images.coinafrique.com/thumb_4375138_uploaded_image1_1694611073.jpg"
"1771242933-1274","https://sn.coinafrique.com/categorie/vetements-enfants?page=4","Vêtement enfant","Prix sur demande","Colobane, Dakar, Sénégal","https://images.coinafrique.com/thumb_4375129_uploaded_image1_1694610764.jpg"
"1771242933-1275","https://sn.coinafrique.com/categorie/vetements-enfants?page=4","Vêtements friperies  enfant","Prix sur demande","Colobane, Dakar, Sénégal","https://images.coinafrique.com/thumb_4375124_uploaded_image1_1694610661.jpg"
"1771242933-1276","https://sn.coinafrique.com/categorie/vetements-enfants?page=4","Ensemble vêtement enfant","15 300CFA","Ngor, Dakar, Sénégal","https://images.coinafrique.com/thumb_4340725_uploaded_image1_1692365333.jpg"
"1771242933-1277","https://sn.coinafrique.com/categorie/vetements-enfants?page=4","T-shirt","9 000CFA","Ngor, Dakar, Sénégal","https://images.coinafrique.com/thumb_4340716_uploaded_image1_1692364927.jpg"
"1771242933-1278","https://sn.coinafrique.com/categorie/vetements-enfants?page=4","Vêtement enfant","6 500CFA","Dakar Plateau, Dakar, Sénégal","https://images.coinafrique.com/thumb_4333845_uploaded_image1_1691951676.jpg"
"1771242933-1279","https://sn.coinafrique.com/categorie/vetements-enfants?page=4","Vêtement enfants","6 500CFA","Dakar Plateau, Dakar, Sénégal","https://images.coinafrique.com/thumb_4330580_uploaded_image1_1691701473.jpg"
"1771242933-1280","https://sn.coinafrique.com/categorie/vetements-enfants?page=4","Vêtement  enfant","Prix sur demande","Dakar Plateau, Dakar, Sénégal","https://images.coinafrique.com/thumb_4330576_uploaded_image1_1691701385.jpg"
"1771242933-1281","https://sn.coinafrique.com/categorie/vetements-enfants?page=4","Vêtement enfant","4 500CFA","Dakar Plateau, Dakar, Sénégal","https://images.coinafrique.com/thumb_4327566_uploaded_image1_1691526561.jpg"
"1771242933-1282","https://sn.coinafrique.com/categorie/vetements-enfants?page=4","Maillot enfant","2 000CFA","Thies, Sénégal","https://images.coinafrique.com/thumb_4344836_uploaded_image1_1692651906.jpg"
"1771242933-1283","https://sn.coinafrique.com/categorie/vetements-enfants?page=4","Vêtements enfants","2 000CFA","Colobane, Dakar, Sénégal","https://images.coinafrique.com/thumb_4314416_uploaded_image1_1690724018.jpg"
"1771242933-1284","https://sn.coinafrique.com/categorie/vetements-enfants?page=4","Couette bébé","Prix sur demande","HLM, Dakar, Sénégal","https://images.coinafrique.com/thumb_4338195_uploaded_image1_1692223604.jpg"
"1771242933-1285","https://sn.coinafrique.com/categorie/vetements-enfants?page=4","Djellaba enfants","8 500CFA","Colobane, Dakar, Sénégal","https://images.coinafrique.com/thumb_4288629_uploaded_image1_1688997320.jpg"
"1771242933-1286","https://sn.coinafrique.com/categorie/vetements-enfants?page=4","Pyjama bébé","6 000CFA","Dakar, Sénégal","https://images.coinafrique.com/thumb_4316063_uploaded_image2_1690843428.jpeg"
"1771242933-1287","https://sn.coinafrique.com/categorie/vetements-enfants?page=4","Culotte Berksha enfant","15 000CFA","Ngor, Dakar, Sénégal","https://images.coinafrique.com/thumb_4304204_uploaded_image1_1690023768.jpg"
"1771242933-1288","https://sn.coinafrique.com/categorie/vetements-enfants?page=4","Vêtements enfants","8 000CFA","Colobane, Dakar, Sénégal","https://images.coinafrique.com/thumb_4268608_uploaded_image1_1687563200.jpg"
"1771242933-1289","https://sn.coinafrique.com/categorie/vetements-enfants?page=4","Vêtements enfants","8 000CFA","Colobane, Dakar, Sénégal","https://images.coinafrique.com/thumb_4268605_uploaded_image1_1687563103.jpg"
"1771242933-1290","https://sn.coinafrique.com/categorie/vetements-enfants?page=4","Vêtements enfants","Prix sur demande","Colobane, Dakar, Sénégal","https://images.coinafrique.com/thumb_4267930_uploaded_image1_1687524110.jpg"
"1771242933-1291","https://sn.coinafrique.com/categorie/vetements-enfants?page=4","Ensemble pour enfants","10 000CFA","Colobane, Dakar, Sénégal","https://images.coinafrique.com/thumb_4267915_uploaded_image1_1687523597.jpg"
"1771242933-1292","https://sn.coinafrique.com/categorie/vetements-enfants?page=4","Vêtements enfants","8 000CFA","Colobane, Dakar, Sénégal","https://images.coinafrique.com/thumb_4266992_uploaded_image1_1687458981.jpg"
"1771242933-1293","https://sn.coinafrique.com/categorie/vetements-enfants?page=4","Vêtements enfants","7 000CFA","Colobane, Dakar, Sénégal","https://images.coinafrique.com/thumb_4265951_uploaded_image1_1687419299.jpg"
"1771242933-1294","https://sn.coinafrique.com/categorie/vetements-enfants?page=4","Pantalon en coton","6 500CFA","Dakar, Sénégal","https://images.coinafrique.com/thumb_4284180_uploaded_image2_1688677380.jpeg"
"1771242933-1295","https://sn.coinafrique.com/categorie/vetements-enfants?page=4","Hijab enfant","Prix sur demande","Guediawaye, Dakar, Sénégal","https://images.coinafrique.com/thumb_4280858_uploaded_image1_1688492406.jpg"
"1771242933-1296","https://sn.coinafrique.com/categorie/vetements-enfants?page=4","Robe enfant","Prix sur demande","Mermoz-Sacré Coeur, Dakar, Sénégal","https://images.coinafrique.com/thumb_4273754_uploaded_image1_1687981649.jpg"
"1771242933-1297","https://sn.coinafrique.com/categorie/vetements-enfants?page=4","Maillots enfants","10 000CFA","Dakar Plateau, Dakar, Sénégal","https://images.coinafrique.com/thumb_4267451_uploaded_image1_1687487532.jpg"
"1771242933-1298","https://sn.coinafrique.com/categorie/vetements-enfants?page=4","Sous vêtements   enfants","13 000CFA","Dakar, Sénégal","https://images.coinafrique.com/thumb_4224162_uploaded_image1_1684629308.jpg"
"1771242933-1299","https://sn.coinafrique.com/categorie/vetements-enfants?page=4","Vêtements friperie enfant","Prix sur demande","Colobane, Dakar, Sénégal","https://images.coinafrique.com/thumb_4258723_uploaded_image1_1686906445.jpg"
"1771242933-1300","https://sn.coinafrique.com/categorie/vetements-enfants?page=4","Ensemble enfant","Prix sur demande","Colobane, Dakar, Sénégal","https://images.coinafrique.com/thumb_4258722_uploaded_image3_1686906376.jpeg"
"1771242933-1301","https://sn.coinafrique.com/categorie/vetements-enfants?page=4","Pantalons enfant","Prix sur demande","Colobane, Dakar, Sénégal","https://images.coinafrique.com/thumb_4258717_uploaded_image2_1686906277.jpeg"
"1771242933-1302","https://sn.coinafrique.com/categorie/vetements-enfants?page=4","Vêtements friperie enfant","Prix sur demande","Colobane, Dakar, Sénégal","https://images.coinafrique.com/thumb_4258716_uploaded_image1_1686906201.jpg"
"1771242933-1303","https://sn.coinafrique.com/categorie/vetements-enfants?page=4","Vêtements friperie enfant","Prix sur demande","Colobane, Dakar, Sénégal","https://images.coinafrique.com/thumb_4258714_uploaded_image1_1686906133.jpg"
"1771242933-1304","https://sn.coinafrique.com/categorie/vetements-enfants?page=4","Maillot enfant","Prix sur demande","Parcelle Assainies, Dakar, Sénégal","https://images.coinafrique.com/thumb_4236342_uploaded_image1_1685480812.jpg"
"1771242933-1305","https://sn.coinafrique.com/categorie/vetements-enfants?page=4","Robes enfant","Prix sur demande","HLM, Dakar, Sénégal","https://images.coinafrique.com/thumb_4223428_uploaded_image1_1684582026.jpg"
"1771242933-1306","https://sn.coinafrique.com/categorie/vetements-enfants?page=4","Robes enfant","Prix sur demande","HLM, Dakar, Sénégal","https://images.coinafrique.com/thumb_4223425_uploaded_image3_1684581867.jpeg"
"1771242933-1307","https://sn.coinafrique.com/categorie/vetements-enfants?page=4","Vêtements enfants 3 piéces","12 000CFA","Colobane, Dakar, Sénégal","https://images.coinafrique.com/thumb_4172007_uploaded_image1_1681208524.jpg"
"1771242933-1308","https://sn.coinafrique.com/categorie/vetements-enfants?page=4","Robe enfants","15 000CFA","Colobane, Dakar, Sénégal","https://images.coinafrique.com/thumb_4168633_uploaded_image1_1680958304.jpg"
"1771242933-1309","https://sn.coinafrique.com/categorie/vetements-enfants?page=4","Robe enfants","15 000CFA","Colobane, Dakar, Sénégal","https://images.coinafrique.com/thumb_4168626_uploaded_image1_1680958148.jpg"
"1771242933-1310","https://sn.coinafrique.com/categorie/vetements-enfants?page=4","Vêtements enfants Turquie","20 000CFA","Colobane, Dakar, Sénégal","https://images.coinafrique.com/thumb_4167331_uploaded_image1_1680874307.jpg"
"1771242933-1311","https://sn.coinafrique.com/categorie/vetements-enfants?page=4","Vêtements enfants Turquie","18 000CFA","Colobane, Dakar, Sénégal","https://images.coinafrique.com/thumb_4167321_uploaded_image1_1680873861.jpg"
"1771242933-1312","https://sn.coinafrique.com/categorie/vetements-enfants?page=4","Vêtements enfants Turquie","20 000CFA","Colobane, Dakar, Sénégal","https://images.coinafrique.com/thumb_4167311_uploaded_image1_1680873676.jpg"
"1771242933-1313","https://sn.coinafrique.com/categorie/vetements-enfants?page=4","Vêtement enfant","Prix sur demande","HLM, Dakar, Sénégal","https://images.coinafrique.com/thumb_4166510_uploaded_image1_1680822103.jpg"
"1771242933-1314","https://sn.coinafrique.com/categorie/vetements-enfants?page=4","Survetmemt pour enfants","1 000CFA","Colobane, Dakar, Sénégal","https://images.coinafrique.com/thumb_4165543_uploaded_image1_1680781784.jpg"
"1771242933-1315","https://sn.coinafrique.com/categorie/vetements-enfants?page=4","Jeans baladeurs enfant","7 000CFA","Colobane, Dakar, Sénégal","https://images.coinafrique.com/thumb_4157493_uploaded_image1_1680338403.jpg"
"1771242933-1316","https://sn.coinafrique.com/categorie/vetements-enfants?page=4","Robe enfants","10 000CFA","Dakar Plateau, Dakar, Sénégal","https://images.coinafrique.com/thumb_4153017_uploaded_image1_1680040477.jpg"
"1771242933-1317","https://sn.coinafrique.com/categorie/vetements-enfants?page=4","Ensemble enfants","4 500CFA","Dakar Plateau, Dakar, Sénégal","https://images.coinafrique.com/thumb_4153014_uploaded_image1_1680040385.jpg"
"1771242933-1318","https://sn.coinafrique.com/categorie/vetements-enfants?page=4","Vêtements enfants","8 000CFA","Colobane, Dakar, Sénégal","https://images.coinafrique.com/thumb_4154892_uploaded_image1_1680171892.jpg"
"1771242933-1319","https://sn.coinafrique.com/categorie/vetements-enfants?page=4","Emsemble coton enfants","8 000CFA","Colobane, Dakar, Sénégal","https://images.coinafrique.com/thumb_4154884_uploaded_image1_1680171641.jpg"
"1771242933-1320","https://sn.coinafrique.com/categorie/vetements-enfants?page=4","Vêtements enfant","9 000CFA","Colobane, Dakar, Sénégal","https://images.coinafrique.com/thumb_4154876_uploaded_image1_1680171312.jpg"
"1771242933-1321","https://sn.coinafrique.com/categorie/vetements-enfants?page=4","Jeans pour enfants garçon","6 000CFA","Colobane, Dakar, Sénégal","https://images.coinafrique.com/thumb_4154870_uploaded_image1_1680171128.jpg"
"1771242933-1322","https://sn.coinafrique.com/categorie/vetements-enfants?page=4","Jeans pour enfants filles","7 000CFA","Colobane, Dakar, Sénégal","https://images.coinafrique.com/thumb_4154864_uploaded_image1_1680170947.jpg"
"1771242933-1323","https://sn.coinafrique.com/categorie/vetements-enfants?page=4","Jeans pour enfants garçon","6 000CFA","Colobane, Dakar, Sénégal","https://images.coinafrique.com/thumb_4154867_uploaded_image1_1680171042.jpg"
"1771242933-1324","https://sn.coinafrique.com/categorie/vetements-enfants?page=4","Robe pour enfants","10 000CFA","Colobane, Dakar, Sénégal","https://images.coinafrique.com/thumb_4154854_uploaded_image1_1680170186.jpg"
"1771242933-1325","https://sn.coinafrique.com/categorie/vetements-enfants?page=4","Cole pour enfants","2 000CFA","Colobane, Dakar, Sénégal","https://images.coinafrique.com/thumb_4126921_uploaded_image1_1678367548.jpg"
"1771242933-1326","https://sn.coinafrique.com/categorie/vetements-enfants?page=4","Vêtement  enfant","Prix sur demande","HLM, Dakar, Sénégal","https://images.coinafrique.com/thumb_4158777_uploaded_image1_1680396815.jpg"
"1771242933-1327","https://sn.coinafrique.com/categorie/vetements-enfants?page=4","Vêtement enfant","Prix sur demande","HLM, Dakar, Sénégal","https://images.coinafrique.com/thumb_4158775_uploaded_image1_1680396659.jpg"
"1771242933-1328","https://sn.coinafrique.com/categorie/vetements-enfants?page=4","Vêtement enfant","Prix sur demande","HLM, Dakar, Sénégal","https://images.coinafrique.com/thumb_4158770_uploaded_image1_1680396418.jpg"
"1771242933-1329","https://sn.coinafrique.com/categorie/vetements-enfants?page=4","Ensemble enfants","5 000CFA","Colobane, Dakar, Sénégal","https://images.coinafrique.com/thumb_4117238_uploaded_image1_1677785061.jpg"
"1771242933-1330","https://sn.coinafrique.com/categorie/vetements-enfants?page=4","Robe enfant","8 000CFA","HLM, Dakar, Sénégal","https://images.coinafrique.com/thumb_4150089_uploaded_image1_1679864882.jpg"
"1771242933-1331","https://sn.coinafrique.com/categorie/vetements-enfants?page=4","Vêtement enfant","10 000CFA","Dakar, Sénégal","https://images.coinafrique.com/thumb_4101121_uploaded_image1_1676811904.jpg"
"1771242933-1332","https://sn.coinafrique.com/categorie/vetements-enfants?page=4","Robes enfants","Prix sur demande","HLM, Dakar, Sénégal","https://images.coinafrique.com/thumb_4111932_uploaded_image1_1677528700.jpg"
"1771242933-1333","https://sn.coinafrique.com/categorie/vetements-enfants?page=4","Vêtement enfant","5 000CFA","Colobane, Dakar, Sénégal","https://images.coinafrique.com/thumb_4065291_uploaded_image1_1674673177.jpg"
"1771242933-1334","https://sn.coinafrique.com/categorie/vetements-enfants?page=4","Ensemble enfants","8 000CFA","Dakar Plateau, Dakar, Sénégal","https://images.coinafrique.com/thumb_4060125_uploaded_image1_1674340224.jpg"
"1771242933-1335","https://sn.coinafrique.com/categorie/vetements-enfants?page=4","Ensemble enfants","7 000CFA","Dakar Plateau, Dakar, Sénégal","https://images.coinafrique.com/thumb_4044065_uploaded_image1_1673390538.jpg"
"1771242933-1336","https://sn.coinafrique.com/categorie/vetements-enfants?page=4","Vêtements enfant","10 000CFA","Sicap foire, Dakar, Sénégal","https://images.coinafrique.com/thumb_4083613_uploaded_image2_1675754458.jpeg"
"1771242933-1337","https://sn.coinafrique.com/categorie/vetements-enfants?page=4","Ensemble enfant","4 000CFA","Mermoz-Sacré Coeur, Dakar, Sénégal","https://images.coinafrique.com/thumb_4083084_uploaded_image1_1675711069.jpg"
"1771242933-1338","https://sn.coinafrique.com/categorie/vetements-enfants?page=4","Ensemble enfants","Prix sur demande","HLM, Dakar, Sénégal","https://images.coinafrique.com/thumb_4042129_uploaded_image1_1673293586.jpg"
"1771242933-1339","https://sn.coinafrique.com/categorie/vetements-enfants?page=4","Ensemble enfants","Prix sur demande","HLM, Dakar, Sénégal","https://images.coinafrique.com/thumb_4042132_uploaded_image1_1673293667.jpg"
"1771242933-1340","https://sn.coinafrique.com/categorie/vetements-enfants?page=4","Ensemble enfants","7 000CFA","Dakar Plateau, Dakar, Sénégal","https://images.coinafrique.com/thumb_4038305_uploaded_image1_1673043715.jpg"
"1771242933-1341","https://sn.coinafrique.com/categorie/vetements-enfants?page=4","Vêtement friperie enfant","6 000CFA","Colobane, Dakar, Sénégal","https://images.coinafrique.com/thumb_4072975_uploaded_image1_1675197514.jpg"
"1771242933-1342","https://sn.coinafrique.com/categorie/vetements-enfants?page=4","Greniers enfants","1 000CFA","Colobane, Dakar, Sénégal","https://images.coinafrique.com/thumb_4072974_uploaded_image1_1675197428.jpg"
"1771242933-1343","https://sn.coinafrique.com/categorie/vetements-enfants?page=4","Friperie enfants","Prix sur demande","Colobane, Dakar, Sénégal","https://images.coinafrique.com/thumb_4072973_uploaded_image1_1675197383.jpg"
"1771242933-1344","https://sn.coinafrique.com/categorie/vetements-enfants?page=4","Friperie peignoir enfants","3 000CFA","Colobane, Dakar, Sénégal","https://images.coinafrique.com/thumb_4072972_uploaded_image1_1675197339.jpg"
"1771242940-1345","https://sn.coinafrique.com/categorie/vetements-enfants?page=3","Djellaba enfant","12 000CFA","Colobane, Dakar, Sénégal","https://images.coinafrique.com/thumb_4683616_uploaded_image1_1712666779.jpg"
"1771242940-1346","https://sn.coinafrique.com/categorie/vetements-enfants?page=3","Djellaba enfants","15 000CFA","Cambérène, Dakar, Sénégal","https://images.coinafrique.com/thumb_4682806_uploaded_image1_1712615672.jpg"
"1771242940-1347","https://sn.coinafrique.com/categorie/vetements-enfants?page=3","Djellaba enfants","10 000CFA","Cambérène, Dakar, Sénégal","https://images.coinafrique.com/thumb_4682804_uploaded_image1_1712615617.jpg"
"1771242940-1348","https://sn.coinafrique.com/categorie/vetements-enfants?page=3","Djellaba enfants","12 500CFA","Cambérène, Dakar, Sénégal","https://images.coinafrique.com/thumb_4682799_uploaded_image1_1712615352.jpg"
"1771242940-1349","https://sn.coinafrique.com/categorie/vetements-enfants?page=3","Ensemble 3 pièces enfants","10 000CFA","Colobane, Dakar, Sénégal","https://images.coinafrique.com/thumb_4669732_uploaded_image1_1711987098.jpg"
"1771242940-1350","https://sn.coinafrique.com/categorie/vetements-enfants?page=3","Vêtements enfants","6 000CFA","Colobane, Dakar, Sénégal","https://images.coinafrique.com/thumb_4669723_uploaded_image1_1711986941.jpg"
"1771242940-1351","https://sn.coinafrique.com/categorie/vetements-enfants?page=3","Slips pour enfants 2 - 8 ans","6 000CFA","Colobane, Dakar, Sénégal","https://images.coinafrique.com/thumb_4668016_uploaded_image1_1711892538.jpg"
"1771242940-1352","https://sn.coinafrique.com/categorie/vetements-enfants?page=3","Vetement  enfants","10 000CFA","Colobane, Dakar, Sénégal","https://images.coinafrique.com/thumb_4667484_uploaded_image1_1711840999.jpg"
"1771242940-1353","https://sn.coinafrique.com/categorie/vetements-enfants?page=3","Robe enfant","6 000CFA","Cambérène, Dakar, Sénégal","https://images.coinafrique.com/thumb_4666224_uploaded_image1_1711745782.jpg"
"1771242940-1354","https://sn.coinafrique.com/categorie/vetements-enfants?page=3","Ensemble petit garçon","9 000CFA","Dakar, Sénégal","https://images.coinafrique.com/thumb_4709506_uploaded_image1_1713995931.jpg"
"1771242940-1355","https://sn.coinafrique.com/categorie/vetements-enfants?page=3","Ensemble crop top","12 000CFA","Dakar, Sénégal","https://images.coinafrique.com/thumb_4709483_uploaded_image1_1713995121.jpg"
"1771242940-1356","https://sn.coinafrique.com/categorie/vetements-enfants?page=3","Ensemble maillot de bain","9 000CFA","Dakar, Sénégal","https://images.coinafrique.com/thumb_4709459_uploaded_image1_1713994419.jpg"
"1771242940-1357","https://sn.coinafrique.com/categorie/vetements-enfants?page=3","Robes enfants","10 000CFA","Grand Yoff, Dakar, Sénégal","https://images.coinafrique.com/thumb_4667155_uploaded_image1_1711816360.jpg"
"1771242940-1358","https://sn.coinafrique.com/categorie/vetements-enfants?page=3","Robes en basin enfants","10 000CFA","Grand Yoff, Dakar, Sénégal","https://images.coinafrique.com/thumb_4667140_uploaded_image1_1711815203.jpg"
"1771242940-1359","https://sn.coinafrique.com/categorie/vetements-enfants?page=3","Robes basine et brodé enfant","10 000CFA","Grand Yoff, Dakar, Sénégal","https://images.coinafrique.com/thumb_4667139_uploaded_image1_1711815054.jpg"
"1771242940-1360","https://sn.coinafrique.com/categorie/vetements-enfants?page=3","Robes enfant basin et brodé","10 000CFA","Grand Yoff, Dakar, Sénégal","https://images.coinafrique.com/thumb_4667136_uploaded_image1_1711814665.jpg"
"1771242940-1361","https://sn.coinafrique.com/categorie/vetements-enfants?page=3","Vêtements enfants","7 000CFA","Colobane, Dakar, Sénégal","https://images.coinafrique.com/thumb_4659704_uploaded_image1_1711412034.jpg"
"1771242940-1362","https://sn.coinafrique.com/categorie/vetements-enfants?page=3","Ensemble robe enfants","5 000CFA","Colobane, Dakar, Sénégal","https://images.coinafrique.com/thumb_4659695_uploaded_image1_1711411505.jpg"
"1771242940-1363","https://sn.coinafrique.com/categorie/vetements-enfants?page=3","Vêtements enfants","5 000CFA","Colobane, Dakar, Sénégal","https://images.coinafrique.com/thumb_4659699_uploaded_image1_1711411751.jpg"
"1771242940-1364","https://sn.coinafrique.com/categorie/vetements-enfants?page=3","Ensemble pour enfants","5 000CFA","Colobane, Dakar, Sénégal","https://images.coinafrique.com/thumb_4659694_uploaded_image1_1711411367.jpg"
"1771242940-1365","https://sn.coinafrique.com/categorie/vetements-enfants?page=3","Pantalons enfant","6 000CFA","Colobane, Dakar, Sénégal","https://images.coinafrique.com/thumb_4659691_uploaded_image1_1711411286.jpg"
"1771242940-1366","https://sn.coinafrique.com/categorie/vetements-enfants?page=3","Robe Turquie  enfants","7 000CFA","Colobane, Dakar, Sénégal","https://images.coinafrique.com/thumb_4653806_uploaded_image1_1711066086.jpg"
"1771242940-1367","https://sn.coinafrique.com/categorie/vetements-enfants?page=3","Djellaba enfant","6 000CFA","Colobane, Dakar, Sénégal","https://images.coinafrique.com/thumb_4651640_uploaded_image1_1710950622.jpg"
"1771242940-1368","https://sn.coinafrique.com/categorie/vetements-enfants?page=3","Ensemble 3 pièces  enfants","20 000CFA","Colobane, Dakar, Sénégal","https://images.coinafrique.com/thumb_4651598_uploaded_image1_1710949536.jpg"
"1771242940-1369","https://sn.coinafrique.com/categorie/vetements-enfants?page=3","Vetements enfant","10 000CFA","Colobane, Dakar, Sénégal","https://images.coinafrique.com/thumb_4645364_uploaded_image1_1710623336.jpg"
"1771242940-1370","https://sn.coinafrique.com/categorie/vetements-enfants?page=3","Djellaba enfant","13 000CFA","Colobane, Dakar, Sénégal","https://images.coinafrique.com/thumb_4645145_uploaded_image1_1710608095.jpg"
"1771242940-1371","https://sn.coinafrique.com/categorie/vetements-enfants?page=3","Ensemble  enfants","13 000CFA","Colobane, Dakar, Sénégal","https://images.coinafrique.com/thumb_4643810_uploaded_image1_1710528700.jpg"
"1771242940-1372","https://sn.coinafrique.com/categorie/vetements-enfants?page=3","Robe enfant","5 000CFA","Parcelle Assainies, Dakar, Sénégal","https://images.coinafrique.com/thumb_4686601_uploaded_image1_1712843423.jpg"
"1771242940-1373","https://sn.coinafrique.com/categorie/vetements-enfants?page=3","Robe enfant","4 000CFA","Parcelle Assainies, Dakar, Sénégal","https://images.coinafrique.com/thumb_4686597_uploaded_image1_1712843301.jpg"
"1771242940-1374","https://sn.coinafrique.com/categorie/vetements-enfants?page=3","Vêtements enfants","3 000CFA","Parcelle Assainies, Dakar, Sénégal","https://images.coinafrique.com/thumb_4686588_uploaded_image1_1712843043.jpg"
"1771242940-1375","https://sn.coinafrique.com/categorie/vetements-enfants?page=3","Vêtements enfants","1 700CFA","Parcelle Assainies, Dakar, Sénégal","https://images.coinafrique.com/thumb_4686576_uploaded_image1_1712842903.jpg"
"1771242940-1376","https://sn.coinafrique.com/categorie/vetements-enfants?page=3","Vêtements enfants","1 500CFA","Parcelle Assainies, Dakar, Sénégal","https://images.coinafrique.com/thumb_4686563_uploaded_image1_1712842706.jpg"
"1771242940-1377","https://sn.coinafrique.com/categorie/vetements-enfants?page=3","Djellaba enfant","18 000CFA","Colobane, Dakar, Sénégal","https://images.coinafrique.com/thumb_4639600_uploaded_image1_1710311876.jpg"
"1771242940-1378","https://sn.coinafrique.com/categorie/vetements-enfants?page=3","Djellaba enfant","15 000CFA","Colobane, Dakar, Sénégal","https://images.coinafrique.com/thumb_4639590_uploaded_image1_1710311581.jpg"
"1771242940-1379","https://sn.coinafrique.com/categorie/vetements-enfants?page=3","Vêtements enfant","9 500CFA","Dakar, Sénégal","https://images.coinafrique.com/thumb_4677506_uploaded_image1_1712318751.jpg"
"1771242940-1380","https://sn.coinafrique.com/categorie/vetements-enfants?page=3","Djellaba enfants","20 000CFA","Dieuppeul-Derklé, Dakar, Sénégal","https://images.coinafrique.com/thumb_4676613_uploaded_image1_1712271072.jpg"
"1771242940-1381","https://sn.coinafrique.com/categorie/vetements-enfants?page=3","Silip enfants","2 500CFA","Mermoz-Sacré Coeur, Dakar, Sénégal","https://images.coinafrique.com/thumb_4672209_uploaded_image1_1712088527.jpg"
"1771242940-1382","https://sn.coinafrique.com/categorie/vetements-enfants?page=3","Pack Jelleba pour enfant","15 000CFA","Mbao, Dakar, Sénégal","https://images.coinafrique.com/thumb_4655936_uploaded_image1_1711198926.jpg"
"1771242940-1383","https://sn.coinafrique.com/categorie/vetements-enfants?page=3","Djellaba enfant","5 000CFA","Colobane, Dakar, Sénégal","https://images.coinafrique.com/thumb_4608935_uploaded_image1_1708714886.jpg"
"1771242940-1384","https://sn.coinafrique.com/categorie/vetements-enfants?page=3","Robe femme","15 000CFA","Parcelle Assainies, Dakar, Sénégal","https://images.coinafrique.com/thumb_4652500_uploaded_image1_1711013502.jpg"
"1771242940-1385","https://sn.coinafrique.com/categorie/vetements-enfants?page=3","Robe fille","15 000CFA","Medina, Dakar, Sénégal","https://images.coinafrique.com/thumb_4651732_uploaded_image1_1710953991.jpg"
"1771242940-1386","https://sn.coinafrique.com/categorie/vetements-enfants?page=3","Djellaba enfants","12 000CFA","Colobane, Dakar, Sénégal","https://images.coinafrique.com/thumb_4600870_uploaded_image1_1708347775.jpg"
"1771242940-1387","https://sn.coinafrique.com/categorie/vetements-enfants?page=3","Djellaba enfants","12 000CFA","Colobane, Dakar, Sénégal","https://images.coinafrique.com/thumb_4600864_uploaded_image1_1708347454.jpg"
"1771242940-1388","https://sn.coinafrique.com/categorie/vetements-enfants?page=3","Djellaba enfants","12 000CFA","Colobane, Dakar, Sénégal","https://images.coinafrique.com/thumb_4600865_uploaded_image1_1708347569.jpg"
"1771242940-1389","https://sn.coinafrique.com/categorie/vetements-enfants?page=3","Djellaba enfants","12 000CFA","Colobane, Dakar, Sénégal","https://images.coinafrique.com/thumb_4600868_uploaded_image1_1708347690.jpg"
"1771242940-1390","https://sn.coinafrique.com/categorie/vetements-enfants?page=3","Vêtements bébé","Prix sur demande","Dakar, Sénégal","https://images.coinafrique.com/thumb_4624772_uploaded_image2_1709562313.jpeg"
"1771242940-1391","https://sn.coinafrique.com/categorie/vetements-enfants?page=3","Grenouillère","Prix sur demande","Dakar, Sénégal","https://images.coinafrique.com/thumb_4623255_uploaded_image2_1709484828.jpeg"
"1771242940-1392","https://sn.coinafrique.com/categorie/vetements-enfants?page=3","Tenue anniversaire enfant","Prix sur demande","Dakar, Sénégal","https://images.coinafrique.com/thumb_4623058_uploaded_image1_1709473724.jpg"
"1771242940-1393","https://sn.coinafrique.com/categorie/vetements-enfants?page=3","Robes enfant","15 000CFA","Medina, Dakar, Sénégal","https://images.coinafrique.com/thumb_4623032_uploaded_image1_1709472242.jpg"
"1771242940-1394","https://sn.coinafrique.com/categorie/vetements-enfants?page=3","Vêtements enfant","Prix sur demande","Colobane, Dakar, Sénégal","https://images.coinafrique.com/thumb_4615109_uploaded_image1_1709070529.jpg"
"1771242940-1395","https://sn.coinafrique.com/categorie/vetements-enfants?page=3","Ensemble filles","5 000CFA","Sicap Liberté, Dakar, Sénégal","https://images.coinafrique.com/thumb_4615094_uploaded_image1_1709070182.jpg"
"1771242940-1396","https://sn.coinafrique.com/categorie/vetements-enfants?page=3","Coffret naissance","15 000CFA","Sipres, Dakar, Sénégal","https://images.coinafrique.com/thumb_4608080_uploaded_image1_1708687411.jpg"
"1771242940-1397","https://sn.coinafrique.com/categorie/vetements-enfants?page=3","Robe enfant","9 000CFA","Dieuppeul-Derklé, Dakar, Sénégal","https://images.coinafrique.com/thumb_4607426_uploaded_image1_1708642698.jpg"
"1771242940-1398","https://sn.coinafrique.com/categorie/vetements-enfants?page=3","Grenouillère","3 500CFA","Dieuppeul-Derklé, Dakar, Sénégal","https://images.coinafrique.com/thumb_4606506_uploaded_image1_1708607013.jpg"
"1771242940-1399","https://sn.coinafrique.com/categorie/vetements-enfants?page=3","Pantalon friperie enfants","3 000CFA","Colobane, Dakar, Sénégal","https://images.coinafrique.com/thumb_4604387_uploaded_image1_1708513793.jpg"
"1771242940-1400","https://sn.coinafrique.com/categorie/vetements-enfants?page=3","Pantalon friperie enfants","3 000CFA","Colobane, Dakar, Sénégal","https://images.coinafrique.com/thumb_4604385_uploaded_image1_1708513782.jpg"
"1771242940-1401","https://sn.coinafrique.com/categorie/vetements-enfants?page=3","Pantalon friperie enfants","3 000CFA","Colobane, Dakar, Sénégal","https://images.coinafrique.com/thumb_4604379_uploaded_image1_1708513648.jpg"
"1771242940-1402","https://sn.coinafrique.com/categorie/vetements-enfants?page=3","Pantalon enfant friperie","3 000CFA","Colobane, Dakar, Sénégal","https://images.coinafrique.com/thumb_4604378_uploaded_image1_1708513583.jpg"
"1771242940-1403","https://sn.coinafrique.com/categorie/vetements-enfants?page=3","Blouson enfants","8 500CFA","Colobane, Dakar, Sénégal","https://images.coinafrique.com/thumb_4556181_uploaded_image1_1705852562.jpg"
"1771242940-1404","https://sn.coinafrique.com/categorie/vetements-enfants?page=3","Robe bébé 0 - 9 mois","2 000CFA","Thies, Sénégal","https://images.coinafrique.com/thumb_4588746_uploaded_image1_1707650951.jpg"
"1771242940-1405","https://sn.coinafrique.com/categorie/vetements-enfants?page=3","Vêtements pour bébé","500CFA","Sicap Liberté, Dakar, Sénégal","https://images.coinafrique.com/thumb_4585357_uploaded_image1_1707428281.jpg"
"1771242940-1406","https://sn.coinafrique.com/categorie/vetements-enfants?page=3","Ensemble blouson pour fille","4 000CFA","Thies, Sénégal","https://images.coinafrique.com/thumb_4577293_uploaded_image1_1707012822.jpg"
"1771242940-1407","https://sn.coinafrique.com/categorie/vetements-enfants?page=3","Vêtement enfant","8 500CFA","Keur Massar, Sénégal","https://images.coinafrique.com/thumb_4571573_uploaded_image1_1706729137.jpg"
"1771242940-1408","https://sn.coinafrique.com/categorie/vetements-enfants?page=3","Vêtement enfant","8 500CFA","Keur Massar, Sénégal","https://images.coinafrique.com/thumb_4571570_uploaded_image1_1706729054.jpg"
"1771242940-1409","https://sn.coinafrique.com/categorie/vetements-enfants?page=3","Vêtement enfant","10 000CFA","Keur Massar, Sénégal","https://images.coinafrique.com/thumb_4571564_uploaded_image1_1706728937.jpg"
"1771242940-1410","https://sn.coinafrique.com/categorie/vetements-enfants?page=3","Vetements  enfants","8 000CFA","Colobane, Dakar, Sénégal","https://images.coinafrique.com/thumb_4519620_uploaded_image1_1703885107.jpg"
"1771242940-1411","https://sn.coinafrique.com/categorie/vetements-enfants?page=3","Ensemble enfant","6 000CFA","Dakar Plateau, Dakar, Sénégal","https://images.coinafrique.com/thumb_4512928_uploaded_image1_1703449636.jpg"
"1771242940-1412","https://sn.coinafrique.com/categorie/vetements-enfants?page=3","Vetement enfants","8 000CFA","Colobane, Dakar, Sénégal","https://images.coinafrique.com/thumb_4510412_uploaded_image1_1703252917.jpg"
"1771242940-1413","https://sn.coinafrique.com/categorie/vetements-enfants?page=3","Vêtements enfants","8 000CFA","Colobane, Dakar, Sénégal","https://images.coinafrique.com/thumb_4510416_uploaded_image1_1703253068.jpg"
"1771242940-1414","https://sn.coinafrique.com/categorie/vetements-enfants?page=3","Blouson pour enfant 4 - 15 ans","8 000CFA","Colobane, Dakar, Sénégal","https://images.coinafrique.com/thumb_4505009_uploaded_image1_1702930372.jpg"
"1771242940-1415","https://sn.coinafrique.com/categorie/vetements-enfants?page=3","Ensemble blouson pour fille","5 500CFA","Thies, Sénégal","https://images.coinafrique.com/thumb_4538922_uploaded_image1_1704933290.jpg"
"1771242940-1416","https://sn.coinafrique.com/categorie/vetements-enfants?page=3","Blouson pour fille","6 000CFA","Almadies, Dakar, Sénégal","https://images.coinafrique.com/thumb_4527014_uploaded_image1_1704375688.jpg"
"1771242940-1417","https://sn.coinafrique.com/categorie/vetements-enfants?page=3","Pull enfant avec capuche","5 000CFA","Thies, Sénégal","https://images.coinafrique.com/thumb_4522850_uploaded_image1_1704190687.jpg"
"1771242940-1418","https://sn.coinafrique.com/categorie/vetements-enfants?page=3","Pull pour enfant","5 000CFA","Thies, Sénégal","https://images.coinafrique.com/thumb_4522837_uploaded_image1_1704190481.jpg"
"1771242940-1419","https://sn.coinafrique.com/categorie/vetements-enfants?page=3","Friperie enfants","Prix sur demande","Colobane, Dakar, Sénégal","https://images.coinafrique.com/thumb_4517974_uploaded_image2_1703783715.jpeg"
"1771242940-1420","https://sn.coinafrique.com/categorie/vetements-enfants?page=3","Friperie enfants","Prix sur demande","Colobane, Dakar, Sénégal","https://images.coinafrique.com/thumb_4516547_uploaded_image1_1703706216.jpg"
"1771242940-1421","https://sn.coinafrique.com/categorie/vetements-enfants?page=3","Friperie enfants","Prix sur demande","Colobane, Dakar, Sénégal","https://images.coinafrique.com/thumb_4513354_uploaded_image3_1703506745.jpeg"
"1771242940-1422","https://sn.coinafrique.com/categorie/vetements-enfants?page=3","Blouson enfant","5 000CFA","Yoff, Dakar, Sénégal","https://images.coinafrique.com/thumb_4511874_uploaded_image1_1703350100.jpg"
"1771242940-1423","https://sn.coinafrique.com/categorie/vetements-enfants?page=3","Blouson enfant","5 500CFA","Yoff, Dakar, Sénégal","https://images.coinafrique.com/thumb_4511870_uploaded_image1_1703349818.jpg"
"1771242940-1424","https://sn.coinafrique.com/categorie/vetements-enfants?page=3","Ensemble enfants 2 - 6ans","8 000CFA","Colobane, Dakar, Sénégal","https://images.coinafrique.com/thumb_4464056_uploaded_image1_1700401019.jpg"
"1771242940-1425","https://sn.coinafrique.com/categorie/vetements-enfants?page=3","Ensemble enfant","Prix sur demande","Dakar Plateau, Dakar, Sénégal","https://images.coinafrique.com/thumb_4455065_uploaded_image1_1699814184.jpg"
"1771242940-1426","https://sn.coinafrique.com/categorie/vetements-enfants?page=3","Ensemble veste pour enfant","23 000CFA","Dakar, Sénégal","https://images.coinafrique.com/thumb_4479762_uploaded_image1_1701402947.jpg"
"1771242940-1427","https://sn.coinafrique.com/categorie/vetements-enfants?page=3","Slips enfants","7 000CFA","Mermoz-Sacré Coeur, Dakar, Sénégal","https://images.coinafrique.com/thumb_4467057_uploaded_image1_1700591564.jpg"
"1771242940-1428","https://sn.coinafrique.com/categorie/vetements-enfants?page=3","Polos  Lacoste enfants","4 500CFA","Dakar Plateau, Dakar, Sénégal","https://images.coinafrique.com/thumb_4394815_uploaded_image1_1695942580.jpg"
"1771242948-1429","https://sn.coinafrique.com/categorie/vetements-enfants?page=2","Dialab pour enfant","7 000CFA","Colobane, Dakar, Sénégal","https://images.coinafrique.com/thumb_5214595_uploaded_image1_1741112064.jpg"
"1771242948-1430","https://sn.coinafrique.com/categorie/vetements-enfants?page=2","Robe Iris enfant","15 000CFA","Ngor, Dakar, Sénégal","https://images.coinafrique.com/thumb_5204766_uploaded_image1_1740600489.jpg"
"1771242948-1431","https://sn.coinafrique.com/categorie/vetements-enfants?page=2","Jalaba  pour enfants","15 000CFA","Parcelle Assainies, Dakar, Sénégal","https://images.coinafrique.com/thumb_5246903_uploaded_image1_1742748145.jpg"
"1771242948-1432","https://sn.coinafrique.com/categorie/vetements-enfants?page=2","Jalaba  pour enfants","7 000CFA","Parcelle Assainies, Dakar, Sénégal","https://images.coinafrique.com/thumb_5246901_uploaded_image2_1742748053.jpeg"
"1771242948-1433","https://sn.coinafrique.com/categorie/vetements-enfants?page=2","Maillots enfants","10 000CFA","Dieuppeul-Derklé, Dakar, Sénégal","https://images.coinafrique.com/thumb_5246062_uploaded_image1_1742692008.jpg"
"1771242948-1434","https://sn.coinafrique.com/categorie/vetements-enfants?page=2","Robe de prière  enfant","5 000CFA","Sicap Liberté, Dakar, Sénégal","https://images.coinafrique.com/thumb_5241328_uploaded_image1_1742452229.jpg"
"1771242948-1435","https://sn.coinafrique.com/categorie/vetements-enfants?page=2","Vetement  enfants","8 500CFA","Fass, Dakar, Sénégal","https://images.coinafrique.com/thumb_5193655_uploaded_image1_1739987145.jpg"
"1771242948-1436","https://sn.coinafrique.com/categorie/vetements-enfants?page=2","Robe enfant","Prix sur demande","Ouakam, Dakar, Sénégal","https://images.coinafrique.com/thumb_5225588_uploaded_image1_1741658299.jpg"
"1771242948-1437","https://sn.coinafrique.com/categorie/vetements-enfants?page=2","Robe enfant","Prix sur demande","Ouakam, Dakar, Sénégal","https://images.coinafrique.com/thumb_5225585_uploaded_image1_1741658034.jpg"
"1771242948-1438","https://sn.coinafrique.com/categorie/vetements-enfants?page=2","Robe enfant","Prix sur demande","Ouakam, Dakar, Sénégal","https://images.coinafrique.com/thumb_5225584_uploaded_image1_1741657625.jpg"
"1771242948-1439","https://sn.coinafrique.com/categorie/vetements-enfants?page=2","Djialap pour enfant de 4ans jusqua 18ans","6 500CFA","Colobane, Dakar, Sénégal","https://images.coinafrique.com/thumb_5181431_uploaded_image1_1739304816.jpg"
"1771242948-1440","https://sn.coinafrique.com/categorie/vetements-enfants?page=2","Dialabé enfant","10 000CFA","Fass, Dakar, Sénégal","https://images.coinafrique.com/thumb_5181204_uploaded_image1_1739296973.jpg"
"1771242948-1441","https://sn.coinafrique.com/categorie/vetements-enfants?page=2","Djialabé enfant","8 000CFA","Parcelle Assainies, Dakar, Sénégal","https://images.coinafrique.com/thumb_5196620_uploaded_image1_1740145128.jpg"
"1771242948-1442","https://sn.coinafrique.com/categorie/vetements-enfants?page=2","Ensemble mardi gras","8 000CFA","Dakar Plateau, Dakar, Sénégal","https://images.coinafrique.com/thumb_5171755_uploaded_image1_1738776386.jpg"
"1771242948-1443","https://sn.coinafrique.com/categorie/vetements-enfants?page=2","Ensemble pour enfant de 1ans jusqua 15ans","7 000CFA","Colobane, Dakar, Sénégal","https://images.coinafrique.com/thumb_5116396_uploaded_image1_1735846707.jpg"
"1771242948-1444","https://sn.coinafrique.com/categorie/vetements-enfants?page=2","Vêtement enfant","1 000CFA","Sicap foire, Dakar, Sénégal","https://images.coinafrique.com/thumb_5141487_uploaded_image1_1737219569.jpg"
"1771242948-1445","https://sn.coinafrique.com/categorie/vetements-enfants?page=2","Vêtements enfants","4 500CFA","Mbao, Dakar, Sénégal","https://images.coinafrique.com/thumb_5130020_uploaded_image1_1736594996.jpg"
"1771242948-1446","https://sn.coinafrique.com/categorie/vetements-enfants?page=2","Vêtements enfants","4 500CFA","Mbao, Dakar, Sénégal","https://images.coinafrique.com/thumb_5129146_uploaded_image1_1736533355.jpg"
"1771242948-1447","https://sn.coinafrique.com/categorie/vetements-enfants?page=2","Genouillère anti-dérapante en coton","Prix sur demande","Mermoz-Sacré Coeur, Dakar, Sénégal","https://images.coinafrique.com/thumb_5120586_uploaded_image1_1736107643.jpg"
"1771242948-1448","https://sn.coinafrique.com/categorie/vetements-enfants?page=2","Ensemble pour enfant","8 000CFA","Colobane, Dakar, Sénégal","https://images.coinafrique.com/thumb_5071417_uploaded_image1_1733140647.jpg"
"1771242948-1449","https://sn.coinafrique.com/categorie/vetements-enfants?page=2","Vêtements bébé","1 000CFA","Colobane, Dakar, Sénégal","https://images.coinafrique.com/thumb_5106688_uploaded_image1_1735128985.jpg"
"1771242948-1450","https://sn.coinafrique.com/categorie/vetements-enfants?page=2","Vêtements bébé","1 000CFA","Colobane, Dakar, Sénégal","https://images.coinafrique.com/thumb_5106673_uploaded_image1_1735128585.jpg"
"1771242948-1451","https://sn.coinafrique.com/categorie/vetements-enfants?page=2","Vêtements bébé","1 000CFA","Colobane, Dakar, Sénégal","https://images.coinafrique.com/thumb_5106669_uploaded_image1_1735128475.jpg"
"1771242948-1452","https://sn.coinafrique.com/categorie/vetements-enfants?page=2","Vêtements bébé","1 000CFA","Colobane, Dakar, Sénégal","https://images.coinafrique.com/thumb_5106661_uploaded_image1_1735128299.jpg"
"1771242948-1453","https://sn.coinafrique.com/categorie/vetements-enfants?page=2","Blouson pour enfant","8 000CFA","Colobane, Dakar, Sénégal","https://images.coinafrique.com/thumb_5058990_uploaded_image1_1732437877.jpg"
"1771242948-1454","https://sn.coinafrique.com/categorie/vetements-enfants?page=2","Blouson pour enfants 100% coton 3 ans 9ans","8 000CFA","Colobane, Dakar, Sénégal","https://images.coinafrique.com/thumb_5046861_uploaded_image1_1731758020.jpg"
"1771242948-1455","https://sn.coinafrique.com/categorie/vetements-enfants?page=2","Blouson  pour enfants 3ans à 10ans","8 000CFA","Ouest Foire, Dakar, Sénégal","https://images.coinafrique.com/thumb_5046278_uploaded_image1_1731706267.jpg"
"1771242948-1456","https://sn.coinafrique.com/categorie/vetements-enfants?page=2","Blouson coton pour enfants de 1ans 8ans","8 000CFA","Ouest Foire, Dakar, Sénégal","https://images.coinafrique.com/thumb_5046169_uploaded_image1_1731701583.jpg"
"1771242948-1457","https://sn.coinafrique.com/categorie/vetements-enfants?page=2","Blouson pour enfants 4ans à 15ans","8 000CFA","Ouest Foire, Dakar, Sénégal","https://images.coinafrique.com/thumb_5046164_uploaded_image1_1731701239.jpg"
"1771242948-1458","https://sn.coinafrique.com/categorie/vetements-enfants?page=2","Blouson pour enfants de 4ans à 12ans","8 000CFA","Ouest Foire, Dakar, Sénégal","https://images.coinafrique.com/thumb_5046160_uploaded_image1_1731700970.jpg"
"1771242948-1459","https://sn.coinafrique.com/categorie/vetements-enfants?page=2","Blouson pour enfants 1ans 5 ans","5 000CFA","Ouest Foire, Dakar, Sénégal","https://images.coinafrique.com/thumb_5046156_uploaded_image1_1731700664.jpg"
"1771242948-1460","https://sn.coinafrique.com/categorie/vetements-enfants?page=2","Blouson pour enfants 3 ans à 8 ans","8 000CFA","Ouest Foire, Dakar, Sénégal","https://images.coinafrique.com/thumb_5045455_uploaded_image1_1731673153.jpg"
"1771242948-1461","https://sn.coinafrique.com/categorie/vetements-enfants?page=2","Ensemble Pul Enfants","18 000CFA","Dakar, Sénégal","https://images.coinafrique.com/thumb_5081973_uploaded_image1_1733664739.jpg"
"1771242948-1462","https://sn.coinafrique.com/categorie/vetements-enfants?page=2","Ensemble costumes enfants","25 000CFA","Dakar, Sénégal","https://images.coinafrique.com/thumb_5081958_uploaded_image1_1733664149.jpg"
"1771242948-1463","https://sn.coinafrique.com/categorie/vetements-enfants?page=2","Ensemble pour enfant cotton","6 000CFA","Colobane, Dakar, Sénégal","https://images.coinafrique.com/thumb_5028888_uploaded_image1_1730844775.jpg"
"1771242948-1464","https://sn.coinafrique.com/categorie/vetements-enfants?page=2","Maillots enfants sénégal","10 000CFA","Dakar Plateau, Dakar, Sénégal","https://images.coinafrique.com/thumb_5054255_uploaded_image2_1732155894.jpeg"
"1771242948-1465","https://sn.coinafrique.com/categorie/vetements-enfants?page=2","Pantalon pour enfant 14ans 15ans","4 000CFA","Colobane, Dakar, Sénégal","https://images.coinafrique.com/thumb_4976513_uploaded_image1_1728030461.jpg"
"1771242948-1466","https://sn.coinafrique.com/categorie/vetements-enfants?page=2","Lot pyjamas enfant 6/8 ans","11 000CFA","Almadies, Dakar, Sénégal","https://images.coinafrique.com/thumb_5014321_uploaded_image1_1730104437.jpg"
"1771242948-1467","https://sn.coinafrique.com/categorie/vetements-enfants?page=2","Ensemble veste garçon 5 pièces","28 000CFA","Dakar, Sénégal","https://images.coinafrique.com/thumb_5010327_uploaded_image1_1729813849.jpg"
"1771242948-1468","https://sn.coinafrique.com/categorie/vetements-enfants?page=2","Costume enfant","28 000CFA","Dakar, Sénégal","https://images.coinafrique.com/thumb_5010301_uploaded_image1_1729811616.jpg"
"1771242948-1469","https://sn.coinafrique.com/categorie/vetements-enfants?page=2","Vêtements   pour enfant","10 000CFA","Colobane, Dakar, Sénégal","https://images.coinafrique.com/thumb_4961200_uploaded_image1_1727261868.jpg"
"1771242948-1470","https://sn.coinafrique.com/categorie/vetements-enfants?page=2","Ensemble pour enfant","10 000CFA","Colobane, Dakar, Sénégal","https://images.coinafrique.com/thumb_4961210_uploaded_image1_1727262074.jpg"
"1771242948-1471","https://sn.coinafrique.com/categorie/vetements-enfants?page=2","Robes de fête","Prix sur demande","Dakar, Sénégal","https://images.coinafrique.com/thumb_5002636_uploaded_image1_1729418520.jpg"
"1771242948-1472","https://sn.coinafrique.com/categorie/vetements-enfants?page=2","Ensemble pour enfant 0ans jusqua 15ans","6 000CFA","Colobane, Dakar, Sénégal","https://images.coinafrique.com/thumb_4957241_uploaded_image1_1727083231.jpg"
"1771242948-1473","https://sn.coinafrique.com/categorie/vetements-enfants?page=2","Jeans enfants","Prix sur demande","Grand Yoff, Dakar, Sénégal","https://images.coinafrique.com/thumb_4991997_uploaded_image1_1728856374.jpg"
"1771242948-1474","https://sn.coinafrique.com/categorie/vetements-enfants?page=2","Pantalon enfants","6 000CFA","Dakar Plateau, Dakar, Sénégal","https://images.coinafrique.com/thumb_4945928_uploaded_image1_1726439169.jpg"
"1771242948-1475","https://sn.coinafrique.com/categorie/vetements-enfants?page=2","Vetement enfants","Prix sur demande","Dakar Plateau, Dakar, Sénégal","https://images.coinafrique.com/thumb_4931868_uploaded_image1_1725656850.jpg"
"1771242948-1476","https://sn.coinafrique.com/categorie/vetements-enfants?page=2","Veste Jacadi","12 000CFA","Almadies, Dakar, Sénégal","https://images.coinafrique.com/thumb_4931211_uploaded_image1_1725627889.jpg"
"1771242948-1477","https://sn.coinafrique.com/categorie/vetements-enfants?page=2","Veste Softshell","14 000CFA","Almadies, Dakar, Sénégal","https://images.coinafrique.com/thumb_4931208_uploaded_image1_1725627705.jpg"
"1771242948-1478","https://sn.coinafrique.com/categorie/vetements-enfants?page=2","Peignoirs enfants","Prix sur demande","Dakar Plateau, Dakar, Sénégal","https://images.coinafrique.com/thumb_4866825_uploaded_image1_1722295875.jpg"
"1771242948-1479","https://sn.coinafrique.com/categorie/vetements-enfants?page=2","Serviette de bain pour bébé","4 000CFA","Dakar Plateau, Dakar, Sénégal","https://images.coinafrique.com/thumb_4861240_uploaded_image1_1721949203.jpg"
"1771242948-1480","https://sn.coinafrique.com/categorie/vetements-enfants?page=2","Grenouillère bébé de 0- 24 mois","1 500CFA","Point E, Dakar, Sénégal","https://images.coinafrique.com/thumb_4877415_uploaded_image1_1722816062.jpg"
"1771242948-1481","https://sn.coinafrique.com/categorie/vetements-enfants?page=2","Body pour bébé de 0-24mois","750CFA","Point E, Dakar, Sénégal","https://images.coinafrique.com/thumb_4877371_uploaded_image1_1722813872.jpg"
"1771242948-1482","https://sn.coinafrique.com/categorie/vetements-enfants?page=2","Robe pour fille","4 500CFA","Medina, Dakar, Sénégal","https://images.coinafrique.com/thumb_4886076_uploaded_image1_1723220872.jpg"
"1771242948-1483","https://sn.coinafrique.com/categorie/vetements-enfants?page=2","Robe fille","22 800CFA","Medina, Dakar, Sénégal","https://images.coinafrique.com/thumb_4885783_uploaded_image1_1723209095.jpg"
"1771242948-1484","https://sn.coinafrique.com/categorie/vetements-enfants?page=2","Vêtements de garçon","2 500CFA","Medina, Dakar, Sénégal","https://images.coinafrique.com/thumb_4885328_uploaded_image1_1723192813.jpg"
"1771242948-1485","https://sn.coinafrique.com/categorie/vetements-enfants?page=2","Ensemble pour garçon","4 500CFA","Medina, Dakar, Sénégal","https://images.coinafrique.com/thumb_4885315_uploaded_image1_1723192524.jpg"
"1771242948-1486","https://sn.coinafrique.com/categorie/vetements-enfants?page=2","Pyjama enfant en coton","2 000CFA","Sicap Liberté, Dakar, Sénégal","https://images.coinafrique.com/thumb_4882618_uploaded_image1_1723046965.jpg"
"1771242948-1487","https://sn.coinafrique.com/categorie/vetements-enfants?page=2","Cuissards","210CFA","Medina, Dakar, Sénégal","https://images.coinafrique.com/thumb_4881948_uploaded_image1_1723028512.jpg"
"1771242948-1488","https://sn.coinafrique.com/categorie/vetements-enfants?page=2","Slips pour enfants","7 500CFA","Colobane, Dakar, Sénégal","https://images.coinafrique.com/thumb_4811384_uploaded_image1_1719393861.jpg"
"1771242948-1489","https://sn.coinafrique.com/categorie/vetements-enfants?page=2","Robe princesse","17 500CFA","HLM, Dakar, Sénégal","https://images.coinafrique.com/thumb_4804290_uploaded_image1_1718982555.jpg"
"1771242948-1490","https://sn.coinafrique.com/categorie/vetements-enfants?page=2","Robes princesse","17 500CFA","HLM, Dakar, Sénégal","https://images.coinafrique.com/thumb_4804282_uploaded_image1_1718982396.jpg"
"1771242948-1491","https://sn.coinafrique.com/categorie/vetements-enfants?page=2","Ensemble 3  pièces","15 000CFA","HLM, Dakar, Sénégal","https://images.coinafrique.com/thumb_4788092_uploaded_image1_1717977175.jpg"
"1771242948-1492","https://sn.coinafrique.com/categorie/vetements-enfants?page=2","Robe brodé","10 000CFA","HLM, Dakar, Sénégal","https://images.coinafrique.com/thumb_4787486_uploaded_image1_1717947693.jpg"
"1771242948-1493","https://sn.coinafrique.com/categorie/vetements-enfants?page=2","Couverture bébé","4 000CFA","Dakar, Sénégal","https://images.coinafrique.com/thumb_4782346_uploaded_image1_1717666928.jpg"
"1771242948-1494","https://sn.coinafrique.com/categorie/vetements-enfants?page=2","Ensemble enfant","9 000CFA","Dakar Plateau, Dakar, Sénégal","https://images.coinafrique.com/thumb_4773123_uploaded_image1_1717195531.jpg"
"1771242948-1495","https://sn.coinafrique.com/categorie/vetements-enfants?page=2","Robe anniversaire ou cérémonie","15 000CFA","HLM, Dakar, Sénégal","https://images.coinafrique.com/thumb_4775997_uploaded_image1_1717372054.jpg"
"1771242948-1496","https://sn.coinafrique.com/categorie/vetements-enfants?page=2","Robe pour anniversaire ou cérémonie","15 000CFA","HLM, Dakar, Sénégal","https://images.coinafrique.com/thumb_4775993_uploaded_image1_1717371915.jpg"
"1771242948-1497","https://sn.coinafrique.com/categorie/vetements-enfants?page=2","Ensemble 5 pieces","6 000CFA","HLM, Dakar, Sénégal","https://images.coinafrique.com/thumb_4775968_uploaded_image1_1717370720.jpg"
"1771242948-1498","https://sn.coinafrique.com/categorie/vetements-enfants?page=2","Grenouillère 0 - 9 mois","5 000CFA","HLM, Dakar, Sénégal","https://images.coinafrique.com/thumb_4775960_uploaded_image1_1717370364.jpg"
"1771242948-1499","https://sn.coinafrique.com/categorie/vetements-enfants?page=2","Ensemble bas large fille 10 - 14 ans","12 000CFA","HLM, Dakar, Sénégal","https://images.coinafrique.com/thumb_4775932_uploaded_image1_1717369632.jpg"
"1771242948-1500","https://sn.coinafrique.com/categorie/vetements-enfants?page=2","Ensemble coton fille","5 000CFA","HLM, Dakar, Sénégal","https://images.coinafrique.com/thumb_4775892_uploaded_image1_1717367975.jpg"
"1771242948-1501","https://sn.coinafrique.com/categorie/vetements-enfants?page=2","Robe brodé","15 000CFA","HLM, Dakar, Sénégal","https://images.coinafrique.com/thumb_4775889_uploaded_image1_1717367795.jpg"
"1771242948-1502","https://sn.coinafrique.com/categorie/vetements-enfants?page=2","Robe en coton 9 - 24 mois","5 000CFA","HLM, Dakar, Sénégal","https://images.coinafrique.com/thumb_4775887_uploaded_image1_1717367631.jpg"
"1771242948-1503","https://sn.coinafrique.com/categorie/vetements-enfants?page=2","Robe coton fille 2 - 5 ans","6 000CFA","HLM, Dakar, Sénégal","https://images.coinafrique.com/thumb_4775884_uploaded_image1_1717367280.jpg"
"1771242948-1504","https://sn.coinafrique.com/categorie/vetements-enfants?page=2","Robes brodé","10 000CFA","HLM, Dakar, Sénégal","https://images.coinafrique.com/thumb_4775869_uploaded_image1_1717366678.jpg"
"1771242948-1505","https://sn.coinafrique.com/categorie/vetements-enfants?page=2","Ensemble bas","5 000CFA","HLM, Dakar, Sénégal","https://images.coinafrique.com/thumb_4775865_uploaded_image1_1717366540.jpg"
"1771242948-1506","https://sn.coinafrique.com/categorie/vetements-enfants?page=2","Ensemble bas","5 000CFA","HLM, Dakar, Sénégal","https://images.coinafrique.com/thumb_4775846_uploaded_image2_1717365985.jpeg"
"1771242948-1507","https://sn.coinafrique.com/categorie/vetements-enfants?page=2","Robe enfant","Prix sur demande","Dakar, Sénégal","https://images.coinafrique.com/thumb_4783648_uploaded_image1_1717719693.jpg"
"1771242948-1508","https://sn.coinafrique.com/categorie/vetements-enfants?page=2","Vêtement enfant","5 000CFA","Colobane, Dakar, Sénégal","https://images.coinafrique.com/thumb_4730553_uploaded_image1_1715080309.jpg"
"1771242948-1509","https://sn.coinafrique.com/categorie/vetements-enfants?page=2","Vêtements enfant","8 000CFA","HLM, Dakar, Sénégal","https://images.coinafrique.com/thumb_4770789_uploaded_image1_1717088821.jpg"
"1771242948-1510","https://sn.coinafrique.com/categorie/vetements-enfants?page=2","Slip enfant","2 500CFA","Mermoz-Sacré Coeur, Dakar, Sénégal","https://images.coinafrique.com/thumb_4766856_uploaded_image1_1716912176.jpg"
"1771242948-1511","https://sn.coinafrique.com/categorie/vetements-enfants?page=2","Vêtements enfant","Prix sur demande","Colobane, Dakar, Sénégal","https://images.coinafrique.com/thumb_4750299_uploaded_image1_1716034798.jpg"
"1771242948-1512","https://sn.coinafrique.com/categorie/vetements-enfants?page=2","Vêtements enfant","Prix sur demande","Dakar, Sénégal","https://images.coinafrique.com/thumb_4743643_uploaded_image1_1715718710.jpg"
"1771242957-1513","https://sn.coinafrique.com/categorie/vetements-enfants?page=1","Cemig alagi pour nuafna","7 500CFA","Fass, Dakar, Sénégal","https://images.coinafrique.com/thumb_5772434_uploaded_image1_1770944074.jpg"
"1771242957-1514","https://sn.coinafrique.com/categorie/vetements-enfants?page=1","Djalabe enfants","7 500CFA","Fass, Dakar, Sénégal","https://images.coinafrique.com/thumb_5737163_uploaded_image1_1769170576.jpg"
"1771242957-1515","https://sn.coinafrique.com/categorie/vetements-enfants?page=1","Diabaté enfant","7 500CFA","Parcelle Assainies, Dakar, Sénégal","https://images.coinafrique.com/thumb_5764016_uploaded_image1_1770492074.jpg"
"1771242957-1516","https://sn.coinafrique.com/categorie/vetements-enfants?page=1","Robe enfant","8 500CFA","Fass, Dakar, Sénégal","https://images.coinafrique.com/thumb_5714692_uploaded_image1_1768087870.jpg"
"1771242957-1517","https://sn.coinafrique.com/categorie/vetements-enfants?page=1","Maillot Sénégal enfant","6 000CFA","Fass, Dakar, Sénégal","https://images.coinafrique.com/thumb_5708663_uploaded_image1_1767803374.jpg"
"1771242957-1518","https://sn.coinafrique.com/categorie/vetements-enfants?page=1","Djallaba enfant","8 500CFA","Fass, Dakar, Sénégal","https://images.coinafrique.com/thumb_5700235_uploaded_image1_1767387346.jpg"
"1771242957-1519","https://sn.coinafrique.com/categorie/vetements-enfants?page=1","Blouson pour enfants original","8 500CFA","Colobane, Dakar, Sénégal","https://images.coinafrique.com/thumb_5688318_uploaded_image1_1766596541.jpg"
"1771242957-1520","https://sn.coinafrique.com/categorie/vetements-enfants?page=1","Vêtements enfants","6 000CFA","Mbao, Dakar, Sénégal","https://images.coinafrique.com/thumb_5725300_uploaded_image1_1768606477.jpg"
"1771242957-1521","https://sn.coinafrique.com/categorie/vetements-enfants?page=1","Ensemble blouson bébé et enfant","Prix sur demande","Dakar, Sénégal","https://images.coinafrique.com/thumb_5695010_uploaded_image1_1767029706.jpg"
"1771242957-1522","https://sn.coinafrique.com/categorie/vetements-enfants?page=1","Friperie enfants","3 000CFA","Colobane, Dakar, Sénégal","https://images.coinafrique.com/thumb_5693218_uploaded_image1_1766931703.jpg"
"1771242957-1523","https://sn.coinafrique.com/categorie/vetements-enfants?page=1","Pantalon pour enfants original","8 000CFA","Colobane, Dakar, Sénégal","https://images.coinafrique.com/thumb_5636849_uploaded_image1_1763913455.jpg"
"1771242957-1524","https://sn.coinafrique.com/categorie/vetements-enfants?page=1","Emsemble coton pour enfants","7 000CFA","Colobane, Dakar, Sénégal","https://images.coinafrique.com/thumb_5636847_uploaded_image1_1763913261.jpg"
"1771242957-1525","https://sn.coinafrique.com/categorie/vetements-enfants?page=1","Pulls et sweat-shirt enfants 4 ans","1 500CFA","Yoff, Dakar, Sénégal","https://images.coinafrique.com/thumb_5677797_uploaded_image1_1766001882.jpg"
"1771242957-1526","https://sn.coinafrique.com/categorie/vetements-enfants?page=1","3 bavoirs bandana","10 000CFA","Sicap Liberté, Dakar, Sénégal","https://images.coinafrique.com/thumb_5664243_uploaded_image1_1765306309.jpg"
"1771242957-1527","https://sn.coinafrique.com/categorie/vetements-enfants?page=1","Blousons enfants","15 000CFA","Dakar Plateau, Dakar, Sénégal","https://images.coinafrique.com/thumb_5662807_uploaded_image1_1765242466.jpg"
"1771242957-1528","https://sn.coinafrique.com/categorie/vetements-enfants?page=1","Robe brodée","6 000CFA","Pikine, Sénégal","https://images.coinafrique.com/thumb_5657323_uploaded_image1_1764934741.jpg"
"1771242957-1529","https://sn.coinafrique.com/categorie/vetements-enfants?page=1","Robe lin","6 000CFA","Pikine, Sénégal","https://images.coinafrique.com/thumb_5657317_uploaded_image1_1764934579.jpg"
"1771242957-1530","https://sn.coinafrique.com/categorie/vetements-enfants?page=1","Robe","7 000CFA","Pikine, Sénégal","https://images.coinafrique.com/thumb_5657313_uploaded_image1_1764934382.jpg"
"1771242957-1531","https://sn.coinafrique.com/categorie/vetements-enfants?page=1","Sous vêtements","Prix sur demande","Colobane, Dakar, Sénégal","https://images.coinafrique.com/thumb_5550798_uploaded_image1_1759251038.jpg"
"1771242957-1532","https://sn.coinafrique.com/categorie/vetements-enfants?page=1","Ensemble coton pour enfants de 3ans 7ans","4 000CFA","Colobane, Dakar, Sénégal","https://images.coinafrique.com/thumb_5549301_uploaded_image1_1759186593.jpg"
"1771242957-1533","https://sn.coinafrique.com/categorie/vetements-enfants?page=1","Lacoste coton pour enfants de 3ans à 16ans","3 500CFA","Colobane, Dakar, Sénégal","https://images.coinafrique.com/thumb_5549305_uploaded_image1_1759186714.jpg"
"1771242957-1534","https://sn.coinafrique.com/categorie/vetements-enfants?page=1","Pantalon jeans","Prix sur demande","Colobane, Dakar, Sénégal","https://images.coinafrique.com/thumb_5532285_uploaded_image1_1758208106.jpg"
"1771242957-1535","https://sn.coinafrique.com/categorie/vetements-enfants?page=1","Lacoste coton pour enfants","Prix sur demande","Colobane, Dakar, Sénégal","https://images.coinafrique.com/thumb_5532289_uploaded_image1_1758208206.jpg"
"1771242957-1536","https://sn.coinafrique.com/categorie/vetements-enfants?page=1","Vêtements enfants","Prix sur demande","Colobane, Dakar, Sénégal","https://images.coinafrique.com/thumb_5532267_uploaded_image1_1758207469.jpg"
"1771242957-1537","https://sn.coinafrique.com/categorie/vetements-enfants?page=1","Pantalon pour enfants","Prix sur demande","Colobane, Dakar, Sénégal","https://images.coinafrique.com/thumb_5532277_uploaded_image1_1758207853.jpg"
"1771242957-1538","https://sn.coinafrique.com/categorie/vetements-enfants?page=1","Short enfants","6 000CFA","Colobane, Dakar, Sénégal","https://images.coinafrique.com/thumb_5532259_uploaded_image1_1758207295.jpg"
"1771242957-1539","https://sn.coinafrique.com/categorie/vetements-enfants?page=1","Ensemble dêbadeur enfants","2 500CFA","Colobane, Dakar, Sénégal","https://images.coinafrique.com/thumb_5524248_uploaded_image1_1757797576.jpg"
"1771242957-1540","https://sn.coinafrique.com/categorie/vetements-enfants?page=1","Ensemble costume pour enfants","35 000CFA","Dakar, Sénégal","https://images.coinafrique.com/thumb_5528024_uploaded_image1_1758018544.jpg"
"1771242957-1541","https://sn.coinafrique.com/categorie/vetements-enfants?page=1","Pantalon  enfant","100 000 000CFA","Colobane, Dakar, Sénégal","https://images.coinafrique.com/thumb_5528006_uploaded_image1_1758017811.jpg"
"1771242957-1542","https://sn.coinafrique.com/categorie/vetements-enfants?page=1","Friperie enfants","Prix sur demande","Colobane, Dakar, Sénégal","https://images.coinafrique.com/thumb_5528003_uploaded_image1_1758017605.jpg"
"1771242957-1543","https://sn.coinafrique.com/categorie/vetements-enfants?page=1","Ensembles lacost pour garçon","3 000CFA","Mbao, Dakar, Sénégal","https://images.coinafrique.com/thumb_5524048_uploaded_image1_1757787175.jpg"
"1771242957-1544","https://sn.coinafrique.com/categorie/vetements-enfants?page=1","Vêtements pour enfants","3 500CFA","Mbao, Dakar, Sénégal","https://images.coinafrique.com/thumb_5520989_uploaded_image1_1757622885.jpg"
"1771242957-1545","https://sn.coinafrique.com/categorie/vetements-enfants?page=1","Vêtements pour enfants","4 000CFA","Mbao, Dakar, Sénégal","https://images.coinafrique.com/thumb_5520983_uploaded_image1_1757622690.jpg"
"1771242957-1546","https://sn.coinafrique.com/categorie/vetements-enfants?page=1","Vêtements pour enfants","3 500CFA","Mbao, Dakar, Sénégal","https://images.coinafrique.com/thumb_5520979_uploaded_image1_1757622379.jpg"
"1771242957-1547","https://sn.coinafrique.com/categorie/vetements-enfants?page=1","Vêtements pour enfants","3 500CFA","Mbao, Dakar, Sénégal","https://images.coinafrique.com/thumb_5520806_uploaded_image1_1757613666.jpg"
"1771242957-1548","https://sn.coinafrique.com/categorie/vetements-enfants?page=1","Ensemble bas-large","6 000CFA","Medina, Dakar, Sénégal","https://images.coinafrique.com/thumb_5478990_uploaded_image1_1755394245.jpg"
"1771242957-1549","https://sn.coinafrique.com/categorie/vetements-enfants?page=1","Robe nuafna mélange géginer","10 000CFA","Fass, Dakar, Sénégal","https://images.coinafrique.com/thumb_5427239_uploaded_image1_1752708596.jpg"
"1771242957-1550","https://sn.coinafrique.com/categorie/vetements-enfants?page=1","Vêtements d'été pour fille","3 500CFA","Mbao, Dakar, Sénégal","https://images.coinafrique.com/thumb_5428559_uploaded_image1_1752775679.jpg"
"1771242957-1551","https://sn.coinafrique.com/categorie/vetements-enfants?page=1","Djalabé pour enfants","10 000CFA","Colobane, Dakar, Sénégal","https://images.coinafrique.com/thumb_5374426_uploaded_image1_1749913743.jpg"
"1771242957-1552","https://sn.coinafrique.com/categorie/vetements-enfants?page=1","Vêtements enfants","3 500CFA","Sicap Liberté, Dakar, Sénégal","https://images.coinafrique.com/thumb_5411543_uploaded_image1_1751909046.jpg"
"1771242957-1553","https://sn.coinafrique.com/categorie/vetements-enfants?page=1","Ensemble pour jeune fille","10 000CFA","Dakar, Sénégal","https://images.coinafrique.com/thumb_5365674_uploaded_image1_1749416491.jpg"
"1771242957-1554","https://sn.coinafrique.com/categorie/vetements-enfants?page=1","Robe enfant","7 000CFA","Dakar, Sénégal","https://images.coinafrique.com/thumb_5364583_uploaded_image1_1749330317.jpg"
"1771242957-1555","https://sn.coinafrique.com/categorie/vetements-enfants?page=1","Robe enfant","8 000CFA","Dakar, Sénégal","https://images.coinafrique.com/thumb_5364552_uploaded_image1_1749328164.jpg"
"1771242957-1556","https://sn.coinafrique.com/categorie/vetements-enfants?page=1","Ensemble short enfant","8 000CFA","Dakar, Sénégal","https://images.coinafrique.com/thumb_5364545_uploaded_image1_1749327684.jpg"
"1771242957-1557","https://sn.coinafrique.com/categorie/vetements-enfants?page=1","Robe pour enfants","7 000CFA","Colobane, Dakar, Sénégal","https://images.coinafrique.com/thumb_5344465_uploaded_image1_1748167330.jpg"
"1771242957-1558","https://sn.coinafrique.com/categorie/vetements-enfants?page=1","Robe","10 000CFA","Colobane, Dakar, Sénégal","https://images.coinafrique.com/thumb_5344473_uploaded_image1_1748167713.jpg"
"1771242957-1559","https://sn.coinafrique.com/categorie/vetements-enfants?page=1","Polo Lacoste pour enfants","4 000CFA","Colobane, Dakar, Sénégal","https://images.coinafrique.com/thumb_5344468_uploaded_image1_1748167535.jpg"
"1771242957-1560","https://sn.coinafrique.com/categorie/vetements-enfants?page=1","Emsemble pour enfants 3 pièces","8 000CFA","Colobane, Dakar, Sénégal","https://images.coinafrique.com/thumb_5344462_uploaded_image1_1748167236.jpg"
"1771242957-1561","https://sn.coinafrique.com/categorie/vetements-enfants?page=1","Ensemble pour enfants de 1ans à 3ans","7 000CFA","Colobane, Dakar, Sénégal","https://images.coinafrique.com/thumb_5342641_uploaded_image1_1748035425.jpg"
"1771242957-1562","https://sn.coinafrique.com/categorie/vetements-enfants?page=1","Ensemble pour enfants de 2ans a 12ans","7 000CFA","Colobane, Dakar, Sénégal","https://images.coinafrique.com/thumb_5342643_uploaded_image1_1748035562.jpg"
"1771242957-1563","https://sn.coinafrique.com/categorie/vetements-enfants?page=1","Ensemble pour enfants de 2ans a 6ans coton","7 000CFA","Colobane, Dakar, Sénégal","https://images.coinafrique.com/thumb_5342650_uploaded_image1_1748035854.jpg"
"1771242957-1564","https://sn.coinafrique.com/categorie/vetements-enfants?page=1","Ensemble pour enfants de 3ans jusqu'à 8ans","7 000CFA","Colobane, Dakar, Sénégal","https://images.coinafrique.com/thumb_5342638_uploaded_image1_1748035029.jpg"
"1771242957-1565","https://sn.coinafrique.com/categorie/vetements-enfants?page=1","Ensemble pour enfants 6mois à 4ans","4 000CFA","Colobane, Dakar, Sénégal","https://images.coinafrique.com/thumb_5342633_uploaded_image1_1748034778.jpg"
"1771242957-1566","https://sn.coinafrique.com/categorie/vetements-enfants?page=1","Ensemble pour enfants coton","7 000CFA","Colobane, Dakar, Sénégal","https://images.coinafrique.com/thumb_5342628_uploaded_image1_1748034550.jpg"
"1771242957-1567","https://sn.coinafrique.com/categorie/vetements-enfants?page=1","Survêtement coton pour enfants","1 500CFA","Colobane, Dakar, Sénégal","https://images.coinafrique.com/thumb_5342624_uploaded_image1_1748034284.jpg"
"1771242957-1568","https://sn.coinafrique.com/categorie/vetements-enfants?page=1","Ensemble bébé","Prix sur demande","HLM, Dakar, Sénégal","https://images.coinafrique.com/thumb_5385373_uploaded_image1_1750509886.51.jpeg"
"1771242957-1569","https://sn.coinafrique.com/categorie/vetements-enfants?page=1","Ensemble enfant","Prix sur demande","HLM, Dakar, Sénégal","https://images.coinafrique.com/thumb_5385364_uploaded_image1_1750509649.41.jpeg"
"1771242957-1570","https://sn.coinafrique.com/categorie/vetements-enfants?page=1","Ensemble pour bébé","Prix sur demande","HLM, Dakar, Sénégal","https://images.coinafrique.com/thumb_5385356_uploaded_image1_1750509151.08.jpeg"
"1771242957-1571","https://sn.coinafrique.com/categorie/vetements-enfants?page=1","Habillement enfant","4 000CFA","HLM, Dakar, Sénégal","https://images.coinafrique.com/thumb_5385294_uploaded_image1_1750506744.37.jpeg"
"1771242957-1572","https://sn.coinafrique.com/categorie/vetements-enfants?page=1","Ensemble pour enfants","8 000CFA","Colobane, Dakar, Sénégal","https://images.coinafrique.com/thumb_5328806_uploaded_image1_1747290315.jpg"
"1771242957-1573","https://sn.coinafrique.com/categorie/vetements-enfants?page=1","Robe enfant","Prix sur demande","Ouakam, Dakar, Sénégal","https://images.coinafrique.com/thumb_5336896_uploaded_image1_1747744426.jpg"
"1771242957-1574","https://sn.coinafrique.com/categorie/vetements-enfants?page=1","Emsemble coton","7 000CFA","Colobane, Dakar, Sénégal","https://images.coinafrique.com/thumb_5290112_uploaded_image1_1745150419.jpg"
"1771242957-1575","https://sn.coinafrique.com/categorie/vetements-enfants?page=1","Emsemble  Coton","6 000CFA","Colobane, Dakar, Sénégal","https://images.coinafrique.com/thumb_5289213_uploaded_image1_1745070585.jpg"
"1771242957-1576","https://sn.coinafrique.com/categorie/vetements-enfants?page=1","Vetements et accéssoires pour bébé","Prix sur demande","Colobane, Dakar, Sénégal","https://images.coinafrique.com/thumb_5281282_uploaded_image1_1744639610.jpg"
"1771242957-1577","https://sn.coinafrique.com/categorie/vetements-enfants?page=1","Gamme et vetement pour bébé","Prix sur demande","Colobane, Dakar, Sénégal","https://images.coinafrique.com/thumb_5281278_uploaded_image1_1744639447.jpg"
"1771242957-1578","https://sn.coinafrique.com/categorie/vetements-enfants?page=1","Brassière kids","3 000CFA","Dakar, Sénégal","https://images.coinafrique.com/thumb_5321500_uploaded_image1_1746889004.jpg"
"1771242957-1579","https://sn.coinafrique.com/categorie/vetements-enfants?page=1","Vetement enfant","Prix sur demande","Dakar, Sénégal","https://images.coinafrique.com/thumb_5312820_uploaded_image1_1746452801.jpg"
"1771242957-1580","https://sn.coinafrique.com/categorie/vetements-enfants?page=1","Ensemble pour enfants","6 000CFA","Diamalaye 1, Dakar, Sénégal","https://images.coinafrique.com/thumb_5309005_uploaded_image1_1746217976.jpg"
"1771242957-1581","https://sn.coinafrique.com/categorie/vetements-enfants?page=1","Ensemble enfants","6 000CFA","Diamalaye 1, Dakar, Sénégal","https://images.coinafrique.com/thumb_5309001_uploaded_image1_1746217790.jpg"
"1771242957-1582","https://sn.coinafrique.com/categorie/vetements-enfants?page=1","Ensemble pour enfants","6 000CFA","Diamalaye 1, Dakar, Sénégal","https://images.coinafrique.com/thumb_5308995_uploaded_image1_1746217632.jpg"
"1771242957-1583","https://sn.coinafrique.com/categorie/vetements-enfants?page=1","Chemise enfants","15 000CFA","Fass, Dakar, Sénégal","https://images.coinafrique.com/thumb_5263591_uploaded_image1_1743688903.jpg"
"1771242957-1584","https://sn.coinafrique.com/categorie/vetements-enfants?page=1","Abaya pour Anfna","10 000CFA","Fass, Dakar, Sénégal","https://images.coinafrique.com/thumb_5263587_uploaded_image1_1743688774.jpg"
"1771242957-1585","https://sn.coinafrique.com/categorie/vetements-enfants?page=1","Djalaba","7 500CFA","Fass, Dakar, Sénégal","https://images.coinafrique.com/thumb_5257015_uploaded_image1_1743325512.jpg"
"1771242957-1586","https://sn.coinafrique.com/categorie/vetements-enfants?page=1","Sous vetement enfant","1 000CFA","Fass, Dakar, Sénégal","https://images.coinafrique.com/thumb_5256504_uploaded_image1_1743272005.jpg"
"1771242957-1587","https://sn.coinafrique.com/categorie/vetements-enfants?page=1","Robe Afne","15 000CFA","Fass, Dakar, Sénégal","https://images.coinafrique.com/thumb_5243665_uploaded_image1_1742560242.jpg"
"1771242957-1588","https://sn.coinafrique.com/categorie/vetements-enfants?page=1","Robes enfant","Prix sur demande","Fass, Dakar, Sénégal","https://images.coinafrique.com/thumb_5283049_uploaded_image1_1744729140.jpg"
"1771242957-1589","https://sn.coinafrique.com/categorie/vetements-enfants?page=1","Robes enfant","Prix sur demande","Fass, Dakar, Sénégal","https://images.coinafrique.com/thumb_5283005_uploaded_image1_1744727750.jpg"
"1771242957-1590","https://sn.coinafrique.com/categorie/vetements-enfants?page=1","Dialaba  2 pièces","7 000CFA","Colobane, Dakar, Sénégal","https://images.coinafrique.com/thumb_5233364_uploaded_image1_1742035732.jpg"
"1771242957-1591","https://sn.coinafrique.com/categorie/vetements-enfants?page=1","Dialab","15 000CFA","Colobane, Dakar, Sénégal","https://images.coinafrique.com/thumb_5228687_uploaded_image1_1741791237.jpg"
"1771242957-1592","https://sn.coinafrique.com/categorie/vetements-enfants?page=1","Dialab 3 pièces  3ans jusqua 16ans","12 000CFA","Colobane, Dakar, Sénégal","https://images.coinafrique.com/thumb_5228280_uploaded_image1_1741779191.jpg"
"1771242957-1593","https://sn.coinafrique.com/categorie/vetements-enfants?page=1","Dialab pour enfant de 1ans jusqua 16ans","10 000CFA","Colobane, Dakar, Sénégal","https://images.coinafrique.com/thumb_5227274_uploaded_image1_1741722024.jpg"
"1771242957-1594","https://sn.coinafrique.com/categorie/vetements-enfants?page=1","Dialab enfant 3pièces","12 000CFA","Colobane, Dakar, Sénégal","https://images.coinafrique.com/thumb_5227233_uploaded_image1_1741720597.jpg"
"1771242957-1595","https://sn.coinafrique.com/categorie/vetements-enfants?page=1","Ensemble dialab enfants 3pièces","15 000CFA","Colobane, Dakar, Sénégal","https://images.coinafrique.com/thumb_5214607_uploaded_image1_1741112466.jpg"
"1771242957-1596","https://sn.coinafrique.com/categorie/vetements-enfants?page=1","Ensemble dialab pour enfant de 3ans jusqua 16ans","7 000CFA","Colobane, Dakar, Sénégal","https://images.coinafrique.com/thumb_5214582_uploaded_image1_1741111696.jpg"
